"Submit_ID","Brand_Reg","Model_No","screensize","Screen_Tech","Avg_mode_power","Star","Availability Status","Star2","new column","screensize_inches","Screen_Size_Category"
136372,"HISENSE","65A7G",163.896,"LCD (LED)",107.54,"N/A","Available",5,"HISENSE",64.5259842519685,"65-inch"
136391,"HISENSE","50A7G",125.731,"LCD (LED)",61.76,"N/A","Available",5.5,"HISENSE",49.5003937007874,"Other"
136407,"HISENSE","55A7G",138.783,"LCD (LED)",75.31,"N/A","Available",5.5,"HISENSE",54.63897637795275,"Other"
136650,"HISENSE","32A4G",80.04,"LCD (LED)",25.93,"N/A","Available",6,"HISENSE",31.511811023622048,"32-inch"
136653,"HISENSE","55U7G",138.548,"LCD (LED)",96.71,"N/A","Available",4.5,"HISENSE",54.54645669291339,"Other"
136722,"HISENSE","75A7G",189.274,"LCD (LED)",125.66,"N/A","Available",5.5,"HISENSE",74.51732283464567,"Other"
136903,"SAMSUNG ELECTRONICS","QA65QN700AW",163.829,"LCD (LED)",220,"N/A","Available",2.5,"SAMSUNG ELECTRONICS",64.4996062992126,"65-inch"
136903,"SAMSUNG ELECTRONICS","QA65QN700AS",163.829,"LCD (LED)",220,"N/A","Available",2.5,"SAMSUNG ELECTRONICS",64.4996062992126,"65-inch"
136903,"SAMSUNG ELECTRONICS","QA65QN700A",163.829,"LCD (LED)",220,"N/A","Available",2.5,"SAMSUNG ELECTRONICS",64.4996062992126,"65-inch"
136914,"SAMSUNG ELECTRONICS","QA75QN700AW",189.306,"LCD (LED)",242,"N/A","Available",3,"SAMSUNG ELECTRONICS",74.52992125984252,"Other"
136914,"SAMSUNG ELECTRONICS","QA75QN700AS",189.306,"LCD (LED)",242,"N/A","Available",3,"SAMSUNG ELECTRONICS",74.52992125984252,"Other"
136914,"SAMSUNG ELECTRONICS","QA75QN700A",189.306,"LCD (LED)",242,"N/A","Available",3,"SAMSUNG ELECTRONICS",74.52992125984252,"Other"
136962,"HISENSE","75U7G",189.34,"LCD (LED)",173.3,"N/A","Available",4.5,"HISENSE",74.54330708661418,"Other"
136970,"PHILIPS","55HFL2899T/79",138.783,"LCD (LED)",57,"N/A","Available",6,"PHILIPS",54.63897637795275,"Other"
137016,"PHILIPS","65HFL2899T/79",163.896,"LCD (LED)",70.4,"N/A","Available",7,"PHILIPS",64.5259842519685,"65-inch"
137043,"HISENSE","55U8G",138.783,"LCD (LED)",111.93,"N/A","Available",3.5,"HISENSE",54.63897637795275,"Other"
137047,"Linsar","LS70UHDNF",176.563,"LCD (LED)",111.08,"N/A","Available",6,"LINSAR",69.51299212598424,"Other"
137053,"HISENSE","65U8G",163.896,"LCD",151.23,"N/A","Available",3.5,"HISENSE",64.5259842519685,"65-inch"
137088,"FURRION","FDFD24A0D",60.468,"LCD",22,"N/A","Available",5,"FURRION",23.806299212598425,"Other"
137098,"HISENSE","75U90G",189.34,"LCD (LED)",284.19,"N/A","Available",2,"HISENSE",74.54330708661418,"Other"
137162,"CHiQ","U50G7H",125.725,"LCD (LED)",72,"N/A","Available",5,"CHIQ",49.49803149606299,"Other"
137163,"CHiQ","U55G7H",138.711,"LCD (LED)",95,"N/A","Available",4.5,"CHIQ",54.61062992125985,"Other"
137164,"CHiQ","U65G7H",163.829,"LCD (LED)",138,"N/A","Available",4.5,"CHIQ",64.4996062992126,"65-inch"
137166,"HISENSE","65U7G",163.896,"LCD (LED)",119.45,"N/A","Available",4.5,"HISENSE",64.5259842519685,"65-inch"
137205,"HISENSE","43A7G",107.986,"LCD (LED)",57.75,"N/A","Available",4.5,"HISENSE",42.51417322834646,"Other"
137247,"LG","70UP8050PVB",176.564,"LCD (LED)",153,"N/A","Available",4.5,"LG",69.51338582677165,"Other"
137248,"LG","32LT662MBTB",80.043,"LCD (LED)",33,"N/A","Available",5,"LG",31.512992125984255,"32-inch"
137271,"HISENSE","40A4G",100.332,"LCD (LED)",31.27,"N/A","Available",6,"HISENSE",39.5007874015748,"Other"
137363,"HISENSE","85U7G",214.783,"LCD (LED)",227.42,"N/A","Available",4,"HISENSE",84.56023622047243,"Other"
137382,"EKO","K75USG",189.442,"LCD (LED)",191.4,"N/A","Available",4,"EKO",74.58346456692914,"Other"
137382,"EKO","K750USG",189.442,"LCD (LED)",191.4,"N/A","Available",4,"EKO",74.58346456692914,"Other"
137383,"EKO","K550USG",138.897,"LCD (LED)",72.3,"N/A","Available",6,"EKO",54.68385826771653,"Other"
137506,"kogan","KALED32RH9210STB",79.967,"LCD (LED)",28,"N/A","Available",6,"KOGAN",31.48307086614173,"32-inch"
137506,"kogan","KALED32RH9220STB",79.967,"LCD (LED)",28,"N/A","Available",6,"KOGAN",31.48307086614173,"32-inch"
137536,"HISENSE","85U8G",214.783,"LCD (LED)",228.29,"N/A","Available",4,"HISENSE",84.56023622047243,"Other"
137550,"JVC","AV-HQ507115A",125.731,"LCD (LED)",56.97,"N/A","Available",5,"JVC",49.5003937007874,"Other"
137492,"CAIXUN","LE-32K1",80.19,"LCD",25.21,"N/A","Available",6,"CAIXUN",31.57086614173228,"32-inch"
137492,"CAIXUN","LE-32S1",80.19,"LCD",25.21,"N/A","Available",6,"CAIXUN",31.57086614173228,"32-inch"
137492,"CAIXUN","LE-32F2",80.19,"LCD",25.21,"N/A","Available",6,"CAIXUN",31.57086614173228,"32-inch"
137492,"CAIXUN","LE-32K1, LE-32S1, LE-32F2",80.19,"LCD",25.21,"N/A","Available",6,"CAIXUN",31.57086614173228,"32-inch"
137575,"CAIXUN","LE-43N1",107.988,"LCD",59.24,"N/A","Available",4.5,"CAIXUN",42.51496062992126,"Other"
137575,"CAIXUN","LE-43F2",107.988,"LCD",59.24,"N/A","Available",4.5,"CAIXUN",42.51496062992126,"Other"
137575,"CAIXUN","LE-43S1",107.988,"LCD",59.24,"N/A","Available",4.5,"CAIXUN",42.51496062992126,"Other"
137575,"CAIXUN","LE-43N1, LE-43F2, LE-43S1",107.988,"LCD",59.24,"N/A","Available",4.5,"CAIXUN",42.51496062992126,"Other"
137578,"CAIXUN","LE-40N1",100.266,"LCD",38.82,"N/A","Available",5.5,"CAIXUN",39.4748031496063,"Other"
137578,"CAIXUN","LE-40F2",100.266,"LCD",38.82,"N/A","Available",5.5,"CAIXUN",39.4748031496063,"Other"
137578,"CAIXUN","LE-40S1",100.266,"LCD",38.82,"N/A","Available",5.5,"CAIXUN",39.4748031496063,"Other"
137578,"CAIXUN","LE-40N1, LE-40F2, LE-40S1",100.266,"LCD",38.82,"N/A","Available",5.5,"CAIXUN",39.4748031496063,"Other"
137608,"JVC","AV-HQ557115A",138.783,"LCD (LED)",63.94,"N/A","Available",5,"JVC",54.63897637795275,"Other"
137622,"PHILIPS","19HFL5014W/12",47.013,"LCD (LED)",14.61,"N/A","Available",5,"PHILIPS",18.509055118110236,"Other"
137622,"PHILIPS","19HFL5114W/12",47.013,"LCD (LED)",14.61,"N/A","Available",5,"PHILIPS",18.509055118110236,"Other"
137678,"LG","43UR640S0TD",107.987,"LCD (LED)",79,"N/A","Available",3.5,"LG",42.514566929133856,"Other"
137679,"LG","50UR640S0TD",125.727,"LCD (LED)",95,"N/A","Available",4,"LG",49.4988188976378,"Other"
137680,"LG","55UR640S0TD",138.783,"LCD (LED)",113,"N/A","Available",4,"LG",54.63897637795275,"Other"
137681,"LG","65UR640S0TD",163.897,"LCD (LED)",156,"N/A","Available",4,"LG",64.52637795275591,"65-inch"
137682,"LG","75UR640S0TD",189.275,"LCD (LED)",180,"N/A","Available",4.5,"LG",74.51771653543307,"Other"
137683,"LG","86UR640S0TD",217.425,"LCD (LED)",241,"N/A","Available",4.5,"LG",85.60039370078741,"Other"
137725,"LOEWE","BILD v.65",163.878,"OLED",135,"N/A","Available",4.5,"LOEWE",64.51889763779526,"65-inch"
137740,"TOSHIBA","50C350KP",125.731,"LCD (LED)",66.16,"N/A","Available",5,"TOSHIBA",49.5003937007874,"Other"
137744,"TOSHIBA","43C350KP",107.986,"LCD (LED)",63.45,"N/A","Available",4,"TOSHIBA",42.51417322834646,"Other"
137749,"TOSHIBA","55C350KP",138.783,"LCD (LED)",81.49,"N/A","Available",5,"TOSHIBA",54.63897637795275,"Other"
137751,"TOSHIBA","65C350KP",163.896,"LCD (LED)",107.27,"N/A","Available",5,"TOSHIBA",64.5259842519685,"65-inch"
137868,"VEON","VN50U22021",125.731,"LCD (LED)",93.82,"N/A","Available",3.5,"VEON",49.5003937007874,"Other"
137949,"LG","65QNED91TPA",163.897,"LCD (LED)",120,"N/A","Available",5,"LG",64.52637795275591,"65-inch"
137950,"LG","65QNED96TPA",163.897,"LCD (LED)",164,"N/A","Available",3.5,"LG",64.52637795275591,"65-inch"
137951,"LG","65QNED99TPB",163.897,"LCD (LED)",220,"N/A","Available",2.5,"LG",64.52637795275591,"65-inch"
137962,"BAUHN","ATV75UHDW-0621",189.273,"LCD (LED)",106.97,"N/A","Available",6,"BAUHN",74.51692913385827,"Other"
138090,"JVC","AV-HQ657115A",163.897,"LCD (LED)",91.7,"N/A","Available",5,"JVC",64.52637795275591,"65-inch"
138101,"TEAC","LE70L521",176.57,"LCD (LED)",149.34,"N/A","Available",4.5,"TEAC",69.51574803149606,"Other"
138118,"EKO","K650USG",163.791,"LCD (LED)",134.4,"N/A","Available",4,"EKO",64.48464566929134,"65-inch"
138150,"EKO","K700USG",176.505,"LCD (LED)",160,"N/A","Available",4,"EKO",69.49015748031496,"Other"
138186,"EKO","K85USW",214.637,"LCD (LED)",305.2,"N/A","Available",3,"EKO",84.5027559055118,"Other"
138187,"BLAUPUNKT","BP50WOS",125.727,"LCD (LED)",78.3,"N/A","Available",4.5,"BLAUPUNKT",49.4988188976378,"Other"
138188,"EKO","K58USW",146.059,"LCD (LED)",102.9,"N/A","Available",4.5,"EKO",57.50354330708661,"Other"
138443,"SAMSUNG ELECTRONICS","QA65LS01TAW",163.829,"LCD (LED)",125,"N/A","Available",5,"SAMSUNG ELECTRONICS",64.4996062992126,"65-inch"
138443,"SAMSUNG ELECTRONICS","QA65LS01TAS",163.829,"LCD (LED)",125,"N/A","Available",5,"SAMSUNG ELECTRONICS",64.4996062992126,"65-inch"
138457,"Kogan","KALED70UN8910SGA",176.564,"LCD",140.1,"N/A","Available",5,"KOGAN",69.51338582677165,"Other"
138574,"HISENSE","75U8G",189.274,"LCD (LED)",169.86,"N/A","Available",4.5,"HISENSE",74.51732283464567,"Other"
138575,"VEON","VN55WOS2021",138.783,"LCD (LED)",104.9,"N/A","Available",4,"VEON",54.63897637795275,"Other"
138576,"VEON","VN58U22021N",146.13,"LCD (LED)",115.41,"N/A","Available",4,"VEON",57.531496062992126,"Other"
138617,"SAMSUNG ELECTRONICS","QA55QN700AS",138.711,"LCD (LED)",198,"N/A","Available",1.5,"SAMSUNG ELECTRONICS",54.61062992125985,"Other"
138623,"EKO","K65USW",163.888,"LCD (LED)",127.8,"N/A","Available",4.5,"EKO",64.52283464566929,"65-inch"
138660,"Gorilla","GSTV42TV1",105.348,"LCD (LED)",43,"N/A","Available",6,"GORILLA",41.4755905511811,"Other"
138766,"Gorilla","GSTV32TV3",79.967,"LCD (LED)",28,"N/A","Available",6,"GORILLA",31.48307086614173,"32-inch"
138861,"KONIC","KUD65MD686AS2",163.896,"LCD",122.59,"8.0","Available",5,"KONIC",64.5259842519685,"65-inch"
138937,"SHARP","8T-C70DW1X",176.586,"LCD (LED)",178,"N/A","Available",4,"SHARP",69.5220472440945,"Other"
138939,"SHARP","4T-C70CK3X",176.815,"LCD (LED)",157.82,"N/A","Available",4.5,"SHARP",69.61220472440945,"Other"
138941,"SHARP","4T-C60CK1X",152.663,"LCD (LED)",128.8,"N/A","Available",4,"SHARP",60.10354330708662,"Other"
138942,"SHARP","2T-C32BG1X",80.034,"LCD (LED)",33.52,"N/A","Available",5,"SHARP",31.50944881889764,"32-inch"
138959,"CHiQ","L32G7H",79.967,"LCD (LED)",28,"N/A","Available",6,"CHIQ",31.48307086614173,"32-inch"
138960,"CHiQ","U43G7H",107.863,"LCD (LED)",65,"N/A","Available",4.5,"CHIQ",42.46574803149606,"Other"
139006,"BAUHN","ATV65UHDW-1021",163.896,"LCD (LED)",95.274,"N/A","Available",6,"BAUHN",64.5259842519685,"65-inch"
139111,"SAMSUNG ELECTRONICS","QA85LS03AAW",214.783,"LCD (LED)",225,"N/A","Available",4.5,"SAMSUNG ELECTRONICS",84.56023622047243,"Other"
139111,"SAMSUNG ELECTRONICS","QA85LS03AAS",214.783,"LCD (LED)",225,"N/A","Available",4.5,"SAMSUNG ELECTRONICS",84.56023622047243,"Other"
139113,"HISENSE","85U80G",214.783,"LCD (LED)",270.3,"N/A","Available",3.5,"HISENSE",84.56023622047243,"Other"
139121,"SAMSUNG ELECTRONICS","HG55Q60AAAW",138.711,"LCD (LED)",84,"N/A","Available",5,"SAMSUNG ELECTRONICS",54.61062992125985,"Other"
139124,"SAMSUNG ELECTRONICS","HG65Q60AAAW",163.829,"LCD (LED)",104,"N/A","Available",5.5,"SAMSUNG ELECTRONICS",64.4996062992126,"65-inch"
139126,"SAMSUNG ELECTRONICS","HG75Q60AAAW",189.306,"LCD (LED)",195,"N/A","Available",4,"SAMSUNG ELECTRONICS",74.52992125984252,"Other"
139219,"SAMSUNG ELECTRONICS","HG43Q60AAAW",107.95,"LCD (LED)",69,"N/A","Available",4,"SAMSUNG ELECTRONICS",42.5,"Other"
139223,"SAMSUNG ELECTRONICS","HG50Q60AAAW",125.725,"LCD (LED)",78,"N/A","Available",4.5,"SAMSUNG ELECTRONICS",49.49803149606299,"Other"
139282,"HISENSE","65U80G",163.896,"LCD (LED)",194.11,"N/A","Available",2.5,"HISENSE",64.5259842519685,"65-inch"
139131,"KOGAN","KALED19PRIZB",47.013,"LCD (LED)",16.1448,"N/A","Available",5,"KOGAN",18.509055118110236,"Other"
139597,"SAMSUNG ELECTRONICS","QA55Q60ABW",138.798,"LCD (LED)",88,"N/A","Available",5,"SAMSUNG ELECTRONICS",54.64488188976378,"Other"
139597,"SAMSUNG ELECTRONICS","QA55Q60ABS",138.798,"LCD (LED)",88,"N/A","Available",5,"SAMSUNG ELECTRONICS",54.64488188976378,"Other"
139598,"SAMSUNG ELECTRONICS","QA65Q60ABW",163.829,"LCD (LED)",117,"N/A","Available",5,"SAMSUNG ELECTRONICS",64.4996062992126,"65-inch"
139598,"SAMSUNG ELECTRONICS","QA65Q60ABS",163.829,"LCD (LED)",117,"N/A","Available",5,"SAMSUNG ELECTRONICS",64.4996062992126,"65-inch"
139600,"SAMSUNG ELECTRONICS","QA75Q60ABW",189.306,"LCD (LED)",155,"N/A","Available",5,"SAMSUNG ELECTRONICS",74.52992125984252,"Other"
139600,"SAMSUNG ELECTRONICS","QA75Q60ABS",189.306,"LCD (LED)",155,"N/A","Available",5,"SAMSUNG ELECTRONICS",74.52992125984252,"Other"
139602,"SAMSUNG ELECTRONICS","QA85Q60ABW",214.783,"LCD (LED)",176,"N/A","Available",5.5,"SAMSUNG ELECTRONICS",84.56023622047243,"Other"
139602,"SAMSUNG ELECTRONICS","QA85Q60ABS",214.783,"LCD (LED)",176,"N/A","Available",5.5,"SAMSUNG ELECTRONICS",84.56023622047243,"Other"
139606,"SAMSUNG ELECTRONICS","QA50Q60ABS",125.725,"LCD (LED)",82,"N/A","Available",4.5,"SAMSUNG ELECTRONICS",49.49803149606299,"Other"
139607,"SAMSUNG ELECTRONICS","QA43Q60ABS",107.95,"LCD (LED)",72,"N/A","Available",4,"SAMSUNG ELECTRONICS",42.5,"Other"
139689,"TOSHIBA","75C350KP",189.274,"LCD (LED)",131.33,"N/A","Available",5.5,"TOSHIBA",74.51732283464567,"Other"
139660,"SMTV","LED-43JIL0421-1",107.912,"LCD (LED)",50.909,"N/A","Available",5.5,"SMTV",42.485039370078745,"Other"
139699,"EKO","K400FSG",100.332,"LCD (LED)",41.5,"N/A","Available",5.5,"EKO",39.5007874015748,"Other"
139702,"JVC","LT-55N7125A",139.022,"LCD",106.02,"N/A","Available",3.5,"JVC",54.73307086614173,"Other"
139791,"AKAI","AK5821S6WOS",146.068,"LCD (LED)",76.37,"N/A","Available",6,"AKAI",57.50708661417323,"Other"
139792,"SHARP","2T-C42BG1X",105.415,"LCD (LED)",47.72,"N/A","Available",5.5,"SHARP",41.50196850393701,"Other"
139816,"AKAI","AK6521S6WOS",163.896,"LCD (LED)",92.66,"N/A","Available",6,"AKAI",64.5259842519685,"65-inch"
139901,"KONKA","KUD55WT808AN",138.783,"LCD (LED)",92.33,"8.0","Available",5,"KONKA",54.63897637795275,"Other"
139901,"KONKA","UDG55NR680ANTS",138.783,"LCD (LED)",92.33,"8.0","Available",5,"KONKA",54.63897637795275,"Other"
139901,"KONKA","55AN",138.783,"LCD (LED)",92.33,"8.0","Available",5,"KONKA",54.63897637795275,"Other"
139909,"HISENSE","85A7G",214.783,"LCD (LED)",172.02,"N/A","Available",5.5,"HISENSE",84.56023622047243,"Other"
139965,"SAMSUNG ELECTRONICS","UA70AU7000W",176.497,"LCD (LED)",135,"N/A","Available",5,"SAMSUNG ELECTRONICS",69.48700787401576,"Other"
139965,"SAMSUNG ELECTRONICS","UA70AU7000S",176.497,"LCD (LED)",135,"N/A","Available",5,"SAMSUNG ELECTRONICS",69.48700787401576,"Other"
139965,"SAMSUNG ELECTRONICS","UA70AU7000",176.497,"LCD (LED)",135,"N/A","Available",5,"SAMSUNG ELECTRONICS",69.48700787401576,"Other"
140034,"KONKA","UDG50NR680ANTS",125.731,"LCD (LED)",75.43,"8.0","Available",5,"KONKA",49.5003937007874,"Other"
140034,"KONKA","KUD50WT808AN",125.731,"LCD (LED)",75.43,"8.0","Available",5,"KONKA",49.5003937007874,"Other"
140034,"KONKA","50AN",125.731,"LCD (LED)",75.43,"8.0","Available",5,"KONKA",49.5003937007874,"Other"
140041,"METZ","65MXD9500A",164.249,"OLED",139.4,"N/A","Available",4,"METZ",64.66496062992125,"65-inch"
140042,"METZ","55MXD9500A",138.554,"OLED",103.3,"N/A","Available",4,"METZ",54.548818897637794,"Other"
140075,"SAMSUNG ELECTRONICS","UA40T6500AS",100.305,"LCD (LED)",59,"N/A","Available",4,"SAMSUNG ELECTRONICS",39.49015748031496,"Other"
140130,"PHILIPS","24HFL3011T/12",59.687,"LCD (LED)",17.38,"N/A","Available",6,"PHILIPS",23.498818897637793,"Other"
140286,"PHILIPS","43HFL5011T/12",108.037,"LCD (LED)",43.23,"N/A","Available",6,"PHILIPS",42.53425196850394,"Other"
140289,"PHILIPS","49HFL5011T/12",123.17,"LCD (LED)",47.37,"N/A","Available",7,"PHILIPS",48.49212598425197,"Other"
140292,"PHILIPS","55HFL5011T/12",138.935,"LCD (LED)",54.84,"N/A","Available",7,"PHILIPS",54.69881889763779,"Other"
140296,"PHILIPS","65HFL7111T/12",163.655,"LCD (LED)",131.3,"N/A","Available",4.5,"PHILIPS",64.43110236220473,"65-inch"
140297,"PHILIPS","55HFL7011T/12",138.798,"LCD (LED)",140.3,"N/A","Available",3,"PHILIPS",54.64488188976378,"Other"
140332,"SAMSUNG ELECTRONICS","QA98QN90AAW",247.691,"LCD (LED)",308,"N/A","Available",4.5,"SAMSUNG ELECTRONICS",97.51614173228346,"Other"
140332,"SAMSUNG ELECTRONICS","QA98QN90AAS",247.691,"LCD (LED)",308,"N/A","Available",4.5,"SAMSUNG ELECTRONICS",97.51614173228346,"Other"
140334,"EKO","K55USW",138.783,"LCD (LED)",84.82,"N/A","Available",5,"EKO",54.63897637795275,"Other"
140365,"AKAI","AK5021S6WOS",125.731,"LCD (LED)",55.35,"N/A","Available",6,"AKAI",49.5003937007874,"Other"
140373,"AKAI","AK7521S6WOS",189.273,"LCD (LED)",106.97,"N/A","Available",6,"AKAI",74.51692913385827,"Other"
140426,"TOSHIBA","55Z770KP",138.783,"LCD (LED)",103.48,"N/A","Available",4,"TOSHIBA",54.63897637795275,"Other"
140441,"EKO","K32HSW",80.039,"LCD (LED)",36.95,"N/A","Available",4.5,"EKO",31.511417322834646,"32-inch"
140455,"TOSHIBA","65Z770KP",163.896,"LCD (LED)",132.81,"N/A","Available",4.5,"TOSHIBA",64.5259842519685,"65-inch"
140475,"DGTEC","DG65UHDOS",163.897,"LCD (LED)",96.3,"N/A","Available",6,"DGTEC",64.52637795275591,"65-inch"
140494,"AKAI","AK7021S6WOS",176.592,"LCD",100.2,"N/A","Available",6,"AKAI",69.5244094488189,"Other"
140695,"BLAUPUNKT","BP65WOS",163.888,"LCD (LED)",127.8,"N/A","Available",4.5,"BLAUPUNKT",64.52283464566929,"65-inch"
140714,"Altius","AT24CFHD-BCF",59.774,"LCD (LED)",18,"N/A","Available",6,"ALTIUS",23.53307086614173,"Other"
140827,"MYVI","UR-LED2401DVD",60.319,"LCD",21.96,"N/A","Available",5,"MYVI",23.74763779527559,"Other"
140849,"Sharp","8T-C60DW1X",152.663,"LCD (LED)",138,"7.0","Available",4,"SHARP",60.10354330708662,"Other"
140924,"Altius","LS24C12V",59.774,"LCD (LED)",18,"N/A","Available",6,"ALTIUS",23.53307086614173,"Other"
140930,"HISENSE","50A6G",125.731,"LCD (LED)",67.65,"N/A","Available",5,"HISENSE",49.5003937007874,"Other"
140942,"EKO","K32HSW",80.054,"LCD (LED)",34.47,"N/A","Available",4.5,"EKO",31.517322834645668,"32-inch"
140943,"EKO","K320HSG",80.039,"LCD (LED)",25.92,"N/A","Available",5.5,"EKO",31.511417322834646,"32-inch"
140955,"HISENSE","58A6G",146.068,"LCD (LED)",80.04,"N/A","Available",5.5,"HISENSE",57.50708661417323,"Other"
140988,"HISENSE","75U9G",189.274,"LCD (LED)",167.08,"N/A","Available",4.5,"HISENSE",74.51732283464567,"Other"
140992,"JVC","JV75ID7A2021Q",189.268,"LCD (LED)",126,"7.0","Available",4,"JVC",74.51496062992126,"Other"
140994,"JVC","JV58ID7A2021UN",145.865,"LCD (LED)",105.8,"7.0","Available",4,"JVC",57.42716535433071,"Other"
141068,"HISENSE","65U9G",163.896,"LCD (LED)",152.07,"N/A","Available",3.5,"HISENSE",64.5259842519685,"65-inch"
141093,"HISENSE","70A6G",176.57,"LCD (LED)",106.02,"N/A","Available",6,"HISENSE",69.51574803149606,"Other"
141104,"LG","50UR765H0VA",125.727,"LCD (LED)",78,"N/A","Available",4.5,"LG",49.4988188976378,"Other"
141105,"LG","55UR765H0VA",138.783,"LCD (LED)",80,"N/A","Available",5.5,"LG",54.63897637795275,"Other"
141106,"LG","65UR765H0VD",163.897,"LCD (LED)",115,"N/A","Available",5,"LG",64.52637795275591,"65-inch"
141108,"LG","75UR765H0VD",189.275,"LCD (LED)",140,"N/A","Available",5.5,"LG",74.51771653543307,"Other"
141142,"VEON","VN50WOS2021",125.725,"LCD (LED)",92.8,"N/A","Available",3.5,"VEON",49.49803149606299,"Other"
141193,"KOGAN","KALED42RT9220SVA",105.415,"LCD (LED)",41.38,"N/A","Available",6,"KOGAN",41.50196850393701,"Other"
141284,"PHILIPS","50PUT7906/75",125.741,"LCD (LED)",93.12,"N/A","Available",3.5,"PHILIPS",49.50433070866141,"Other"
141284,"PHILIPS","50PUT7906/79",125.741,"LCD (LED)",93.12,"N/A","Available",3.5,"PHILIPS",49.50433070866141,"Other"
141291,"PHILIPS","70PUT7906/79",176.566,"LCD (LED)",146.3,"N/A","Available",4.5,"PHILIPS",69.51417322834645,"Other"
141291,"PHILIPS","70PUT7906/75",176.566,"LCD (LED)",146.3,"N/A","Available",4.5,"PHILIPS",69.51417322834645,"Other"
141293,"PHILIPS","65PUT7906/79",163.897,"LCD (LED)",128.4,"N/A","Available",4.5,"PHILIPS",64.52637795275591,"65-inch"
141293,"PHILIPS","65PUT7906/75",163.897,"LCD (LED)",128.4,"N/A","Available",4.5,"PHILIPS",64.52637795275591,"65-inch"
141305,"BLAUPUNKT","BP85WOS",214.783,"LCD",306.3,"N/A","Available",3,"BLAUPUNKT",84.56023622047243,"Other"
141307,"BLAUPUNKT","BP75WOS",189.321,"LCD",219,"N/A","Available",3.5,"BLAUPUNKT",74.53582677165355,"Other"
141325,"SMTV","55JIL0721-1",138.798,"LCD (LED)",94.22,"N/A","Available",4.5,"SMTV",54.64488188976378,"Other"
141325,"SMTV","LD55UDS-F1",138.798,"LCD (LED)",94.22,"N/A","Available",4.5,"SMTV",54.64488188976378,"Other"
141379,"SAMSUNG ELECTRONICS","UA43AU7002S",107.956,"LCD (LED)",64,"N/A","Available",4.5,"SAMSUNG ELECTRONICS",42.50236220472441,"Other"
141271,"KOGAN","KALED32RT9220SVA",80.039,"LCD (LED)",25.92,"N/A","Available",5.5,"KOGAN",31.511417322834646,"32-inch"
141237,"KOGAN","KALED24RT9220SVA",59.824,"LCD (LED)",17.74,"N/A","Available",5.5,"KOGAN",23.55275590551181,"Other"
141614,"SMTV","65JIL0721-1",163.791,"LCD (LED)",108.56,"N/A","Available",5.5,"SMTV",64.48464566929134,"65-inch"
141614,"SMTV","LD65UDS-F1",163.791,"LCD (LED)",108.56,"N/A","Available",5.5,"SMTV",64.48464566929134,"65-inch"
141620,"KOGAN","KALED75RT9220SVA",189.32,"LCD (LED)",208.8,"N/A","Available",4,"KOGAN",74.53543307086613,"Other"
141655,"PHILIPS","43HFL5214U/97",107.986,"LCD (LED)",51.04,"N/A","Available",5,"PHILIPS",42.51417322834646,"Other"
141655,"PHILIPS","43BFL2214/97",107.986,"LCD (LED)",51.04,"N/A","Available",5,"PHILIPS",42.51417322834646,"Other"
141656,"PHILIPS","75BFL2214/97",189.274,"LCD (LED)",111.72,"N/A","Available",6,"PHILIPS",74.51732283464567,"Other"
141658,"PHILIPS","55PUT7906/79",138.783,"LCD (LED)",105.46,"N/A","Available",4,"PHILIPS",54.63897637795275,"Other"
141658,"PHILIPS","55PUT7906/75",138.783,"LCD (LED)",105.46,"N/A","Available",4,"PHILIPS",54.63897637795275,"Other"
141716,"Polaroid","PL6521OS",163.896,"LCD (LED)",95.274,"N/A","Available",6,"POLAROID",64.5259842519685,"65-inch"
141748,"AKAI","AK3221S6WOS",80.054,"LCD (LED)",25.5,"N/A","Available",6,"AKAI",31.517322834645668,"32-inch"
141777,"EKO","K240HSG",59.824,"LCD (LED)",17.74,"N/A","Available",5.5,"EKO",23.55275590551181,"Other"
141784,"PHILIPS","50HFL5214U/97",125.741,"LCD (LED)",62.33,"N/A","Available",5.5,"PHILIPS",49.50433070866141,"Other"
141784,"PHILIPS","50BFL2214/97",125.741,"LCD (LED)",62.33,"N/A","Available",5.5,"PHILIPS",49.50433070866141,"Other"
141792,"PHILIPS","65HFL5214U/97",163.897,"LCD (LED)",94.45,"N/A","Available",5.5,"PHILIPS",64.52637795275591,"65-inch"
141792,"PHILIPS","65BFL2214/97",163.897,"LCD (LED)",94.45,"N/A","Available",5.5,"PHILIPS",64.52637795275591,"65-inch"
141806,"PHILIPS","55HFL5214U/97",138.783,"LCD (LED)",70.66,"N/A","Available",5.5,"PHILIPS",54.63897637795275,"Other"
141806,"PHILIPS","55BFL2214/97",138.783,"LCD (LED)",70.66,"N/A","Available",5.5,"PHILIPS",54.63897637795275,"Other"
141828,"VEON","VN55WOS2022",138.783,"LCD (LED)",105.9,"N/A","Available",4,"VEON",54.63897637795275,"Other"
142035,"BLAUPUNKT","BP650USG9500",163.896,"LCD",126.93,"N/A","Available",4.5,"BLAUPUNKT",64.5259842519685,"65-inch"
142036,"EKO","K40FSW",100.332,"LCD (LED)",54.5,"N/A","Available",4.5,"EKO",39.5007874015748,"Other"
142044,"Polaroid","PL3221OS",80.054,"LCD (LED)",25.5,"N/A","Available",6,"POLAROID",31.517322834645668,"32-inch"
142136,"SAMSUNG ELECTRONICS","QA55Q95TDW",138.783,"LCD (LED)",140,"N/A","Available",3,"SAMSUNG ELECTRONICS",54.63897637795275,"Other"
142136,"SAMSUNG ELECTRONICS","QA55Q95TDS",138.783,"LCD (LED)",140,"N/A","Available",3,"SAMSUNG ELECTRONICS",54.63897637795275,"Other"
142137,"SAMSUNG ELECTRONICS","QA65Q95TDW",163.897,"LCD (LED)",205,"N/A","Available",2.5,"SAMSUNG ELECTRONICS",64.52637795275591,"65-inch"
142137,"SAMSUNG ELECTRONICS","QA65Q95TDS",163.897,"LCD (LED)",205,"N/A","Available",2.5,"SAMSUNG ELECTRONICS",64.52637795275591,"65-inch"
142140,"SAMSUNG ELECTRONICS","QA75Q95TDW",189.338,"LCD (LED)",237,"N/A","Available",3,"SAMSUNG ELECTRONICS",74.54251968503937,"Other"
142151,"Panasonic","TH-32JS610Z",80.054,"LCD (LED)",28.33,"8.0","Available",5,"PANASONIC",31.517322834645668,"32-inch"
142153,"Panasonic","TH-43JS610Z",108.124,"LCD (LED)",38.85,"9.0","Available",6,"PANASONIC",42.56850393700787,"Other"
142168,"ShareTV","ST1922G",54.392,"LCD",28.1,"N/A","Available",3,"SHARETV",21.414173228346456,"Other"
142171,"kogan","KAQLED55XQ9610STA",138.711,"LCD",113,"N/A","Available",4,"KOGAN",54.61062992125985,"Other"
142174,"PHILIPS","55OLED706/75",138.783,"LCD (LED)",148,"N/A","Available",2.5,"PHILIPS",54.63897637795275,"Other"
142174,"PHILIPS","55OLED706/79",138.783,"LCD (LED)",148,"N/A","Available",2.5,"PHILIPS",54.63897637795275,"Other"
142181,"BLAUPUNKT","BP4000F",100.332,"LCD (LED)",57.3,"N/A","Available",4.5,"BLAUPUNKT",39.5007874015748,"Other"
142195,"VEON","VN40WOS2021",100.353,"LCD (LED)",47.3,"N/A","Available",5,"VEON",39.50905511811023,"Other"
142225,"PHILIPS","75PUT7906/79",189.275,"LCD (LED)",169.26,"N/A","Available",4.5,"PHILIPS",74.51771653543307,"Other"
142225,"PHILIPS","75PUT7906/75",189.275,"LCD (LED)",169.26,"N/A","Available",4.5,"PHILIPS",74.51771653543307,"Other"
142237,"EKO","K32HSW",80.039,"LCD (LED)",36.2,"N/A","Available",4.5,"EKO",31.511417322834646,"32-inch"
142382,"kogan","KALED43XT9610STA",107.95,"LCD",65,"N/A","Available",4.5,"KOGAN",42.5,"Other"
142395,"PHILIPS","65PML9506/79",163.897,"LCD (LED)",180,"N/A","Available",3,"PHILIPS",64.52637795275591,"65-inch"
142395,"PHILIPS","65PML9506/75",163.897,"LCD (LED)",180,"N/A","Available",3,"PHILIPS",64.52637795275591,"65-inch"
142402,"SAMSUNG ELECTRONICS","HG43AJ690YK",107.987,"LCD (LED)",69,"N/A","Available",4,"SAMSUNG ELECTRONICS",42.514566929133856,"Other"
142403,"SAMSUNG ELECTRONICS","HG55AJ690YK",138.783,"LCD (LED)",91,"N/A","Available",5,"SAMSUNG ELECTRONICS",54.63897637795275,"Other"
142408,"SAMSUNG ELECTRONICS","HG50AJ690YK",125.727,"LCD (LED)",85,"N/A","Available",4.5,"SAMSUNG ELECTRONICS",49.4988188976378,"Other"
142409,"SAMSUNG ELECTRONICS","HG65AJ690YK",163.897,"LCD (LED)",116,"N/A","Available",5,"SAMSUNG ELECTRONICS",64.52637795275591,"65-inch"
142410,"SAMSUNG ELECTRONICS","HG75AJ690YK",189.333,"LCD (LED)",154,"N/A","Available",5,"SAMSUNG ELECTRONICS",74.54055118110236,"Other"
142421,"SAMSUNG ELECTRONICS","UA50AU7002S",125.727,"LCD (LED)",71,"N/A","Available",5,"SAMSUNG ELECTRONICS",49.4988188976378,"Other"
141823,"WALTON","43D210N",109.275,"LCD (LED)",36.4,"N/A","Available",7,"WALTON",43.02165354330709,"Other"
141823,"WALTON","W43D210N",109.275,"LCD (LED)",36.4,"N/A","Available",7,"WALTON",43.02165354330709,"Other"
141823,"WALTON","W43D210NAU",109.275,"LCD (LED)",36.4,"N/A","Available",7,"WALTON",43.02165354330709,"Other"
142458,"EKO","K45FSW",116.809,"LCD",66.49,"N/A","Available",5,"EKO",45.98779527559055,"Other"
142461,"BLAUPUNKT","BP400FSG9200",100.305,"LCD",35.8,"N/A","Available",6,"BLAUPUNKT",39.49015748031496,"Other"
142463,"kogan","KAQLED75XQ9610STA",189.306,"LCD",182,"N/A","Available",4.5,"KOGAN",74.52992125984252,"Other"
142475,"PHILIPS","43HFL6214U/12",107.987,"LCD (LED)",53.2,"N/A","Available",5,"PHILIPS",42.514566929133856,"Other"
142478,"PHILIPS","50HFL6214U/12",125.741,"LCD (LED)",64.01,"N/A","Available",5,"PHILIPS",49.50433070866141,"Other"
142481,"PHILIPS","75HFL6214U/12",189.275,"LCD (LED)",109.86,"N/A","Available",6,"PHILIPS",74.51771653543307,"Other"
142508,"PHILIPS","75PML9506/79",189.274,"LCD (LED)",195,"N/A","Available",3.5,"PHILIPS",74.51732283464567,"Other"
142508,"PHILIPS","75PML9506/75",189.274,"LCD (LED)",195,"N/A","Available",3.5,"PHILIPS",74.51732283464567,"Other"
142509,"PHILIPS","58HFL6214U/12",146.068,"LCD (LED)",72.81,"N/A","Available",6,"PHILIPS",57.50708661417323,"Other"
142510,"PHILIPS","65HFL6214U/12",163.897,"LCD (LED)",94.36,"N/A","Available",5.5,"PHILIPS",64.52637795275591,"65-inch"
142563,"KOGAN","KALED24EH7520SVA",59.824,"LCD (LED)",18.4,"N/A","Available",5,"KOGAN",23.55275590551181,"Other"
142575,"MYVI","UR-LED2402NS",60.095,"LCD (LED)",20.12,"N/A","Available",5,"MYVI",23.659448818897637,"Other"
142636,"SAMSUNG ELECTRONICS","UA55AU7002S",138.783,"LCD (LED)",77,"N/A","Available",5.5,"SAMSUNG ELECTRONICS",54.63897637795275,"Other"
142241,"Caixun","LE-40V1",100.332,"LCD (LED)",38.92,"N/A","Available",6,"CAIXUN",39.5007874015748,"Other"
142654,"CHiQ","U75F8T",189.324,"LCD (LED)",138,"N/A","Available",5.5,"CHIQ",74.53700787401576,"Other"
142214,"Stan Cash","TV185CLEARA",46.787,"LCD (LED)",16.1569,"N/A","Available",5,"STAN CASH",18.42007874015748,"Other"
142661,"LG","65QNED916QA",163.897,"LCD (LED)",120,"N/A","Available",5,"LG",64.52637795275591,"65-inch"
142663,"kogan","KAQLED65XQ9610STA",163.829,"LCD",156,"N/A","Available",4,"KOGAN",64.4996062992126,"65-inch"
142691,"EKO","K58USG",146.068,"LCD",94.12,"N/A","Available",5,"EKO",57.50708661417323,"Other"
142701,"EKO","K75USW",189.274,"LCD",206.62,"N/A","Available",4,"EKO",74.51732283464567,"Other"
142703,"EKO","K700USG",176.538,"LCD",126.96,"N/A","Available",5.5,"EKO",69.50314960629922,"Other"
142704,"EKO","K70USW",176.538,"LCD",167.26,"N/A","Available",4,"EKO",69.50314960629922,"Other"
140784,"Shenzhen Xinchaoda Technology Co., Ltd","LEQ65W722",163.896,"LCD (LED)",100.64,"N/A","Available",6,"SHENZHEN XINCHAODA TECHNOLOGY CO., LTD",64.5259842519685,"65-inch"
142739,"Shenzhen Xinchaoda Technology Co., Ltd","LEQ55A722",138.783,"LCD (LED)",103.61,"N/A","Available",4.5,"SHENZHEN XINCHAODA TECHNOLOGY CO., LTD",54.63897637795275,"Other"
142745,"Shenzhen Xinchaoda Technology Co., Ltd","LEQ55W722",138.783,"LCD (LED)",98.45,"N/A","Available",4.5,"SHENZHEN XINCHAODA TECHNOLOGY CO., LTD",54.63897637795275,"Other"
142747,"Shenzhen Xinchaoda Technology Co., Ltd","LEQ65A722",163.896,"LCD (LED)",109.48,"N/A","Available",5.5,"SHENZHEN XINCHAODA TECHNOLOGY CO., LTD",64.5259842519685,"65-inch"
142796,"LG","50UR767H3VC",125.727,"LCD (LED)",78,"N/A","Available",4.5,"LG",49.4988188976378,"Other"
142797,"LG","55UR767H3VC",138.783,"LCD (LED)",101,"N/A","Available",4.5,"LG",54.63897637795275,"Other"
142798,"LG","65UR767H3VC",163.897,"LCD (LED)",118,"N/A","Available",5,"LG",64.52637795275591,"65-inch"
142807,"kogan","KALED40RF9220STB",100.305,"LCD (LED)",40,"N/A","Available",6,"KOGAN",39.49015748031496,"Other"
142807,"kogan","KALED40RF9210STB",100.305,"LCD (LED)",40,"N/A","Available",6,"KOGAN",39.49015748031496,"Other"
142810,"AKAI","AK6521S6WOS",163.896,"LCD (LED)",95.274,"N/A","Available",6,"AKAI",64.5259842519685,"65-inch"
142813,"Linsar","LS65UHDNF",163.896,"LCD (LED)",95.274,"N/A","Available",6,"LINSAR",64.5259842519685,"65-inch"
142849,"PHILIPS","19HFL5214W/12",47.013,"LCD (LED)",15.12,"N/A","Available",5,"PHILIPS",18.509055118110236,"Other"
142898,"JVC","LT-32N3115AM",79.744,"LCD",32.7,"N/A","Available",5,"JVC",31.39527559055118,"32-inch"
142970,"Sony","KD-43X75K",107.95,"LCD (LED)",70,"N/A","Available",4,"SONY",42.5,"Other"
142973,"Sony","KD-50X75K",125.725,"LCD (LED)",84,"N/A","Available",4.5,"SONY",49.49803149606299,"Other"
142983,"JVC","LT-42N5125A",105.396,"LCD",57.6,"N/A","Available",4.5,"JVC",41.494488188976376,"Other"
142985,"JVC","LT-55NQ7105AM",138.798,"LCD",100.2,"N/A","Available",4,"JVC",54.64488188976378,"Other"
142986,"JVC","LT-50NQ7115A",125.365,"LCD",84.4,"N/A","Available",4,"JVC",49.35629921259842,"Other"
143011,"KOGAN","KALED43RT9220SVA",107.987,"LCD (LED)",47.23,"N/A","Available",5.5,"KOGAN",42.514566929133856,"Other"
143011,"KOGAN","KALED43RT9220SVB",107.987,"LCD (LED)",47.23,"N/A","Available",5.5,"KOGAN",42.514566929133856,"Other"
143011,"KOGAN","KALED43RT9220SVC",107.987,"LCD (LED)",47.23,"N/A","Available",5.5,"KOGAN",42.514566929133856,"Other"
143011,"KOGAN","KALED43RT9220SVD",107.987,"LCD (LED)",47.23,"N/A","Available",5.5,"KOGAN",42.514566929133856,"Other"
143012,"KOGAN","KALED50RT9220SVA",125.731,"LCD (LED)",50.6,"N/A","Available",6,"KOGAN",49.5003937007874,"Other"
143012,"KOGAN","KALED50RT9220SVB",125.731,"LCD (LED)",50.6,"N/A","Available",6,"KOGAN",49.5003937007874,"Other"
143012,"KOGAN","KALED50RT9220SVC",125.731,"LCD (LED)",50.6,"N/A","Available",6,"KOGAN",49.5003937007874,"Other"
143012,"KOGAN","KALED50RT9220SVD",125.731,"LCD (LED)",50.6,"N/A","Available",6,"KOGAN",49.5003937007874,"Other"
143012,"KOGAN","LE-50series",125.731,"LCD (LED)",50.6,"N/A","Available",6,"KOGAN",49.5003937007874,"Other"
143013,"KOGAN","KAQLED55RQ9510SVA",138.783,"LCD (LED)",53.64,"N/A","Available",6,"KOGAN",54.63897637795275,"Other"
143013,"KOGAN","KAQLED55RQ9510SVB",138.783,"LCD (LED)",53.64,"N/A","Available",6,"KOGAN",54.63897637795275,"Other"
143013,"KOGAN","KAQLED55RQ9510SVC",138.783,"LCD (LED)",53.64,"N/A","Available",6,"KOGAN",54.63897637795275,"Other"
143013,"KOGAN","KAQLED55RQ9510SVD",138.783,"LCD (LED)",53.64,"N/A","Available",6,"KOGAN",54.63897637795275,"Other"
143014,"KOGAN","KALED58RT9220SVA",146.068,"LCD (LED)",65.21,"N/A","Available",6,"KOGAN",57.50708661417323,"Other"
143014,"KOGAN","KALED58RT9220SVB",146.068,"LCD (LED)",65.21,"N/A","Available",6,"KOGAN",57.50708661417323,"Other"
143014,"KOGAN","KALED58RT9220SVC",146.068,"LCD (LED)",65.21,"N/A","Available",6,"KOGAN",57.50708661417323,"Other"
143014,"KOGAN","KALED58RT9220SVD",146.068,"LCD (LED)",65.21,"N/A","Available",6,"KOGAN",57.50708661417323,"Other"
143014,"KOGAN","LE-58series",146.068,"LCD (LED)",65.21,"N/A","Available",6,"KOGAN",57.50708661417323,"Other"
143083,"BLAUPUNKT","BP3200HDV7100",80.039,"LCD",34.48,"N/A","Available",5,"BLAUPUNKT",31.511417322834646,"32-inch"
143013,"KOGAN","LE-55series",138.783,"LCD (LED)",53.64,"N/A","Available",6,"KOGAN",54.63897637795275,"Other"
143106,"KONIC","KKD32SG396A",80.04,"LCD (LED)",27.42,"9.0","Available",6,"KONIC",31.511811023622048,"32-inch"
143107,"Sony","KD-32W830K",80.054,"LCD (LED)",34.7,"N/A","Available",4.5,"SONY",31.517322834645668,"32-inch"
143109,"KONIC","KKD42SG378A",105.415,"LCD (LED)",46.99,"8.0","Available",5.5,"KONIC",41.50196850393701,"Other"
143110,"KONIC","KUD50SG696AS",125.731,"LCD (LED)",46.11,"10.0","Available",7,"KONIC",49.5003937007874,"Other"
143111,"KONIC","KUD55SG696AS",138.783,"LCD (LED)",57.97,"10.0","Available",7,"KONIC",54.63897637795275,"Other"
143112,"KONIC","KUD65SG696AS",163.896,"LCD (LED)",100.78,"9.0","Available",6,"KONIC",64.5259842519685,"65-inch"
143114,"KONIC","KUD75SG692AS",189.34,"LCD (LED)",153.24,"8.0","Available",5,"KONIC",74.54330708661418,"Other"
143011,"KOGAN","LE-43series",107.987,"LCD (LED)",47.23,"N/A","Available",5.5,"KOGAN",42.514566929133856,"Other"
143134,"KONKA","KUD75WT808AN",189.274,"LCD",161.64,"8.0","Available",5,"KONKA",74.51732283464567,"Other"
143136,"KOGAN","KALED40RT9220SVA",100.332,"LCD (LED)",34.52,"N/A","Available",6,"KOGAN",39.5007874015748,"Other"
143136,"KOGAN","KALED40RT9220SVB",100.332,"LCD (LED)",34.52,"N/A","Available",6,"KOGAN",39.5007874015748,"Other"
143136,"KOGAN","KALED40RT9220SVC",100.332,"LCD (LED)",34.52,"N/A","Available",6,"KOGAN",39.5007874015748,"Other"
143136,"KOGAN","KALED40RT9220SVD",100.332,"LCD (LED)",34.52,"N/A","Available",6,"KOGAN",39.5007874015748,"Other"
143136,"KOGAN","*****40*****",100.332,"LCD (LED)",34.52,"N/A","Available",6,"KOGAN",39.5007874015748,"Other"
143167,"LG","55UP801C0TB",138.783,"LCD (LED)",115,"N/A","Available",4,"LG",54.63897637795275,"Other"
143169,"LG","65UP801C0TB",163.897,"LCD (LED)",144,"N/A","Available",4,"LG",64.52637795275591,"65-inch"
143170,"Caixun","EC40V1FA",100.332,"LCD (LED)",34.52,"N/A","Available",6,"CAIXUN",39.5007874015748,"Other"
143170,"Caixun","LE-40T1",100.332,"LCD (LED)",34.52,"N/A","Available",6,"CAIXUN",39.5007874015748,"Other"
143170,"Caixun","LE-40T2",100.332,"LCD (LED)",34.52,"N/A","Available",6,"CAIXUN",39.5007874015748,"Other"
143170,"Caixun","LE-40T3",100.332,"LCD (LED)",34.52,"N/A","Available",6,"CAIXUN",39.5007874015748,"Other"
143170,"Caixun","LE-40V1",100.332,"LCD (LED)",34.52,"N/A","Available",6,"CAIXUN",39.5007874015748,"Other"
143170,"Caixun","LE-40V2",100.332,"LCD (LED)",34.52,"N/A","Available",6,"CAIXUN",39.5007874015748,"Other"
143170,"Caixun","LE-40V3",100.332,"LCD (LED)",34.52,"N/A","Available",6,"CAIXUN",39.5007874015748,"Other"
143170,"Caixun","*****40*****",100.332,"LCD (LED)",34.52,"N/A","Available",6,"CAIXUN",39.5007874015748,"Other"
143215,"BLAUPUNKT","BP2400HDV7100",59.824,"LCD (LED)",20.5,"N/A","Available",5,"BLAUPUNKT",23.55275590551181,"Other"
143234,"SAMSUNG ELECTRONICS","UA65AU7002S",163.896,"LCD (LED)",113,"N/A","Available",5.5,"SAMSUNG ELECTRONICS",64.5259842519685,"65-inch"
143237,"EKO","K430USGQ",107.987,"LCD",51.49,"N/A","Available",5.5,"EKO",42.514566929133856,"Other"
143238,"EKO","K75QHZ",189.34,"LCD",227.32,"N/A","Available",3.5,"EKO",74.54330708661418,"Other"
143239,"EKO","K750USG",189.274,"LCD",174.22,"N/A","Available",4.5,"EKO",74.51732283464567,"Other"
143240,"EKO","K500USG",125.731,"LCD",54.82,"N/A","Available",6,"EKO",49.5003937007874,"Other"
143272,"LG","65QNED91SQA",163.897,"LCD (LED)",120,"N/A","Available",5,"LG",64.52637795275591,"65-inch"
143273,"LG","75QNED91SQA",189.275,"LCD (LED)",158,"N/A","Available",5,"LG",74.51771653543307,"Other"
143274,"LG","75QNED916QA",189.275,"LCD (LED)",158,"N/A","Available",5,"LG",74.51771653543307,"Other"
143275,"LG","86QNED91SQA",217.425,"LCD (LED)",184,"N/A","Available",5.5,"LG",85.60039370078741,"Other"
143276,"LG","86QNED916QA",217.425,"LCD (LED)",184,"N/A","Available",5.5,"LG",85.60039370078741,"Other"
143277,"LG","OLED48A2PSA",120.721,"OLED",76,"N/A","Available",4.5,"LG",47.52795275590551,"Other"
143278,"LG","OLED55A2PSA",138.783,"OLED",86,"N/A","Available",5,"LG",54.63897637795275,"Other"
143279,"LG","OLED55A26LA",138.783,"OLED",86,"N/A","Available",5,"LG",54.63897637795275,"Other"
143280,"LG","OLED55B2PSA",138.783,"OLED",102,"N/A","Available",4.5,"LG",54.63897637795275,"Other"
143281,"LG","OLED55C2PSC",138.783,"OLED",95,"N/A","Available",4.5,"LG",54.63897637795275,"Other"
143282,"LG","OLED55C24LA",138.783,"OLED",95,"N/A","Available",4.5,"LG",54.63897637795275,"Other"
143283,"LG","OLED65A2PSA",163.897,"OLED",107,"N/A","Available",5.5,"LG",64.52637795275591,"65-inch"
143284,"LG","OLED65A26LA",163.897,"OLED",107,"N/A","Available",5.5,"LG",64.52637795275591,"65-inch"
143285,"LG","OLED65B2PSA",163.897,"OLED",126,"N/A","Available",5,"LG",64.52637795275591,"65-inch"
143286,"LG","OLED65C2PSC",163.897,"OLED",112,"N/A","Available",5.5,"LG",64.52637795275591,"65-inch"
143287,"LG","OLED65C24LA",163.897,"OLED",112,"N/A","Available",5.5,"LG",64.52637795275591,"65-inch"
143288,"LG","OLED77C2PSC",194.738,"OLED",140,"N/A","Available",6,"LG",76.66850393700787,"Other"
143289,"LG","OLED77C24LA",194.738,"OLED",140,"N/A","Available",6,"LG",76.66850393700787,"Other"
143290,"LG","OLED83C2PSA",209.585,"OLED",179,"N/A","Available",5.5,"LG",82.51377952755905,"Other"
143291,"LG","OLED83C24LA",209.585,"OLED",179,"N/A","Available",5.5,"LG",82.51377952755905,"Other"
143338,"BAUHN","ATV42FHDW-1221",105.396,"LCD",42.3,"N/A","Available",6,"BAUHN",41.494488188976376,"Other"
143415,"JVC","JV65ID7A2021QN",163.878,"LCD (LED)",160,"6.0","Available",3.5,"JVC",64.51889763779526,"65-inch"
143446,"LG","OLED42C2PSA",105.52,"OLED",63,"N/A","Available",4.5,"LG",41.54330708661417,"Other"
143447,"LG","OLED42C24LA",105.52,"OLED",63,"N/A","Available",4.5,"LG",41.54330708661417,"Other"
143448,"LG","OLED48C2PSA",120.721,"OLED",77,"N/A","Available",4.5,"LG",47.52795275590551,"Other"
143449,"LG","OLED48C24LA",120.721,"OLED",77,"N/A","Available",4.5,"LG",47.52795275590551,"Other"
143450,"LG","43NANO75SQA",107.987,"LCD (LED)",75,"N/A","Available",3.5,"LG",42.514566929133856,"Other"
143451,"LG","43NANO756QA",107.987,"LCD (LED)",75,"N/A","Available",3.5,"LG",42.514566929133856,"Other"
143454,"LG","43UQ75006LF",107.987,"LCD (LED)",77,"N/A","Available",3.5,"LG",42.514566929133856,"Other"
143455,"LG","50NANO75SQA",125.727,"LCD (LED)",90,"N/A","Available",4,"LG",49.4988188976378,"Other"
143457,"LG","50NANO756QA",125.727,"LCD (LED)",90,"N/A","Available",4,"LG",49.4988188976378,"Other"
143458,"LG","50QNED80SQA",125.727,"LCD (LED)",80,"N/A","Available",4.5,"LG",49.4988188976378,"Other"
143459,"LG","50QNED806QA",125.727,"LCD (LED)",80,"N/A","Available",4.5,"LG",49.4988188976378,"Other"
143460,"LG","50UQ80006LB",125.727,"LCD (LED)",78,"N/A","Available",4.5,"LG",49.4988188976378,"Other"
143462,"LG","55NANO75SQA",138.783,"LCD (LED)",114,"N/A","Available",4,"LG",54.63897637795275,"Other"
143463,"LG","55NANO756QA",138.783,"LCD (LED)",114,"N/A","Available",4,"LG",54.63897637795275,"Other"
143464,"LG","55QNED80SQA",138.783,"LCD (LED)",94,"N/A","Available",4.5,"LG",54.63897637795275,"Other"
143465,"LG","55QNED806QA",138.783,"LCD (LED)",94,"N/A","Available",4.5,"LG",54.63897637795275,"Other"
143466,"LG","55UQ80006LB",138.783,"LCD (LED)",98,"N/A","Available",4.5,"LG",54.63897637795275,"Other"
143467,"LG","65NANO75SQA",163.897,"LCD (LED)",144,"N/A","Available",4,"LG",64.52637795275591,"65-inch"
143469,"LG","65NANO756QA",163.897,"LCD (LED)",144,"N/A","Available",4,"LG",64.52637795275591,"65-inch"
143470,"LG","65QNED80SQA",163.897,"LCD (LED)",118,"N/A","Available",5,"LG",64.52637795275591,"65-inch"
143471,"LG","65QNED806QA",163.897,"LCD (LED)",118,"N/A","Available",5,"LG",64.52637795275591,"65-inch"
143472,"LG","65UQ91006LA",163.897,"LCD (LED)",148,"N/A","Available",4,"LG",64.52637795275591,"65-inch"
143473,"LG","75NANO75SQA",189.275,"LCD (LED)",181,"N/A","Available",4.5,"LG",74.51771653543307,"Other"
143474,"LG","75NANO756QA",189.275,"LCD (LED)",181,"N/A","Available",4.5,"LG",74.51771653543307,"Other"
143475,"LG","75QNED80SQA",189.275,"LCD (LED)",134,"N/A","Available",5.5,"LG",74.51771653543307,"Other"
143476,"LG","75QNED806QA",189.275,"LCD (LED)",134,"N/A","Available",5.5,"LG",74.51771653543307,"Other"
143477,"LG","75QNED96SQA",189.275,"LCD (LED)",172,"N/A","Available",4.5,"LG",74.51771653543307,"Other"
143479,"LG","86NANO75SQA",217.425,"LCD (LED)",250,"N/A","Available",4,"LG",85.60039370078741,"Other"
143480,"LG","86NANO756QA",217.425,"LCD (LED)",250,"N/A","Available",4,"LG",85.60039370078741,"Other"
143481,"LG","86UQ9000PSD",217.425,"LCD (LED)",250,"N/A","Available",4,"LG",85.60039370078741,"Other"
143486,"METZ","86MUC8500A",217.427,"LCD (LED)",214.72,"N/A","Available",4.5,"METZ",85.6011811023622,"Other"
143524,"SAMSUNG ELECTRONICS","QA55Q70BAW",138.783,"LCD (LED)",114,"N/A","Available",4,"SAMSUNG ELECTRONICS",54.63897637795275,"Other"
143524,"SAMSUNG ELECTRONICS","QA55Q70BAS",138.783,"LCD (LED)",114,"N/A","Available",4,"SAMSUNG ELECTRONICS",54.63897637795275,"Other"
143524,"SAMSUNG ELECTRONICS","QA55Q70BA*",138.783,"LCD (LED)",114,"N/A","Available",4,"SAMSUNG ELECTRONICS",54.63897637795275,"Other"
143525,"SAMSUNG ELECTRONICS","UA75BU8000W",189.338,"LCD (LED)",157,"N/A","Available",5,"SAMSUNG ELECTRONICS",74.54251968503937,"Other"
143525,"SAMSUNG ELECTRONICS","UA75BU8000S",189.338,"LCD (LED)",157,"N/A","Available",5,"SAMSUNG ELECTRONICS",74.54251968503937,"Other"
143525,"SAMSUNG ELECTRONICS","UA75BU8000*",189.338,"LCD (LED)",157,"N/A","Available",5,"SAMSUNG ELECTRONICS",74.54251968503937,"Other"
143529,"SAMSUNG ELECTRONICS","UA85BU8000W",214.783,"LCD (LED)",202,"N/A","Available",5,"SAMSUNG ELECTRONICS",84.56023622047243,"Other"
143529,"SAMSUNG ELECTRONICS","UA85BU8000S",214.783,"LCD (LED)",202,"N/A","Available",5,"SAMSUNG ELECTRONICS",84.56023622047243,"Other"
143529,"SAMSUNG ELECTRONICS","UA85BU8000*",214.783,"LCD (LED)",202,"N/A","Available",5,"SAMSUNG ELECTRONICS",84.56023622047243,"Other"
143527,"SAMSUNG ELECTRONICS","UA60BU8000S",152.663,"LCD (LED)",104,"N/A","Available",5,"SAMSUNG ELECTRONICS",60.10354330708662,"Other"
143530,"SAMSUNG ELECTRONICS","UA65BU8000W",163.897,"LCD (LED)",119,"N/A","Available",5,"SAMSUNG ELECTRONICS",64.52637795275591,"65-inch"
143530,"SAMSUNG ELECTRONICS","UA65BU8000S",163.897,"LCD (LED)",119,"N/A","Available",5,"SAMSUNG ELECTRONICS",64.52637795275591,"65-inch"
143530,"SAMSUNG ELECTRONICS","UA65BU8000*",163.897,"LCD (LED)",119,"N/A","Available",5,"SAMSUNG ELECTRONICS",64.52637795275591,"65-inch"
143532,"SAMSUNG ELECTRONICS","UA65BU8500S",163.897,"LCD (LED)",119,"N/A","Available",5,"SAMSUNG ELECTRONICS",64.52637795275591,"65-inch"
143534,"SAMSUNG ELECTRONICS","QA75QN85BAW",189.338,"LCD (LED)",167,"N/A","Available",4.5,"SAMSUNG ELECTRONICS",74.54251968503937,"Other"
143534,"SAMSUNG ELECTRONICS","QA75QN85BAS",189.338,"LCD (LED)",167,"N/A","Available",4.5,"SAMSUNG ELECTRONICS",74.54251968503937,"Other"
143534,"SAMSUNG ELECTRONICS","QA75QN85BA*",189.338,"LCD (LED)",167,"N/A","Available",4.5,"SAMSUNG ELECTRONICS",74.54251968503937,"Other"
143535,"SAMSUNG ELECTRONICS","QA75QN90BAW",189.338,"LCD (LED)",212,"N/A","Available",3.5,"SAMSUNG ELECTRONICS",74.54251968503937,"Other"
143535,"SAMSUNG ELECTRONICS","QA75QN90BAS",189.338,"LCD (LED)",212,"N/A","Available",3.5,"SAMSUNG ELECTRONICS",74.54251968503937,"Other"
143535,"SAMSUNG ELECTRONICS","QA75QN90BA*",189.338,"LCD (LED)",212,"N/A","Available",3.5,"SAMSUNG ELECTRONICS",74.54251968503937,"Other"
143545,"LG","43UQ9000PSD",107.987,"LCD (LED)",75,"N/A","Available",3.5,"LG",42.514566929133856,"Other"
143546,"LG","43UQ91006LA",107.987,"LCD (LED)",75,"N/A","Available",3.5,"LG",42.514566929133856,"Other"
143547,"LG","50UQ9000PSD",125.727,"LCD (LED)",90,"N/A","Available",4,"LG",49.4988188976378,"Other"
143548,"LG","50UQ91006LA",125.727,"LCD (LED)",90,"N/A","Available",4,"LG",49.4988188976378,"Other"
143549,"LG","55NANO806QA",138.783,"LCD (LED)",97,"N/A","Available",4.5,"LG",54.63897637795275,"Other"
143550,"LG","55UQ9000PSD",138.783,"LCD (LED)",114,"N/A","Available",4,"LG",54.63897637795275,"Other"
143551,"LG","55UQ91006LA",138.783,"LCD (LED)",114,"N/A","Available",4,"LG",54.63897637795275,"Other"
143552,"LG","65UQ9000PSD",163.897,"LCD (LED)",148,"N/A","Available",4,"LG",64.52637795275591,"65-inch"
143553,"LG","75UQ9000PSD",189.275,"LCD (LED)",165,"N/A","Available",5,"LG",74.51771653543307,"Other"
143554,"LG","75UQ91006LA",189.275,"LCD (LED)",165,"N/A","Available",5,"LG",74.51771653543307,"Other"
143555,"LG","86QNED80SQA",217.425,"LCD (LED)",198,"N/A","Available",5,"LG",85.60039370078741,"Other"
143556,"LG","86QNED806QA",217.425,"LCD (LED)",198,"N/A","Available",5,"LG",85.60039370078741,"Other"
143631,"METZ","32MTD6500A",80.054,"LCD (LED)",27.2,"N/A","Available",5.5,"METZ",31.517322834645668,"32-inch"
143636,"SAMSUNG ELECTRONICS","QA85Q60BAW",214.783,"LCD (LED)",178,"N/A","Available",5.5,"SAMSUNG ELECTRONICS",84.56023622047243,"Other"
143636,"SAMSUNG ELECTRONICS","QA85Q60BAS",214.783,"LCD (LED)",178,"N/A","Available",5.5,"SAMSUNG ELECTRONICS",84.56023622047243,"Other"
143636,"SAMSUNG ELECTRONICS","QA85Q60BA*",214.783,"LCD (LED)",178,"N/A","Available",5.5,"SAMSUNG ELECTRONICS",84.56023622047243,"Other"
143639,"SAMSUNG ELECTRONICS","UA43BU8000S",107.987,"LCD (LED)",73,"N/A","Available",4,"SAMSUNG ELECTRONICS",42.514566929133856,"Other"
143639,"SAMSUNG ELECTRONICS","UA43BU8500S",107.987,"LCD (LED)",73,"N/A","Available",4,"SAMSUNG ELECTRONICS",42.514566929133856,"Other"
143639,"SAMSUNG ELECTRONICS","UA43BU8*00*",107.987,"LCD (LED)",73,"N/A","Available",4,"SAMSUNG ELECTRONICS",42.514566929133856,"Other"
143647,"kogan","KALED65RT9220SVA",163.896,"LCD (LED)",99.95,"N/A","Available",5.5,"KOGAN",64.5259842519685,"65-inch"
143649,"TEAC","LE65GA522",163.896,"LCD (LED)",99.95,"N/A","Available",5.5,"TEAC",64.5259842519685,"65-inch"
143647,"kogan","KAQLED65RQ9510SVA",163.896,"LCD (LED)",99.95,"N/A","Available",5.5,"KOGAN",64.5259842519685,"65-inch"
143650,"Polaroid","PL6521UHDG",163.682,"LCD",93,"N/A","Available",6,"POLAROID",64.44173228346456,"65-inch"
143652,"SAMSUNG ELECTRONICS","UA50BU8000W",125.727,"LCD (LED)",94,"N/A","Available",4,"SAMSUNG ELECTRONICS",49.4988188976378,"Other"
143652,"SAMSUNG ELECTRONICS","UA50BU8000S",125.727,"LCD (LED)",94,"N/A","Available",4,"SAMSUNG ELECTRONICS",49.4988188976378,"Other"
143652,"SAMSUNG ELECTRONICS","UA50BU8500S",125.727,"LCD (LED)",94,"N/A","Available",4,"SAMSUNG ELECTRONICS",49.4988188976378,"Other"
143652,"SAMSUNG ELECTRONICS","UA50BU8*00*",125.727,"LCD (LED)",94,"N/A","Available",4,"SAMSUNG ELECTRONICS",49.4988188976378,"Other"
143656,"SAMSUNG ELECTRONICS","UA55BU8000W",138.783,"LCD (LED)",113,"N/A","Available",4,"SAMSUNG ELECTRONICS",54.63897637795275,"Other"
143656,"SAMSUNG ELECTRONICS","UA55BU8000S",138.783,"LCD (LED)",113,"N/A","Available",4,"SAMSUNG ELECTRONICS",54.63897637795275,"Other"
143656,"SAMSUNG ELECTRONICS","UA55BU8500S",138.783,"LCD (LED)",113,"N/A","Available",4,"SAMSUNG ELECTRONICS",54.63897637795275,"Other"
143656,"SAMSUNG ELECTRONICS","UA55BU8*00*",138.783,"LCD (LED)",113,"N/A","Available",4,"SAMSUNG ELECTRONICS",54.63897637795275,"Other"
143669,"SAMSUNG ELECTRONICS","QA65Q70BAW",163.897,"LCD (LED)",150,"N/A","Available",4,"SAMSUNG ELECTRONICS",64.52637795275591,"65-inch"
143669,"SAMSUNG ELECTRONICS","QA65Q70BAS",163.897,"LCD (LED)",150,"N/A","Available",4,"SAMSUNG ELECTRONICS",64.52637795275591,"65-inch"
143669,"SAMSUNG ELECTRONICS","QA65Q70BA*",163.897,"LCD (LED)",150,"N/A","Available",4,"SAMSUNG ELECTRONICS",64.52637795275591,"65-inch"
143670,"SAMSUNG ELECTRONICS","QA75Q70BAW",189.338,"LCD (LED)",173,"N/A","Available",4.5,"SAMSUNG ELECTRONICS",74.54251968503937,"Other"
143670,"SAMSUNG ELECTRONICS","QA75Q70BAS",189.338,"LCD (LED)",173,"N/A","Available",4.5,"SAMSUNG ELECTRONICS",74.54251968503937,"Other"
143670,"SAMSUNG ELECTRONICS","QA75Q70BA*",189.338,"LCD (LED)",173,"N/A","Available",4.5,"SAMSUNG ELECTRONICS",74.54251968503937,"Other"
143671,"SAMSUNG ELECTRONICS","QA85Q70BAW",214.783,"LCD (LED)",223,"N/A","Available",4.5,"SAMSUNG ELECTRONICS",84.56023622047243,"Other"
143671,"SAMSUNG ELECTRONICS","QA85Q70BAS",214.783,"LCD (LED)",223,"N/A","Available",4.5,"SAMSUNG ELECTRONICS",84.56023622047243,"Other"
143671,"SAMSUNG ELECTRONICS","QA85Q70BA*",214.783,"LCD (LED)",223,"N/A","Available",4.5,"SAMSUNG ELECTRONICS",84.56023622047243,"Other"
143639,"SAMSUNG ELECTRONICS","UA43BU8000W",107.987,"LCD (LED)",73,"N/A","Available",4,"SAMSUNG ELECTRONICS",42.514566929133856,"Other"
143673,"SAMSUNG ELECTRONICS","QA65QN800BW",163.897,"LCD (LED)",306,"N/A","Available",1,"SAMSUNG ELECTRONICS",64.52637795275591,"65-inch"
143673,"SAMSUNG ELECTRONICS","QA65QN800BS",163.897,"LCD (LED)",306,"N/A","Available",1,"SAMSUNG ELECTRONICS",64.52637795275591,"65-inch"
143673,"SAMSUNG ELECTRONICS","QA65QN800B*",163.897,"LCD (LED)",306,"N/A","Available",1,"SAMSUNG ELECTRONICS",64.52637795275591,"65-inch"
143688,"MYVI","UR-LED2403DVDNS",60.269,"LCD (LED)",24.2,"N/A","Available",4.5,"MYVI",23.727952755905513,"Other"
143736,"SAMSUNG ELECTRONICS","QA50QN90BAW",125.727,"LCD (LED)",112,"N/A","Available",3,"SAMSUNG ELECTRONICS",49.4988188976378,"Other"
143736,"SAMSUNG ELECTRONICS","QA50QN90BAS",125.727,"LCD (LED)",112,"N/A","Available",3,"SAMSUNG ELECTRONICS",49.4988188976378,"Other"
143736,"SAMSUNG ELECTRONICS","QA50QN90BA*",125.727,"LCD (LED)",112,"N/A","Available",3,"SAMSUNG ELECTRONICS",49.4988188976378,"Other"
143738,"SAMSUNG ELECTRONICS","QA75QN95BAW",189.338,"LCD (LED)",245,"N/A","Available",3,"SAMSUNG ELECTRONICS",74.54251968503937,"Other"
143738,"SAMSUNG ELECTRONICS","QA75QN95BAS",189.338,"LCD (LED)",245,"N/A","Available",3,"SAMSUNG ELECTRONICS",74.54251968503937,"Other"
143738,"SAMSUNG ELECTRONICS","QA75QN95BA*",189.338,"LCD (LED)",245,"N/A","Available",3,"SAMSUNG ELECTRONICS",74.54251968503937,"Other"
143744,"EKO","K550USG",138.783,"LCD",115.1,"N/A","Available",4,"EKO",54.63897637795275,"Other"
143745,"BLAUPUNKT","BP550USG9500",138.783,"LCD",115.1,"N/A","Available",4,"BLAUPUNKT",54.63897637795275,"Other"
143752,"LG","65UQ75006LF",163.897,"LCD (LED)",145,"N/A","Available",4,"LG",64.52637795275591,"65-inch"
143753,"LG","OLED55G2PSA",138.783,"OLED",95,"N/A","Available",4.5,"LG",54.63897637795275,"Other"
143754,"LG","OLED55G26LA",138.783,"OLED",95,"N/A","Available",4.5,"LG",54.63897637795275,"Other"
143755,"LG","OLED77G2PSA",194.738,"OLED",152,"N/A","Available",5.5,"LG",76.66850393700787,"Other"
143756,"LG","OLED77G26LA",194.738,"OLED",152,"N/A","Available",5.5,"LG",76.66850393700787,"Other"
143757,"LG","OLED65G2PSA",163.897,"OLED",109,"N/A","Available",5.5,"LG",64.52637795275591,"65-inch"
143758,"LG","OLED65G26LA",163.897,"OLED",109,"N/A","Available",5.5,"LG",64.52637795275591,"65-inch"
143759,"LG","OLED77A2PSA",194.738,"OLED",126,"N/A","Available",6,"LG",76.66850393700787,"Other"
143826,"SAMSUNG ELECTRONICS","QA75QN800BW",189.338,"LCD (LED)",339,"N/A","Available",1.5,"SAMSUNG ELECTRONICS",74.54251968503937,"Other"
143826,"SAMSUNG ELECTRONICS","QA75QN800BS",189.338,"LCD (LED)",339,"N/A","Available",1.5,"SAMSUNG ELECTRONICS",74.54251968503937,"Other"
143826,"SAMSUNG ELECTRONICS","QA75QN800B*",189.338,"LCD (LED)",339,"N/A","Available",1.5,"SAMSUNG ELECTRONICS",74.54251968503937,"Other"
143827,"SAMSUNG ELECTRONICS","QA85QN800BW",214.783,"LCD (LED)",389,"N/A","Available",2,"SAMSUNG ELECTRONICS",84.56023622047243,"Other"
143827,"SAMSUNG ELECTRONICS","QA85QN800BS",214.783,"LCD (LED)",389,"N/A","Available",2,"SAMSUNG ELECTRONICS",84.56023622047243,"Other"
143827,"SAMSUNG ELECTRONICS","QA85QN800B*",214.783,"LCD (LED)",389,"N/A","Available",2,"SAMSUNG ELECTRONICS",84.56023622047243,"Other"
143828,"SAMSUNG ELECTRONICS","QA55QN90BAW",138.783,"LCD (LED)",162,"N/A","Available",2.5,"SAMSUNG ELECTRONICS",54.63897637795275,"Other"
143828,"SAMSUNG ELECTRONICS","QA55QN90BAS",138.783,"LCD (LED)",162,"N/A","Available",2.5,"SAMSUNG ELECTRONICS",54.63897637795275,"Other"
143828,"SAMSUNG ELECTRONICS","QA55QN90BA*",138.783,"LCD (LED)",162,"N/A","Available",2.5,"SAMSUNG ELECTRONICS",54.63897637795275,"Other"
143830,"SAMSUNG ELECTRONICS","QA85QN90BAW",214.783,"LCD (LED)",304,"N/A","Available",3,"SAMSUNG ELECTRONICS",84.56023622047243,"Other"
143830,"SAMSUNG ELECTRONICS","QA85QN90BAS",214.783,"LCD (LED)",304,"N/A","Available",3,"SAMSUNG ELECTRONICS",84.56023622047243,"Other"
143830,"SAMSUNG ELECTRONICS","QA85QN90BA*",214.783,"LCD (LED)",304,"N/A","Available",3,"SAMSUNG ELECTRONICS",84.56023622047243,"Other"
143833,"AKAI","AK5021S6WOS",125.774,"LCD (LED)",54.8,"N/A","Available",6,"AKAI",49.51732283464567,"Other"
143840,"SAMSUNG ELECTRONICS","QA43QN90BAW",107.987,"LCD (LED)",99,"N/A","Available",2.5,"SAMSUNG ELECTRONICS",42.514566929133856,"Other"
143840,"SAMSUNG ELECTRONICS","QA43QN90BAS",107.987,"LCD (LED)",99,"N/A","Available",2.5,"SAMSUNG ELECTRONICS",42.514566929133856,"Other"
143840,"SAMSUNG ELECTRONICS","QA43QN90BA*",107.987,"LCD (LED)",99,"N/A","Available",2.5,"SAMSUNG ELECTRONICS",42.514566929133856,"Other"
143841,"SAMSUNG ELECTRONICS","QA50LS03BAW",125.727,"LCD (LED)",96,"N/A","Available",4,"SAMSUNG ELECTRONICS",49.4988188976378,"Other"
143841,"SAMSUNG ELECTRONICS","QA50LS03BAS",125.727,"LCD (LED)",96,"N/A","Available",4,"SAMSUNG ELECTRONICS",49.4988188976378,"Other"
143841,"SAMSUNG ELECTRONICS","QA50LS03BA*",125.727,"LCD (LED)",96,"N/A","Available",4,"SAMSUNG ELECTRONICS",49.4988188976378,"Other"
143842,"SAMSUNG ELECTRONICS","QA55LS03BAW",138.783,"LCD (LED)",140,"N/A","Available",3,"SAMSUNG ELECTRONICS",54.63897637795275,"Other"
143842,"SAMSUNG ELECTRONICS","QA55LS03BAS",138.783,"LCD (LED)",140,"N/A","Available",3,"SAMSUNG ELECTRONICS",54.63897637795275,"Other"
143842,"SAMSUNG ELECTRONICS","QA55LS03BA*",138.783,"LCD (LED)",140,"N/A","Available",3,"SAMSUNG ELECTRONICS",54.63897637795275,"Other"
143843,"SAMSUNG ELECTRONICS","QA55QN85BAW",138.783,"LCD (LED)",136,"N/A","Available",3,"SAMSUNG ELECTRONICS",54.63897637795275,"Other"
143843,"SAMSUNG ELECTRONICS","QA55QN85BAS",138.783,"LCD (LED)",136,"N/A","Available",3,"SAMSUNG ELECTRONICS",54.63897637795275,"Other"
143843,"SAMSUNG ELECTRONICS","QA55QN85BA*",138.783,"LCD (LED)",136,"N/A","Available",3,"SAMSUNG ELECTRONICS",54.63897637795275,"Other"
143844,"SAMSUNG ELECTRONICS","QA65LS03BAW",163.897,"LCD (LED)",158,"N/A","Available",4,"SAMSUNG ELECTRONICS",64.52637795275591,"65-inch"
143844,"SAMSUNG ELECTRONICS","QA65LS03BAS",163.897,"LCD (LED)",158,"N/A","Available",4,"SAMSUNG ELECTRONICS",64.52637795275591,"65-inch"
143844,"SAMSUNG ELECTRONICS","QA65LS03BA*",163.897,"LCD (LED)",158,"N/A","Available",4,"SAMSUNG ELECTRONICS",64.52637795275591,"65-inch"
143845,"SAMSUNG ELECTRONICS","QA65QN85BAW",163.897,"LCD (LED)",158,"N/A","Available",4,"SAMSUNG ELECTRONICS",64.52637795275591,"65-inch"
143845,"SAMSUNG ELECTRONICS","QA65QN85BAS",163.897,"LCD (LED)",158,"N/A","Available",4,"SAMSUNG ELECTRONICS",64.52637795275591,"65-inch"
143845,"SAMSUNG ELECTRONICS","QA65QN85BA*",163.897,"LCD (LED)",158,"N/A","Available",4,"SAMSUNG ELECTRONICS",64.52637795275591,"65-inch"
143846,"SAMSUNG ELECTRONICS","QA75LS03BAW",189.338,"LCD (LED)",195,"N/A","Available",4,"SAMSUNG ELECTRONICS",74.54251968503937,"Other"
143846,"SAMSUNG ELECTRONICS","QA75LS03BAS",189.338,"LCD (LED)",195,"N/A","Available",4,"SAMSUNG ELECTRONICS",74.54251968503937,"Other"
143846,"SAMSUNG ELECTRONICS","QA75LS03BA*",189.338,"LCD (LED)",195,"N/A","Available",4,"SAMSUNG ELECTRONICS",74.54251968503937,"Other"
143847,"SAMSUNG ELECTRONICS","QA85LS03BAW",214.783,"LCD (LED)",250,"N/A","Available",4,"SAMSUNG ELECTRONICS",84.56023622047243,"Other"
143847,"SAMSUNG ELECTRONICS","QA85LS03BAS",214.783,"LCD (LED)",250,"N/A","Available",4,"SAMSUNG ELECTRONICS",84.56023622047243,"Other"
143847,"SAMSUNG ELECTRONICS","QA85LS03BA*",214.783,"LCD (LED)",250,"N/A","Available",4,"SAMSUNG ELECTRONICS",84.56023622047243,"Other"
143886,"LG","43UP801C0TB",107.987,"LCD (LED)",78,"N/A","Available",3.5,"LG",42.514566929133856,"Other"
143887,"LG","50UP801C0TB",125.727,"LCD (LED)",93,"N/A","Available",4,"LG",49.4988188976378,"Other"
143888,"LG","75UP801C0TB",189.275,"LCD (LED)",169,"N/A","Available",4.5,"LG",74.51771653543307,"Other"
143889,"LG","86UP801C0TB",217.425,"LCD (LED)",250,"N/A","Available",4,"LG",85.60039370078741,"Other"
143898,"METZ","40MTD6500A",100.645,"LCD (LED)",28.2,"N/A","Available",7,"METZ",39.624015748031496,"Other"
143946,"EKO","K500USG",125.638,"LCD",59.9,"N/A","Available",6,"EKO",49.463779527559055,"Other"
143947,"EKO","K550USG",138.783,"LCD",87.2,"N/A","Available",5,"EKO",54.63897637795275,"Other"
143949,"EKO","K550USG",138.783,"LCD",115.1,"N/A","Available",3.5,"EKO",54.63897637795275,"Other"
143950,"BLAUPUNKT","BP550USG9500",138.783,"LCD",115.1,"N/A","Available",3.5,"BLAUPUNKT",54.63897637795275,"Other"
143954,"BLAUPUNKT","BP2400HDV7100",60.47,"LCD",23.28,"N/A","Available",4.5,"BLAUPUNKT",23.807086614173226,"Other"
144002,"SONY","KD-65X75K",163.878,"LCD (LED)",129.6,"N/A","Available",4.5,"SONY",64.51889763779526,"65-inch"
144004,"SONY","KD-55X75K",138.798,"LCD (LED)",101.4,"N/A","Available",4.5,"SONY",54.64488188976378,"Other"
144009,"SONY","XR-85X90K",214.783,"LCD (LED)",235.8,"N/A","Available",4.5,"SONY",84.56023622047243,"Other"
144021,"SONY","KD-55X80K",138.798,"LCD (LED)",126.2,"N/A","Available",3.5,"SONY",54.64488188976378,"Other"
144023,"SONY","KD-75X80K",189.306,"LCD (LED)",191.3,"N/A","Available",4,"SONY",74.52992125984252,"Other"
144031,"kogan","KAQLED85XQ9610STA",214.783,"LCD (LED)",260.1,"N/A","Available",4,"KOGAN",84.56023622047243,"Other"
144046,"SAMSUNG ELECTRONICS","QA65QN900BW",163.897,"LCD (LED)",310,"N/A","Available",1,"SAMSUNG ELECTRONICS",64.52637795275591,"65-inch"
144046,"SAMSUNG ELECTRONICS","QA65QN900BS",163.897,"LCD (LED)",310,"N/A","Available",1,"SAMSUNG ELECTRONICS",64.52637795275591,"65-inch"
144046,"SAMSUNG ELECTRONICS","QA65QN900B*",163.897,"LCD (LED)",310,"N/A","Available",1,"SAMSUNG ELECTRONICS",64.52637795275591,"65-inch"
144049,"SAMSUNG ELECTRONICS","QA85QN900BW",214.783,"LCD (LED)",439,"N/A","Available",1.5,"SAMSUNG ELECTRONICS",84.56023622047243,"Other"
144049,"SAMSUNG ELECTRONICS","QA85QN900BS",214.783,"LCD (LED)",439,"N/A","Available",1.5,"SAMSUNG ELECTRONICS",84.56023622047243,"Other"
144049,"SAMSUNG ELECTRONICS","QA85QN900B*",214.783,"LCD (LED)",439,"N/A","Available",1.5,"SAMSUNG ELECTRONICS",84.56023622047243,"Other"
144057,"SONY","KD-65X80K",163.878,"LCD (LED)",147.6,"N/A","Available",4,"SONY",64.51889763779526,"65-inch"
144065,"SAMSUNG ELECTRONICS","QA75QN900BW",189.338,"LCD (LED)",395,"N/A","Available",1,"SAMSUNG ELECTRONICS",74.54251968503937,"Other"
144065,"SAMSUNG ELECTRONICS","QA75QN900BS",189.338,"LCD (LED)",395,"N/A","Available",1,"SAMSUNG ELECTRONICS",74.54251968503937,"Other"
144065,"SAMSUNG ELECTRONICS","QA75QN900B*",189.338,"LCD (LED)",395,"N/A","Available",1,"SAMSUNG ELECTRONICS",74.54251968503937,"Other"
144102,"SAMSUNG ELECTRONICS","QA43LS03BAW",107.987,"LCD (LED)",92,"N/A","Available",3,"SAMSUNG ELECTRONICS",42.514566929133856,"Other"
144102,"SAMSUNG ELECTRONICS","QA43LS03BAS",107.987,"LCD (LED)",92,"N/A","Available",3,"SAMSUNG ELECTRONICS",42.514566929133856,"Other"
144102,"SAMSUNG ELECTRONICS","QA43LS03BA*",107.987,"LCD (LED)",92,"N/A","Available",3,"SAMSUNG ELECTRONICS",42.514566929133856,"Other"
144104,"SAMSUNG ELECTRONICS","QA65QN90BAW",163.897,"LCD (LED)",203,"N/A","Available",2.5,"SAMSUNG ELECTRONICS",64.52637795275591,"65-inch"
144104,"SAMSUNG ELECTRONICS","QA65QN90BAS",163.897,"LCD (LED)",203,"N/A","Available",2.5,"SAMSUNG ELECTRONICS",64.52637795275591,"65-inch"
144104,"SAMSUNG ELECTRONICS","QA65QN90BA*",163.897,"LCD (LED)",203,"N/A","Available",2.5,"SAMSUNG ELECTRONICS",64.52637795275591,"65-inch"
144105,"SAMSUNG ELECTRONICS","QA65QN95BAW",163.897,"LCD (LED)",213,"N/A","Available",2.5,"SAMSUNG ELECTRONICS",64.52637795275591,"65-inch"
144105,"SAMSUNG ELECTRONICS","QA65QN95BAS",163.897,"LCD (LED)",213,"N/A","Available",2.5,"SAMSUNG ELECTRONICS",64.52637795275591,"65-inch"
144105,"SAMSUNG ELECTRONICS","QA65QN95BA*",163.897,"LCD (LED)",213,"N/A","Available",2.5,"SAMSUNG ELECTRONICS",64.52637795275591,"65-inch"
144106,"SAMSUNG ELECTRONICS","QA85QN85BAW",214.783,"LCD (LED)",195,"N/A","Available",5,"SAMSUNG ELECTRONICS",84.56023622047243,"Other"
144106,"SAMSUNG ELECTRONICS","QA85QN85BAS",214.783,"LCD (LED)",195,"N/A","Available",5,"SAMSUNG ELECTRONICS",84.56023622047243,"Other"
144106,"SAMSUNG ELECTRONICS","QA85QN85BA*",214.783,"LCD (LED)",195,"N/A","Available",5,"SAMSUNG ELECTRONICS",84.56023622047243,"Other"
144119,"SAMSUNG ELECTRONICS","QA65Q80BAW",163.897,"LCD (LED)",206,"N/A","Available",2.5,"SAMSUNG ELECTRONICS",64.52637795275591,"65-inch"
144119,"SAMSUNG ELECTRONICS","QA65Q80BAS",163.897,"LCD (LED)",206,"N/A","Available",2.5,"SAMSUNG ELECTRONICS",64.52637795275591,"65-inch"
144119,"SAMSUNG ELECTRONICS","QA65Q80BA*",163.897,"LCD (LED)",206,"N/A","Available",2.5,"SAMSUNG ELECTRONICS",64.52637795275591,"65-inch"
144120,"SAMSUNG ELECTRONICS","QA55QN95BAW",138.783,"LCD (LED)",173,"N/A","Available",2,"SAMSUNG ELECTRONICS",54.63897637795275,"Other"
144120,"SAMSUNG ELECTRONICS","QA55QN95BAS",138.783,"LCD (LED)",173,"N/A","Available",2,"SAMSUNG ELECTRONICS",54.63897637795275,"Other"
144120,"SAMSUNG ELECTRONICS","QA55QN95BA*",138.783,"LCD (LED)",173,"N/A","Available",2,"SAMSUNG ELECTRONICS",54.63897637795275,"Other"
144123,"SAMSUNG ELECTRONICS","QA55QN700BS",138.783,"LCD (LED)",223,"N/A","Available",1,"SAMSUNG ELECTRONICS",54.63897637795275,"Other"
144138,"SAMSUNG ELECTRONICS","QA75Q80BAW",189.338,"LCD (LED)",267,"N/A","Available",2.5,"SAMSUNG ELECTRONICS",74.54251968503937,"Other"
144138,"SAMSUNG ELECTRONICS","QA75Q80BAS",189.338,"LCD (LED)",267,"N/A","Available",2.5,"SAMSUNG ELECTRONICS",74.54251968503937,"Other"
144138,"SAMSUNG ELECTRONICS","QA75Q80BA*",189.338,"LCD (LED)",267,"N/A","Available",2.5,"SAMSUNG ELECTRONICS",74.54251968503937,"Other"
144139,"SAMSUNG ELECTRONICS","QA85Q80BAW",214.783,"LCD (LED)",337,"N/A","Available",2.5,"SAMSUNG ELECTRONICS",84.56023622047243,"Other"
144139,"SAMSUNG ELECTRONICS","QA85Q80BAS",214.783,"LCD (LED)",337,"N/A","Available",2.5,"SAMSUNG ELECTRONICS",84.56023622047243,"Other"
144139,"SAMSUNG ELECTRONICS","QA85Q80BA*",214.783,"LCD (LED)",337,"N/A","Available",2.5,"SAMSUNG ELECTRONICS",84.56023622047243,"Other"
144140,"SAMSUNG ELECTRONICS","QA65QN700BW",163.897,"LCD (LED)",245,"N/A","Available",2,"SAMSUNG ELECTRONICS",64.52637795275591,"65-inch"
144140,"SAMSUNG ELECTRONICS","QA65QN700BS",163.897,"LCD (LED)",245,"N/A","Available",2,"SAMSUNG ELECTRONICS",64.52637795275591,"65-inch"
144140,"SAMSUNG ELECTRONICS","QA65QN700B*",163.897,"LCD (LED)",245,"N/A","Available",2,"SAMSUNG ELECTRONICS",64.52637795275591,"65-inch"
144141,"SAMSUNG ELECTRONICS","QA65LS01BAW",163.897,"LCD (LED)",134,"N/A","Available",4.5,"SAMSUNG ELECTRONICS",64.52637795275591,"65-inch"
144141,"SAMSUNG ELECTRONICS","QA65LS01BBW",163.897,"LCD (LED)",134,"N/A","Available",4.5,"SAMSUNG ELECTRONICS",64.52637795275591,"65-inch"
144142,"SAMSUNG ELECTRONICS","QA55LS01BAW",138.783,"LCD (LED)",116,"N/A","Available",4,"SAMSUNG ELECTRONICS",54.63897637795275,"Other"
144142,"SAMSUNG ELECTRONICS","QA55LS01BBW",138.783,"LCD (LED)",116,"N/A","Available",4,"SAMSUNG ELECTRONICS",54.63897637795275,"Other"
144145,"FURRION","FDFD24D3D",60.47,"LCD (LED)",28.58,"N/A","Available",4,"FURRION",23.807086614173226,"Other"
144165,"SONY","XR-55A80K",138.798,"OLED",103.7,"N/A","Available",4,"SONY",54.64488188976378,"Other"
144166,"KOGAN","KALED32EH7520SVA",80.039,"LCD (LED)",24.61,"N/A","Available",5.5,"KOGAN",31.511417322834646,"32-inch"
144167,"SONY","XR-65A80K",163.878,"OLED",121.1,"N/A","Available",5,"SONY",64.51889763779526,"65-inch"
144168,"SONY","XR-77A80K",194.726,"OLED",169.7,"N/A","Available",5,"SONY",76.66377952755906,"Other"
144170,"SONY","XR-75X90K",189.306,"LCD (LED)",198.1,"N/A","Available",4,"SONY",74.52992125984252,"Other"
144171,"SONY","XR-65X90K",163.878,"LCD (LED)",149.8,"N/A","Available",4,"SONY",64.51889763779526,"65-inch"
144176,"LG","43UQ80006LB",107.987,"LCD (LED)",73,"N/A","Available",4,"LG",42.514566929133856,"Other"
144177,"LG","50NANO806QA",125.727,"LCD (LED)",75,"N/A","Available",5,"LG",49.4988188976378,"Other"
144178,"LG","50UQ75006LF",125.727,"LCD (LED)",93,"N/A","Available",4,"LG",49.4988188976378,"Other"
144179,"LG","55UQ75006LF",138.783,"LCD (LED)",114,"N/A","Available",4,"LG",54.63897637795275,"Other"
144180,"LG","65NANO806QA",163.897,"LCD (LED)",114,"N/A","Available",5,"LG",64.52637795275591,"65-inch"
144181,"LG","65QNED96SQA",163.897,"LCD (LED)",152,"N/A","Available",4,"LG",64.52637795275591,"65-inch"
144182,"LG","65QNED99SQB",163.897,"LCD (LED)",212,"N/A","Available",2.5,"LG",64.52637795275591,"65-inch"
144183,"LG","65QNED996QB",163.897,"LCD (LED)",212,"N/A","Available",2.5,"LG",64.52637795275591,"65-inch"
144184,"LG","65UQ80006LB",163.897,"LCD (LED)",127,"N/A","Available",4.5,"LG",64.52637795275591,"65-inch"
144185,"LG","75NANO816QA",189.275,"LCD (LED)",126,"N/A","Available",6,"LG",74.51771653543307,"Other"
144186,"LG","75QNED99SQB",189.275,"LCD (LED)",232,"N/A","Available",3.5,"LG",74.51771653543307,"Other"
144187,"LG","75QNED996QB",189.275,"LCD (LED)",232,"N/A","Available",3.5,"LG",74.51771653543307,"Other"
144188,"LG","75UQ80006LB",189.275,"LCD (LED)",165,"N/A","Available",5,"LG",74.51771653543307,"Other"
144189,"LG","86QNED99SQB",217.425,"LCD (LED)",328,"N/A","Available",3,"LG",85.60039370078741,"Other"
144190,"LG","86QNED996QB",217.425,"LCD (LED)",328,"N/A","Available",3,"LG",85.60039370078741,"Other"
144191,"LG","OLED77Z2PSA",194.738,"OLED",262,"N/A","Available",3,"LG",76.66850393700787,"Other"
144192,"LG","OLED88Z2PSA",222.494,"OLED",320,"N/A","Available",3,"LG",87.59606299212598,"Other"
144193,"LG","OLED88Z26LA",222.494,"OLED",320,"N/A","Available",3,"LG",87.59606299212598,"Other"
144195,"EKO","K500USG",125.731,"LCD (LED)",50.6,"N/A","Available",6,"EKO",49.5003937007874,"Other"
144196,"BLAUPUNKT","BP500USG9500",125.731,"LCD (LED)",50.6,"N/A","Available",6,"BLAUPUNKT",49.5003937007874,"Other"
144197,"EKO","K65USW",163.896,"LCD",108.2,"N/A","Available",5.5,"EKO",64.5259842519685,"65-inch"
144142,"SAMSUNG ELECTRONICS","QA55LS01BAS",138.783,"LCD (LED)",116,"N/A","Available",4,"SAMSUNG ELECTRONICS",54.63897637795275,"Other"
144142,"SAMSUNG ELECTRONICS","QA55LS01B**",138.783,"LCD (LED)",116,"N/A","Available",4,"SAMSUNG ELECTRONICS",54.63897637795275,"Other"
144141,"SAMSUNG ELECTRONICS","QA65LS01BAS",163.897,"LCD (LED)",134,"N/A","Available",4.5,"SAMSUNG ELECTRONICS",64.52637795275591,"65-inch"
144141,"SAMSUNG ELECTRONICS","QA65LS01B**",163.897,"LCD (LED)",134,"N/A","Available",4.5,"SAMSUNG ELECTRONICS",64.52637795275591,"65-inch"
144201,"SAMSUNG ELECTRONICS","QA50Q80BAS",125.727,"LCD (LED)",138,"N/A","Available",2,"SAMSUNG ELECTRONICS",49.4988188976378,"Other"
144204,"SAMSUNG ELECTRONICS","QA75QN700BW",189.338,"LCD (LED)",273,"N/A","Available",2.5,"SAMSUNG ELECTRONICS",74.54251968503937,"Other"
144204,"SAMSUNG ELECTRONICS","QA75QN700BS",189.338,"LCD (LED)",273,"N/A","Available",2.5,"SAMSUNG ELECTRONICS",74.54251968503937,"Other"
144204,"SAMSUNG ELECTRONICS","QA75QN700B*",189.338,"LCD (LED)",273,"N/A","Available",2.5,"SAMSUNG ELECTRONICS",74.54251968503937,"Other"
144209,"Linsar","LS32C12V",80.054,"LCD",26.7,"N/A","Available",6,"LINSAR",31.517322834645668,"32-inch"
144211,"SAMSUNG ELECTRONICS","QA43LS01BAW",107.987,"LCD (LED)",82,"N/A","Available",3.5,"SAMSUNG ELECTRONICS",42.514566929133856,"Other"
144211,"SAMSUNG ELECTRONICS","QA43LS01BBW",107.987,"LCD (LED)",82,"N/A","Available",3.5,"SAMSUNG ELECTRONICS",42.514566929133856,"Other"
144211,"SAMSUNG ELECTRONICS","QA43LS01BAS",107.987,"LCD (LED)",82,"N/A","Available",3.5,"SAMSUNG ELECTRONICS",42.514566929133856,"Other"
144211,"SAMSUNG ELECTRONICS","QA43LS01B**",107.987,"LCD (LED)",82,"N/A","Available",3.5,"SAMSUNG ELECTRONICS",42.514566929133856,"Other"
144212,"SAMSUNG ELECTRONICS","QA50LS01BAS",125.736,"LCD (LED)",96,"N/A","Available",4,"SAMSUNG ELECTRONICS",49.50236220472441,"Other"
144231,"SAMSUNG ELECTRONICS","HG43AU800AW",107.987,"LCD (LED)",68,"N/A","Available",4,"SAMSUNG ELECTRONICS",42.514566929133856,"Other"
144232,"SAMSUNG ELECTRONICS","HG50AU800AW",125.727,"LCD (LED)",79,"N/A","Available",4.5,"SAMSUNG ELECTRONICS",49.4988188976378,"Other"
144236,"SAMSUNG ELECTRONICS","QA55Q80BAW",138.783,"LCD (LED)",158,"N/A","Available",2.5,"SAMSUNG ELECTRONICS",54.63897637795275,"Other"
144236,"SAMSUNG ELECTRONICS","QA55Q80BAS",138.783,"LCD (LED)",158,"N/A","Available",2.5,"SAMSUNG ELECTRONICS",54.63897637795275,"Other"
144236,"SAMSUNG ELECTRONICS","QA55Q80BA*",138.783,"LCD (LED)",158,"N/A","Available",2.5,"SAMSUNG ELECTRONICS",54.63897637795275,"Other"
144269,"SAMSUNG ELECTRONICS","HG55AU800AW",138.783,"LCD (LED)",86,"N/A","Available",5,"SAMSUNG ELECTRONICS",54.63897637795275,"Other"
144270,"SAMSUNG ELECTRONICS","HG65AU800AW",163.897,"LCD (LED)",114,"N/A","Available",5,"SAMSUNG ELECTRONICS",64.52637795275591,"65-inch"
144271,"SAMSUNG ELECTRONICS","HG75AU800AW",189.338,"LCD (LED)",157,"N/A","Available",5,"SAMSUNG ELECTRONICS",74.54251968503937,"Other"
144272,"SONY","XR-55X90K",138.798,"LCD (LED)",126.7,"N/A","Available",3.5,"SONY",54.64488188976378,"Other"
143613,"SAMSUNG ELECTRONICS","QA55Q6*BA*",138.783,"LCD (LED)",87,"N/A","Available",5,"SAMSUNG ELECTRONICS",54.63897637795275,"Other"
143613,"SAMSUNG ELECTRONICS","QA55Q63BAS",138.783,"LCD (LED)",87,"N/A","Available",5,"SAMSUNG ELECTRONICS",54.63897637795275,"Other"
143613,"SAMSUNG ELECTRONICS","QA55Q60BAW",138.783,"LCD (LED)",87,"N/A","Available",5,"SAMSUNG ELECTRONICS",54.63897637795275,"Other"
143613,"SAMSUNG ELECTRONICS","QA55Q60BAS",138.783,"LCD (LED)",87,"N/A","Available",5,"SAMSUNG ELECTRONICS",54.63897637795275,"Other"
143637,"SAMSUNG ELECTRONICS","QA43Q6*BAS",107.987,"LCD (LED)",70,"N/A","Available",4,"SAMSUNG ELECTRONICS",42.514566929133856,"Other"
143637,"SAMSUNG ELECTRONICS","QA43Q63BAS",107.987,"LCD (LED)",70,"N/A","Available",4,"SAMSUNG ELECTRONICS",42.514566929133856,"Other"
143637,"SAMSUNG ELECTRONICS","QA43Q60BAS",107.987,"LCD (LED)",70,"N/A","Available",4,"SAMSUNG ELECTRONICS",42.514566929133856,"Other"
143638,"SAMSUNG ELECTRONICS","QA50Q6*BAS",125.727,"LCD (LED)",80,"N/A","Available",4.5,"SAMSUNG ELECTRONICS",49.4988188976378,"Other"
143638,"SAMSUNG ELECTRONICS","QA50Q63BAS",125.727,"LCD (LED)",80,"N/A","Available",4.5,"SAMSUNG ELECTRONICS",49.4988188976378,"Other"
143638,"SAMSUNG ELECTRONICS","QA50Q60BAS",125.727,"LCD (LED)",80,"N/A","Available",4.5,"SAMSUNG ELECTRONICS",49.4988188976378,"Other"
143622,"SAMSUNG ELECTRONICS","QA75Q63BAS",189.338,"LCD (LED)",183,"N/A","Available",4.5,"SAMSUNG ELECTRONICS",74.54251968503937,"Other"
143622,"SAMSUNG ELECTRONICS","QA75Q6*BA*",189.338,"LCD (LED)",183,"N/A","Available",4.5,"SAMSUNG ELECTRONICS",74.54251968503937,"Other"
143622,"SAMSUNG ELECTRONICS","QA75Q63BAK",189.338,"LCD (LED)",183,"N/A","Available",4.5,"SAMSUNG ELECTRONICS",74.54251968503937,"Other"
143622,"SAMSUNG ELECTRONICS","QA75Q60BAW",189.338,"LCD (LED)",183,"N/A","Available",4.5,"SAMSUNG ELECTRONICS",74.54251968503937,"Other"
143622,"SAMSUNG ELECTRONICS","QA75Q60BAS",189.338,"LCD (LED)",183,"N/A","Available",4.5,"SAMSUNG ELECTRONICS",74.54251968503937,"Other"
143616,"SAMSUNG ELECTRONICS","QA65Q63BAS",163.897,"LCD (LED)",117,"N/A","Available",5,"SAMSUNG ELECTRONICS",64.52637795275591,"65-inch"
143616,"SAMSUNG ELECTRONICS","QA65Q6*BA*",163.897,"LCD (LED)",117,"N/A","Available",5,"SAMSUNG ELECTRONICS",64.52637795275591,"65-inch"
143616,"SAMSUNG ELECTRONICS","QA65Q63BAK",163.897,"LCD (LED)",117,"N/A","Available",5,"SAMSUNG ELECTRONICS",64.52637795275591,"65-inch"
143616,"SAMSUNG ELECTRONICS","QA65Q60BAW",163.897,"LCD (LED)",117,"N/A","Available",5,"SAMSUNG ELECTRONICS",64.52637795275591,"65-inch"
143616,"SAMSUNG ELECTRONICS","QA65Q60BAS",163.897,"LCD (LED)",117,"N/A","Available",5,"SAMSUNG ELECTRONICS",64.52637795275591,"65-inch"
144325,"LG","65QNED966QA",163.897,"LCD (LED)",152,"N/A","Available",4,"LG",64.52637795275591,"65-inch"
144327,"LG","75QNED966QA",189.275,"LCD (LED)",172,"N/A","Available",4.5,"LG",74.51771653543307,"Other"
144328,"LG","86UQ91006LA",217.425,"LCD (LED)",250,"N/A","Available",4,"LG",85.60039370078741,"Other"
144343,"Polaroid","PL5021WOS",125.774,"LCD (LED)",54.8,"N/A","Available",6,"POLAROID",49.51732283464567,"Other"
144350,"EKO","K650USG",163.896,"LCD (LED)",137.7,"N/A","Available",4.5,"EKO",64.5259842519685,"65-inch"
144351,"EKO","K240HSG",59.774,"LCD",22,"N/A","Available",5,"EKO",23.53307086614173,"Other"
144352,"BLAUPUNKT","BP240HSG9200",59.774,"LCD",22,"N/A","Available",5,"BLAUPUNKT",23.53307086614173,"Other"
144353,"EKO","K58USG",145.865,"LCD",105.8,"N/A","Available",4,"EKO",57.42716535433071,"Other"
144361,"EKO","K40FSW",100.332,"LCD (LED)",36.32,"N/A","Available",6,"EKO",39.5007874015748,"Other"
144362,"BLAUPUNKT","BP4000F",100.332,"LCD (LED)",25.92,"N/A","Available",6,"BLAUPUNKT",39.5007874015748,"Other"
144365,"EKO","K400FSG",100.305,"LCD",35.8,"N/A","Available",6,"EKO",39.49015748031496,"Other"
144366,"SONY","XR-65X95K",163.878,"LCD (LED)",226,"N/A","Available",2,"SONY",64.51889763779526,"65-inch"
144368,"SONY","XR-75X95K",189.306,"LCD (LED)",242,"N/A","Available",3,"SONY",74.52992125984252,"Other"
144369,"SONY","XR-85X95K",214.783,"LCD (LED)",292,"N/A","Available",3.5,"SONY",84.56023622047243,"Other"
144389,"EKO","K700USG",177.538,"LCD (LED)",160,"N/A","Available",4.5,"EKO",69.89685039370079,"Other"
144396,"LG","OLED83G2PSA",209.585,"OLED",181,"N/A","Available",5.5,"LG",82.51377952755905,"Other"
144397,"LG","OLED83G26LA",209.585,"OLED",181,"N/A","Available",5.5,"LG",82.51377952755905,"Other"
144403,"SONY","XR-65A95K",163.878,"OLED",136,"N/A","Available",4.5,"SONY",64.51889763779526,"65-inch"
144425,"SAMSUNG ELECTRONICS","QA43LS05BAW",107.987,"LCD (LED)",83,"N/A","Available",3,"SAMSUNG ELECTRONICS",42.514566929133856,"Other"
144425,"SAMSUNG ELECTRONICS","QA43LS05BBW",107.987,"LCD (LED)",83,"N/A","Available",3,"SAMSUNG ELECTRONICS",42.514566929133856,"Other"
144425,"SAMSUNG ELECTRONICS","QA43LS05BAS",107.987,"LCD (LED)",83,"N/A","Available",3,"SAMSUNG ELECTRONICS",42.514566929133856,"Other"
144425,"SAMSUNG ELECTRONICS","QA43LS05B**",107.987,"LCD (LED)",83,"N/A","Available",3,"SAMSUNG ELECTRONICS",42.514566929133856,"Other"
144436,"kogan","KAQLED50XQ9610STA",125.638,"LCD (LED)",90,"N/A","Available",4,"KOGAN",49.463779527559055,"Other"
144480,"Panasonic","TH-49LX900Z",123.219,"LCD (LED)",75,"7.0","Available",4.5,"PANASONIC",48.511417322834646,"Other"
144488,"Panasonic","TH-55LX900Z",138.818,"LCD (LED)",77,"8.0","Available",5.5,"PANASONIC",54.65275590551182,"Other"
144494,"Panasonic","TH-65LX900Z",163.853,"LCD (LED)",87,"9.0","Available",6,"PANASONIC",64.50905511811024,"65-inch"
144495,"Panasonic","TH-75LX900Z",189.301,"LCD (LED)",140,"8.0","Available",5.5,"PANASONIC",74.5279527559055,"Other"
144497,"Panasonic","TH-55LX950Z",138.818,"LCD (LED)",81,"8.0","Available",5.5,"PANASONIC",54.65275590551182,"Other"
144499,"Panasonic","TH-65LX950Z",163.853,"LCD (LED)",87,"9.0","Available",6,"PANASONIC",64.50905511811024,"65-inch"
144561,"DGTEC","DG5521WOS",138.798,"LCD",69.6,"N/A","Available",6,"DGTEC",54.64488188976378,"Other"
144564,"AKAI","AK4021S6WOS",100.305,"LCD",35.3,"N/A","Available",6,"AKAI",39.49015748031496,"Other"
144599,"JVC","LT-40N5115AM",100.344,"LCD (LED)",35,"N/A","Available",6,"JVC",39.50551181102362,"Other"
144600,"JVC","LT-55N7115AM",138.886,"LCD (LED)",87.3,"N/A","Available",4.5,"JVC",54.67952755905512,"Other"
144611,"LG","55UP751C0VG",138.783,"LCD (LED)",115,"N/A","Available",4,"LG",54.63897637795275,"Other"
144612,"LG","65UP751C0VG",163.897,"LCD (LED)",145,"N/A","Available",4,"LG",64.52637795275591,"65-inch"
144613,"LG","75UP751C0VC",189.275,"LCD (LED)",171,"N/A","Available",4.5,"LG",74.51771653543307,"Other"
144615,"CHiQ","L24D6C",59.774,"LCD",20.2,"N/A","Available",5,"CHIQ",23.53307086614173,"Other"
144674,"Polaroid","PL3221HDC",80.054,"LCD",26.7,"N/A","Available",6,"POLAROID",31.517322834645668,"32-inch"
144679,"EKO","K55USW",138.798,"LCD",100.9,"N/A","Available",4,"EKO",54.64488188976378,"Other"
144694,"SONY","XR-48A90K",120.713,"OLED",84,"N/A","Available",4,"SONY",47.5248031496063,"Other"
144696,"SONY","KD-50X85K",125.725,"LCD (LED)",93.6,"N/A","Available",4,"SONY",49.49803149606299,"Other"
144699,"SONY","KD-55X85K",138.798,"LCD (LED)",136.6,"N/A","Available",3,"SONY",54.64488188976378,"Other"
144702,"SONY","KD-65X85K",163.878,"LCD (LED)",179.5,"N/A","Available",3,"SONY",64.51889763779526,"65-inch"
144703,"SONY","KD-75X85K",189.306,"LCD (LED)",224.4,"N/A","Available",3.5,"SONY",74.52992125984252,"Other"
144704,"SONY","KD-85X85K",214.783,"LCD (LED)",237.7,"N/A","Available",4,"SONY",84.56023622047243,"Other"
144727,"JVC","LT-75N7125A",188.974,"LCD (LED)",189.3,"N/A","Available",4,"JVC",74.3992125984252,"Other"
144733,"JVC","LT-65N7115AM",163.682,"LCD (LED)",93,"N/A","Available",6,"JVC",64.44173228346456,"65-inch"
144741,"AKAI","AK8521S6WOS",214.783,"LCD",159.1,"N/A","Available",6,"AKAI",84.56023622047243,"Other"
144723,"JVC","LT-55NQ7105AT2",138.783,"LCD (LED)",63.94,"N/A","Available",5,"JVC",54.63897637795275,"Other"
144762,"Linsar","LS85UHDNF",214.783,"LCD",159.1,"N/A","Available",6,"LINSAR",84.56023622047243,"Other"
144837,"kogan","KALED50XU9220STD",125.638,"LCD (LED)",77,"N/A","Available",5,"KOGAN",49.463779527559055,"Other"
144838,"kogan","KALED75XU9220STA",189.306,"LCD (LED)",146,"N/A","Available",5.5,"KOGAN",74.52992125984252,"Other"
144851,"kogan","KAQLED65XQ9610STB",163.829,"LCD (LED)",156,"N/A","Available",4,"KOGAN",64.4996062992126,"65-inch"
144853,"kogan","KALED32RH9310STA",79.967,"LCD (LED)",28,"N/A","Available",6,"KOGAN",31.48307086614173,"32-inch"
144421,"SAMSUNG ELECTRONICS","QA32LS03BBK",80.008,"LCD (LED)",39,"N/A","Available",4.5,"SAMSUNG ELECTRONICS",31.499212598425196,"32-inch"
144421,"SAMSUNG ELECTRONICS","QA32LS03BBW",80.008,"LCD (LED)",39,"N/A","Available",4.5,"SAMSUNG ELECTRONICS",31.499212598425196,"32-inch"
144421,"SAMSUNG ELECTRONICS","QA32LS03BBS",80.008,"LCD (LED)",39,"N/A","Available",4.5,"SAMSUNG ELECTRONICS",31.499212598425196,"32-inch"
144421,"SAMSUNG ELECTRONICS","QA32LS03B**",80.008,"LCD (LED)",39,"N/A","Available",4.5,"SAMSUNG ELECTRONICS",31.499212598425196,"32-inch"
144891,"SONY","KD-43X85K",107.95,"LCD (LED)",76.9,"N/A","Available",3.5,"SONY",42.5,"Other"
144907,"Avel Innovations","AVS240WS",60.22,"LCD (LED)",24.01,"N/A","Available",4.5,"AVEL INNOVATIONS",23.708661417322833,"Other"
144912,"LG","55QNED85SQA",138.783,"LCD (LED)",102,"N/A","Available",4.5,"LG",54.63897637795275,"Other"
144913,"LG","55QNED866QA",138.783,"LCD (LED)",102,"N/A","Available",4.5,"LG",54.63897637795275,"Other"
144914,"LG","65QNED85SQA",163.897,"LCD (LED)",132,"N/A","Available",4.5,"LG",64.52637795275591,"65-inch"
144915,"LG","65QNED866QA",163.897,"LCD (LED)",132,"N/A","Available",4.5,"LG",64.52637795275591,"65-inch"
144916,"LG","75QNED85SQA",189.275,"LCD (LED)",160,"N/A","Available",5,"LG",74.51771653543307,"Other"
144917,"LG","75QNED866QA",189.275,"LCD (LED)",160,"N/A","Available",5,"LG",74.51771653543307,"Other"
144918,"LG","86QNED85SQA",217.425,"LCD (LED)",206,"N/A","Available",5,"LG",85.60039370078741,"Other"
144919,"LG","86QNED866QA",217.425,"LCD (LED)",206,"N/A","Available",5,"LG",85.60039370078741,"Other"
145052,"SONY","XR-42A90K",105.531,"OLED",68,"N/A","Available",4,"SONY",41.54763779527559,"Other"
145125,"Avel Innovations","AVS240KS",60.22,"LCD (LED)",24.37,"N/A","Available",4.5,"AVEL INNOVATIONS",23.708661417322833,"Other"
145126,"Avel Innovations","AVS325KS",80.103,"LCD (LED)",39.33,"N/A","Available",4.5,"AVEL INNOVATIONS",31.536614173228344,"32-inch"
145221,"EKO","K40FSW",100.332,"LCD",68.2,"N/A","Available",3.5,"EKO",39.5007874015748,"Other"
145222,"EKO","K650USG",163.896,"LCD",137.3,"N/A","Available",4.5,"EKO",64.5259842519685,"65-inch"
145328,"kogan","KALED58XU9230STA",146.039,"LCD (LED)",122,"N/A","Available",4,"KOGAN",57.49566929133858,"Other"
145329,"kogan","KALED24RH9310STA",59.774,"LCD (LED)",18,"N/A","Available",6,"KOGAN",23.53307086614173,"Other"
145334,"Polaroid","PL2421FHDC",59.774,"LCD (LED)",18,"9.0","Available",6,"POLAROID",23.53307086614173,"Other"
145374,"TEAC","LE50GA522",125.731,"LCD (LED)",50.6,"N/A","Available",6,"TEAC",49.5003937007874,"Other"
145383,"TEAC","LE55GA522",138.783,"LCD (LED)",53.64,"N/A","Available",6,"TEAC",54.63897637795275,"Other"
145384,"CHiQ","L24G5W",59.774,"LCD (LED)",22,"N/A","Available",5,"CHIQ",23.53307086614173,"Other"
145385,"CHiQ","L32G5W",79.967,"LCD (LED)",35,"N/A","Available",5,"CHIQ",31.48307086614173,"32-inch"
145386,"CHiQ","L40G5W",100.305,"LCD (LED)",50,"N/A","Available",5,"CHIQ",39.49015748031496,"Other"
145414,"EKO","K400DVD",100.332,"LCD",41.95,"N/A","Available",5.5,"EKO",39.5007874015748,"Other"
145463,"KONKA","KUD65WT806AN",163.896,"LCD",137.7,"7.0","Available",4.5,"KONKA",64.5259842519685,"65-inch"
145467,"JVC","LT-43N7125A",107.814,"LCD",49.98,"N/A","Available",4.5,"JVC",42.44645669291338,"Other"
145531,"TCL","43C635",107.95,"LCD (LED)",53.5,"7.0","Available",4.5,"TCL",42.5,"Other"
145568,"Veon","VN32HD2021",80.103,"LCD (LED)",28,"8.0","Available",5.5,"VEON",31.536614173228344,"32-inch"
145635,"JVC","LT-50NQ7115A",125.589,"LCD",86.3,"N/A","Available",4,"JVC",49.44448818897638,"Other"
145730,"LG","65ART90ESQA",163.897,"OLED",126,"N/A","Available",5,"LG",64.52637795275591,"65-inch"
145730,"LG","65ART90ESQB",163.897,"OLED",126,"N/A","Available",5,"LG",64.52637795275591,"65-inch"
145730,"LG","65ART90ESQC",163.897,"OLED",126,"N/A","Available",5,"LG",64.52637795275591,"65-inch"
145730,"LG","65ART90E6QA",163.897,"OLED",126,"N/A","Available",5,"LG",64.52637795275591,"65-inch"
145730,"LG","65ART90E6QB",163.897,"OLED",126,"N/A","Available",5,"LG",64.52637795275591,"65-inch"
145730,"LG","65ART90E6QC",163.897,"OLED",126,"N/A","Available",5,"LG",64.52637795275591,"65-inch"
145730,"LG","65ART90E",163.897,"OLED",126,"N/A","Available",5,"LG",64.52637795275591,"65-inch"
145723,"Kogan","KALED70UN8920SNA",176.537,"LCD (LED)",182.3,"N/A","Available",4,"KOGAN",69.50275590551182,"Other"
145723,"Kogan","KALED70UN8920SNB",176.537,"LCD (LED)",182.3,"N/A","Available",4,"KOGAN",69.50275590551182,"Other"
145723,"Kogan","KALED70UN8920SNC",176.537,"LCD (LED)",182.3,"N/A","Available",4,"KOGAN",69.50275590551182,"Other"
145723,"Kogan","KALED70UN8920SND",176.537,"LCD (LED)",182.3,"N/A","Available",4,"KOGAN",69.50275590551182,"Other"
145723,"Kogan","D70S218-U-T2C-S-I",176.537,"LCD (LED)",182.3,"N/A","Available",4,"KOGAN",69.50275590551182,"Other"
145723,"Kogan","KALED70*",176.537,"LCD (LED)",182.3,"N/A","Available",4,"KOGAN",69.50275590551182,"Other"
145780,"KOGAN","KALED19PRIZC",47.013,"LCD (LED)",15.8694,"N/A","Available",5,"KOGAN",18.509055118110236,"Other"
145811,"Kogan","KALED24EH6300NA",59.827,"LCD (LED)",22.3,"N/A","Available",5,"KOGAN",23.553937007874016,"Other"
145811,"Kogan","KALED24EH6300NB",59.827,"LCD (LED)",22.3,"N/A","Available",5,"KOGAN",23.553937007874016,"Other"
145811,"Kogan","KALED24EH6300NC",59.827,"LCD (LED)",22.3,"N/A","Available",5,"KOGAN",23.553937007874016,"Other"
145811,"Kogan","KALED24EH6300ND",59.827,"LCD (LED)",22.3,"N/A","Available",5,"KOGAN",23.553937007874016,"Other"
145811,"Kogan","D236GD064C-T2C",59.827,"LCD (LED)",22.3,"N/A","Available",5,"KOGAN",23.553937007874016,"Other"
145811,"Kogan","KALED24*",59.827,"LCD (LED)",22.3,"N/A","Available",5,"KOGAN",23.553937007874016,"Other"
145854,"BAUHN","ATV50UHDW-0422",125.725,"LCD",59.7,"N/A","Available",6,"BAUHN",49.49803149606299,"Other"
145910,"EKO","K70USW",176.539,"LCD",104.9,"N/A","Available",6,"EKO",69.5035433070866,"Other"
145986,"TCL","55C735",138.711,"LCD (LED)",74.3,"7.0","Available",5,"TCL",54.61062992125985,"Other"
145987,"TCL","65C735",163.829,"LCD (LED)",108.5,"7.0","Available",5,"TCL",64.4996062992126,"65-inch"
145988,"TCL","75C735",189.306,"LCD (LED)",165.5,"7.0","Available",4.5,"TCL",74.52992125984252,"Other"
145990,"TCL","55C835",138.711,"LCD (LED)",139.5,"7.0","Available",2.5,"TCL",54.61062992125985,"Other"
145993,"TCL","65C835",163.829,"LCD (LED)",175.3,"7.0","Available",3,"TCL",64.4996062992126,"65-inch"
145994,"TCL","75C835",189.306,"LCD (LED)",281,"7.0","Available",2,"TCL",74.52992125984252,"Other"
146006,"Linsar","LS50UHDNF",125.725,"LCD",59.7,"N/A","Available",6,"LINSAR",49.49803149606299,"Other"
145876,"SAMSUNG ELECTRONICS","QA65S95BAW",163.897,"LCD (LED)",155,"N/A","Available",4,"SAMSUNG ELECTRONICS",64.52637795275591,"65-inch"
145876,"SAMSUNG ELECTRONICS","QA65S95BAS",163.897,"LCD (LED)",155,"N/A","Available",4,"SAMSUNG ELECTRONICS",64.52637795275591,"65-inch"
145876,"SAMSUNG ELECTRONICS","QA65S95BA*",163.897,"LCD (LED)",155,"N/A","Available",4,"SAMSUNG ELECTRONICS",64.52637795275591,"65-inch"
146100,"EKO","K43FSG11",107.942,"LCD (LED)",51.8,"N/A","Available",5,"EKO",42.49685039370078,"Other"
146151,"BLAUPUNKT","BP320HSG9700",80.029,"LCD (LED)",34.4,"N/A","Available",4,"BLAUPUNKT",31.507480314960628,"32-inch"
146152,"EKO","K400FSG",100.328,"LCD (LED)",32.8,"N/A","Available",6,"EKO",39.499212598425196,"Other"
146153,"BLAUPUNKT","BP400FSG9700",100.328,"LCD (LED)",32.8,"N/A","Available",6,"BLAUPUNKT",39.499212598425196,"Other"
146179,"BAUHN","ATV70UHDW-0422",176.592,"LCD",107.4,"N/A","Available",6,"BAUHN",69.5244094488189,"Other"
146314,"SAMSUNG ELECTRONICS","QA55S95BA*",138.783,"LCD (LED)",142,"N/A","Available",3,"SAMSUNG ELECTRONICS",54.63897637795275,"Other"
146314,"SAMSUNG ELECTRONICS","QA55S95BAS",138.783,"LCD (LED)",142,"N/A","Available",3,"SAMSUNG ELECTRONICS",54.63897637795275,"Other"
146314,"SAMSUNG ELECTRONICS","QA55S95BAW",138.783,"LCD (LED)",142,"N/A","Available",3,"SAMSUNG ELECTRONICS",54.63897637795275,"Other"
146467,"CHiQ","U50G7P",125.725,"LCD (LED)",72,"N/A","Available",5,"CHIQ",49.49803149606299,"Other"
146468,"CHiQ","U55G7P",138.886,"LCD (LED)",95,"N/A","Available",4.5,"CHIQ",54.67952755905512,"Other"
146469,"CHiQ","U55QM8V",138.798,"LCD (LED)",113,"N/A","Available",4,"CHIQ",54.64488188976378,"Other"
146470,"CHiQ","U65QM8V",163.896,"LCD (LED)",156,"N/A","Available",4,"CHIQ",64.5259842519685,"65-inch"
146505,"Linsar","LS24C12V",62.228,"LCD",15.85,"N/A","Available",6,"LINSAR",24.499212598425196,"Other"
146510,"Panasonic","TH-48LZ980Z",120.703,"OLED",77,"7.0","Available",4.5,"PANASONIC",47.520866141732284,"Other"
146531,"LSP TV","Prison TV",48.313,"LCD (LED)",16.1569,"N/A","Available",5,"LSP TV",19.020866141732284,"Other"
146532,"Panasonic","TH-55LZ980Z",138.818,"OLED",96,"7.0","Available",4.5,"PANASONIC",54.65275590551182,"Other"
146533,"Panasonic","TH-65LZ980Z",163.853,"OLED",125,"8.0","Available",5,"PANASONIC",64.50905511811024,"65-inch"
146534,"Panasonic","TH-55LZ1500Z",138.818,"OLED",95,"7.0","Available",4.5,"PANASONIC",54.65275590551182,"Other"
146535,"Panasonic","TH-65LZ1500Z",163.853,"OLED",121,"8.0","Available",5,"PANASONIC",64.50905511811024,"65-inch"
146538,"Panasonic","TH-55LZ2000Z",138.818,"OLED",107,"7.0","Available",4,"PANASONIC",54.65275590551182,"Other"
146539,"Panasonic","TH-65LZ2000Z",163.853,"OLED",133,"7.0","Available",4.5,"PANASONIC",64.50905511811024,"65-inch"
146540,"Panasonic","TH-77LZ2000Z",194.712,"OLED",187,"7.0","Available",4.5,"PANASONIC",76.65826771653543,"Other"
146556,"CHiQ","L40G7P",100.305,"LCD (LED)",51,"N/A","Available",5,"CHIQ",39.49015748031496,"Other"
146557,"CHiQ","U43G7P",107.863,"LCD (LED)",65,"N/A","Available",4.5,"CHIQ",42.46574803149606,"Other"
146559,"CHiQ","U65G7P",163.829,"LCD (LED)",138,"N/A","Available",4.5,"CHIQ",64.4996062992126,"65-inch"
146562,"BAUHN","ATV55UHDQ-0722",138.711,"LCD",83,"N/A","Available",5.5,"BAUHN",54.61062992125985,"Other"
146462,"PRISM+","Q55 PRO QE",138.711,"LCD (LED)",102.1,"N/A","Available",4,"PRISM+",54.61062992125985,"Other"
146714,"PHILIPS","65PUT8507/79",163.897,"LCD (LED)",116.25,"N/A","Available",4.5,"PHILIPS",64.52637795275591,"65-inch"
146714,"PHILIPS","65PUT8507/75",163.897,"LCD (LED)",116.25,"N/A","Available",4.5,"PHILIPS",64.52637795275591,"65-inch"
146715,"PHILIPS","50PUT8507/79",125.725,"LCD (LED)",81.32,"N/A","Available",4,"PHILIPS",49.49803149606299,"Other"
146715,"PHILIPS","50PUT8507/75",125.725,"LCD (LED)",81.32,"N/A","Available",4,"PHILIPS",49.49803149606299,"Other"
146746,"TOSHIBA","75C350LP",189.274,"LCD (LED)",114.36,"N/A","Available",6,"TOSHIBA",74.51732283464567,"Other"
146754,"WALTON","W32D120GE",80.039,"LCD (LED)",29.57,"N/A","Available",5.5,"WALTON",31.511417322834646,"32-inch"
146754,"WALTON","W32D120G",80.039,"LCD (LED)",29.57,"N/A","Available",5.5,"WALTON",31.511417322834646,"32-inch"
146754,"WALTON","W32D120GAU",80.039,"LCD (LED)",29.57,"N/A","Available",5.5,"WALTON",31.511417322834646,"32-inch"
146754,"WALTON","W32D120G_AU",80.039,"LCD (LED)",29.57,"N/A","Available",5.5,"WALTON",31.511417322834646,"32-inch"
146754,"WALTON","32D120G",80.039,"LCD (LED)",29.57,"N/A","Available",5.5,"WALTON",31.511417322834646,"32-inch"
146754,"WALTON","32D120GAU",80.039,"LCD (LED)",29.57,"N/A","Available",5.5,"WALTON",31.511417322834646,"32-inch"
146754,"WALTON","32D120G_AU",80.039,"LCD (LED)",29.57,"N/A","Available",5.5,"WALTON",31.511417322834646,"32-inch"
146760,"WALTON","WD40RGE",100.333,"LCD (LED)",35.18,"N/A","Available",6,"WALTON",39.5011811023622,"Other"
146760,"WALTON","WD40RG",100.333,"LCD (LED)",35.18,"N/A","Available",6,"WALTON",39.5011811023622,"Other"
146760,"WALTON","WD40RGAU",100.333,"LCD (LED)",35.18,"N/A","Available",6,"WALTON",39.5011811023622,"Other"
146760,"WALTON","WD40RG_AU",100.333,"LCD (LED)",35.18,"N/A","Available",6,"WALTON",39.5011811023622,"Other"
146760,"WALTON","40RG",100.333,"LCD (LED)",35.18,"N/A","Available",6,"WALTON",39.5011811023622,"Other"
146760,"WALTON","40RGAU",100.333,"LCD (LED)",35.18,"N/A","Available",6,"WALTON",39.5011811023622,"Other"
146760,"WALTON","40RG_AU",100.333,"LCD (LED)",35.18,"N/A","Available",6,"WALTON",39.5011811023622,"Other"
146761,"WALTON","W43D210GE",107.956,"LCD (LED)",35.97,"N/A","Available",7,"WALTON",42.50236220472441,"Other"
146761,"WALTON","W43D210G",107.956,"LCD (LED)",35.97,"N/A","Available",7,"WALTON",42.50236220472441,"Other"
146761,"WALTON","W43D210GAU",107.956,"LCD (LED)",35.97,"N/A","Available",7,"WALTON",42.50236220472441,"Other"
146761,"WALTON","W43D210G_AU",107.956,"LCD (LED)",35.97,"N/A","Available",7,"WALTON",42.50236220472441,"Other"
146761,"WALTON","43D210G",107.956,"LCD (LED)",35.97,"N/A","Available",7,"WALTON",42.50236220472441,"Other"
146761,"WALTON","43D210GAU",107.956,"LCD (LED)",35.97,"N/A","Available",7,"WALTON",42.50236220472441,"Other"
146761,"WALTON","43D210G_AU",107.956,"LCD (LED)",35.97,"N/A","Available",7,"WALTON",42.50236220472441,"Other"
146768,"BLAUPUNKT","BP750USG9300",189.266,"LCD",188.97,"N/A","Available",4,"BLAUPUNKT",74.51417322834645,"Other"
146844,"EKO","K55DVAQ",138.613,"LCD",76.044,"N/A","Available",4.5,"EKO",54.572047244094485,"Other"
146846,"EKO","K32FSG11",79.831,"LCD",31.814,"N/A","Available",5,"EKO",31.42952755905512,"32-inch"
146853,"BLAUPUNKT","BP550USG9800",138.798,"LCD",93.324,"N/A","Available",4.5,"BLAUPUNKT",54.64488188976378,"Other"
146866,"EKO","K58USG",146.059,"LCD (LED)",126,"N/A","Available",4,"EKO",57.50354330708661,"Other"
146894,"HISENSE","50A6HAU",125.731,"LCD (LED)",59.47,"N/A","Available",5.5,"HISENSE",49.5003937007874,"Other"
146934,"BLAUPUNKT","BP3200HDV7100",80.043,"LCD (LED)",35.4,"N/A","Available",5,"BLAUPUNKT",31.512992125984255,"32-inch"
146941,"EKO","K65DVAQ",163.644,"LCD",198,"N/A","Available",3,"EKO",64.42677165354331,"65-inch"
147005,"SAMSUNG ELECTRONICS","HG50BU800AW",125.727,"LCD (LED)",94,"N/A","Available",4,"SAMSUNG ELECTRONICS",49.4988188976378,"Other"
147006,"SAMSUNG ELECTRONICS","HG55BU800AW",138.783,"LCD (LED)",113,"N/A","Available",4,"SAMSUNG ELECTRONICS",54.63897637795275,"Other"
147015,"PHILIPS","55PUT8507/79",138.798,"LCD (LED)",94.43,"N/A","Available",4.5,"PHILIPS",54.64488188976378,"Other"
147015,"PHILIPS","55PUT8507/75",138.798,"LCD (LED)",94.43,"N/A","Available",4.5,"PHILIPS",54.64488188976378,"Other"
147021,"SAMSUNG ELECTRONICS","HG43BU800AW",107.987,"LCD (LED)",73,"N/A","Available",4,"SAMSUNG ELECTRONICS",42.514566929133856,"Other"
147023,"SAMSUNG ELECTRONICS","HG65BU800AW",163.897,"LCD (LED)",119,"N/A","Available",5,"SAMSUNG ELECTRONICS",64.52637795275591,"65-inch"
147053,"SAMSUNG ELECTRONICS","HG75BU800AW",189.338,"LCD (LED)",157,"N/A","Available",5,"SAMSUNG ELECTRONICS",74.54251968503937,"Other"
147071,"HISENSE","58A6HAU",146.068,"LCD (LED)",79.33,"N/A","Available",5.5,"HISENSE",57.50708661417323,"Other"
147072,"TOSHIBA","43C350LP",107.986,"LCD (LED)",51.12,"N/A","Available",5,"TOSHIBA",42.51417322834646,"Other"
147080,"TOSHIBA","50C350LP",125.731,"LCD (LED)",67.75,"N/A","Available",5,"TOSHIBA",49.5003937007874,"Other"
147081,"TOSHIBA","55C350LP",138.783,"LCD (LED)",63.89,"N/A","Available",6,"TOSHIBA",54.63897637795275,"Other"
147084,"TOSHIBA","65C350LP",163.896,"LCD (LED)",82.49,"N/A","Available",6,"TOSHIBA",64.5259842519685,"65-inch"
147089,"PHILIPS","50PUT8217/79",125.725,"LCD (LED)",61.3,"N/A","Available",5.5,"PHILIPS",49.49803149606299,"Other"
147089,"PHILIPS","50PUT8217/75",125.725,"LCD (LED)",61.3,"N/A","Available",5.5,"PHILIPS",49.49803149606299,"Other"
147091,"PHILIPS","75PUT8507/79",189.306,"LCD (LED)",127.69,"N/A","Available",5.5,"PHILIPS",74.52992125984252,"Other"
147091,"PHILIPS","75PUT8507/75",189.306,"LCD (LED)",127.69,"N/A","Available",5.5,"PHILIPS",74.52992125984252,"Other"
147093,"TCL","85P735",214.783,"LCD (LED)",180.5,"7.0","Available",5,"TCL",84.56023622047243,"Other"
147095,"TCL","85C735",214.783,"LCD (LED)",223.7,"7.0","Available",4,"TCL",84.56023622047243,"Other"
147139,"PHILIPS","55PUT8217/79",138.798,"LCD (LED)",72.57,"N/A","Available",5.5,"PHILIPS",54.64488188976378,"Other"
147139,"PHILIPS","55PUT8217/75",138.798,"LCD (LED)",72.57,"N/A","Available",5.5,"PHILIPS",54.64488188976378,"Other"
147180,"LG","43UQ751C0LF",107.987,"LCD (LED)",77,"N/A","Available",3.5,"LG",42.514566929133856,"Other"
147181,"LG","50UQ751C0LF",125.727,"LCD (LED)",93,"N/A","Available",4,"LG",49.4988188976378,"Other"
147182,"LG","55UQ751C0LF",138.783,"LCD (LED)",114,"N/A","Available",4,"LG",54.63897637795275,"Other"
147183,"LG","65UQ751C0LF",163.897,"LCD (LED)",145,"N/A","Available",4,"LG",64.52637795275591,"65-inch"
147184,"LG","75UQ801C0LB",189.275,"LCD (LED)",165,"N/A","Available",5,"LG",74.51771653543307,"Other"
147185,"LG","42LX1Q6LA",105.52,"OLED",63,"N/A","Available",4.5,"LG",41.54330708661417,"Other"
147186,"LG","42LX1QPSA",105.52,"OLED",63,"N/A","Available",4.5,"LG",41.54330708661417,"Other"
147187,"LG","48LX1Q6LA",120.721,"OLED",77,"N/A","Available",4.5,"LG",47.52795275590551,"Other"
147188,"LG","48LX1QPSA",120.721,"OLED",77,"N/A","Available",4.5,"LG",47.52795275590551,"Other"
147189,"LG","55LX1Q6LA",138.783,"OLED",95,"N/A","Available",4.5,"LG",54.63897637795275,"Other"
147190,"LG","55LX1QPSA",138.783,"OLED",95,"N/A","Available",4.5,"LG",54.63897637795275,"Other"
147239,"Caixun","LE-24T1",59.774,"LCD (LED)",16.3,"N/A","Available",5.5,"CAIXUN",23.53307086614173,"Other"
147239,"Caixun","LE-24T2",59.774,"LCD (LED)",16.3,"N/A","Available",5.5,"CAIXUN",23.53307086614173,"Other"
147239,"Caixun","LE-24T3",59.774,"LCD (LED)",16.3,"N/A","Available",5.5,"CAIXUN",23.53307086614173,"Other"
147239,"Caixun","LE-24V1",59.774,"LCD (LED)",16.3,"N/A","Available",5.5,"CAIXUN",23.53307086614173,"Other"
147239,"Caixun","LE-24V2",59.774,"LCD (LED)",16.3,"N/A","Available",5.5,"CAIXUN",23.53307086614173,"Other"
147239,"Caixun","LE-24V3",59.774,"LCD (LED)",16.3,"N/A","Available",5.5,"CAIXUN",23.53307086614173,"Other"
147329,"PRISM+","Q65 PRO QE",163.896,"LCD (LED)",93.43,"N/A","Available",5.5,"PRISM+",64.5259842519685,"65-inch"
147395,"Panasonic","TH-43LX650Z",108.124,"LCD (LED)",56,"8.0","Available",5,"PANASONIC",42.56850393700787,"Other"
147396,"Panasonic","TH-50LX650Z",125.676,"LCD (LED)",64.17,"8.0","Available",5,"PANASONIC",49.47874015748032,"Other"
147398,"Panasonic","TH-65LX650Z",163.867,"LCD (LED)",93.65,"9.0","Available",6,"PANASONIC",64.51456692913385,"65-inch"
147399,"Panasonic","TH-55LX650Z",138.798,"LCD (LED)",77.67,"8.0","Available",5,"PANASONIC",54.64488188976378,"Other"
147400,"Panasonic","TH-75LX650Z",189.306,"LCD (LED)",118.27,"9.0","Available",6,"PANASONIC",74.52992125984252,"Other"
147401,"Panasonic","TH-43LX800Z",108.124,"LCD (LED)",56,"8.0","Available",5,"PANASONIC",42.56850393700787,"Other"
147402,"Panasonic","TH-50LX800Z",125.676,"LCD (LED)",80.28,"7.0","Available",4.5,"PANASONIC",49.47874015748032,"Other"
147403,"Panasonic","TH-55LX800Z",138.798,"LCD (LED)",159.72,"5.5","Available",2.5,"PANASONIC",54.64488188976378,"Other"
147404,"Panasonic","TH-65LX800Z",163.867,"LCD (LED)",120.81,"8.0","Available",5,"PANASONIC",64.51456692913385,"65-inch"
147405,"Panasonic","TH-75LX800Z",189.306,"LCD (LED)",160.49,"8.0","Available",5,"PANASONIC",74.52992125984252,"Other"
147512,"kogan","KALED50XU9220STE",125.638,"LCD (LED)",77,"N/A","Available",5,"KOGAN",49.463779527559055,"Other"
140925,"AKAI","AK2421FHD",59.774,"LCD (LED)",18,"N/A","Available",6,"AKAI",23.53307086614173,"Other"
140925,"AKAI","AK2421HD",59.774,"LCD (LED)",18,"N/A","Available",6,"AKAI",23.53307086614173,"Other"
140925,"AKAI","AK2421S5D",59.774,"LCD (LED)",18,"N/A","Available",6,"AKAI",23.53307086614173,"Other"
147551,"KONIC","KUD85SG692AS",214.783,"LCD (LED)",200.76,"8.0","Available",5,"KONIC",84.56023622047243,"Other"
147582,"Polaroid","PL3222HDG",80.997,"LCD",23.798,"N/A","Available",6,"POLAROID",31.888582677165353,"32-inch"
147703,"TEAC","LE32GA322",79.967,"LCD (LED)",25.8,"N/A","Available",5.5,"TEAC",31.48307086614173,"32-inch"
147705,"Caixun","LE-39T1",97.401,"LCD (LED)",32,"N/A","Available",6,"CAIXUN",38.346850393700784,"Other"
147705,"Caixun","LE-39T2",97.401,"LCD (LED)",32,"N/A","Available",6,"CAIXUN",38.346850393700784,"Other"
147705,"Caixun","LE-39T3",97.401,"LCD (LED)",32,"N/A","Available",6,"CAIXUN",38.346850393700784,"Other"
147705,"Caixun","LE-39V1",97.401,"LCD (LED)",32,"N/A","Available",6,"CAIXUN",38.346850393700784,"Other"
147705,"Caixun","LE-39V2",97.401,"LCD (LED)",32,"N/A","Available",6,"CAIXUN",38.346850393700784,"Other"
147705,"Caixun","LE-39V3",97.401,"LCD (LED)",32,"N/A","Available",6,"CAIXUN",38.346850393700784,"Other"
147706,"LG","50UR765H0VC",125.727,"LCD (LED)",78,"N/A","Available",4.5,"LG",49.4988188976378,"Other"
147709,"LG","55UR765H0VC",138.783,"LCD (LED)",80,"N/A","Available",5.5,"LG",54.63897637795275,"Other"
147710,"LG","65UR765H0VC",163.897,"LCD (LED)",115,"N/A","Available",5,"LG",64.52637795275591,"65-inch"
147707,"Caixun","LE-40T1",100.305,"LCD (LED)",35.9,"N/A","Available",6,"CAIXUN",39.49015748031496,"Other"
147707,"Caixun","LE-40T2",100.305,"LCD (LED)",35.9,"N/A","Available",6,"CAIXUN",39.49015748031496,"Other"
147707,"Caixun","LE-40T3",100.305,"LCD (LED)",35.9,"N/A","Available",6,"CAIXUN",39.49015748031496,"Other"
147707,"Caixun","LE-40V1",100.305,"LCD (LED)",35.9,"N/A","Available",6,"CAIXUN",39.49015748031496,"Other"
147707,"Caixun","LE-40V2",100.305,"LCD (LED)",35.9,"N/A","Available",6,"CAIXUN",39.49015748031496,"Other"
147707,"Caixun","LE-40V3",100.305,"LCD (LED)",35.9,"N/A","Available",6,"CAIXUN",39.49015748031496,"Other"
147711,"LG","75UR765H0VC",189.275,"LCD (LED)",140,"N/A","Available",5.5,"LG",74.51771653543307,"Other"
147713,"Caixun","LE-42T1",105.348,"LCD (LED)",38.3,"N/A","Available",6,"CAIXUN",41.4755905511811,"Other"
147713,"Caixun","LE-42T2",105.348,"LCD (LED)",38.3,"N/A","Available",6,"CAIXUN",41.4755905511811,"Other"
147713,"Caixun","LE-42T3",105.348,"LCD (LED)",38.3,"N/A","Available",6,"CAIXUN",41.4755905511811,"Other"
147713,"Caixun","LE-42V1",105.348,"LCD (LED)",38.3,"N/A","Available",6,"CAIXUN",41.4755905511811,"Other"
147713,"Caixun","LE-42V2",105.348,"LCD (LED)",38.3,"N/A","Available",6,"CAIXUN",41.4755905511811,"Other"
147713,"Caixun","LE-42V3",105.348,"LCD (LED)",38.3,"N/A","Available",6,"CAIXUN",41.4755905511811,"Other"
147716,"Caixun","LE-43T1",107.95,"LCD (LED)",39.5,"N/A","Available",6,"CAIXUN",42.5,"Other"
147716,"Caixun","LE-43T2",107.95,"LCD (LED)",39.5,"N/A","Available",6,"CAIXUN",42.5,"Other"
147716,"Caixun","LE-43T3",107.95,"LCD (LED)",39.5,"N/A","Available",6,"CAIXUN",42.5,"Other"
147716,"Caixun","LE-43V1",107.95,"LCD (LED)",39.5,"N/A","Available",6,"CAIXUN",42.5,"Other"
147716,"Caixun","LE-43V2",107.95,"LCD (LED)",39.5,"N/A","Available",6,"CAIXUN",42.5,"Other"
147716,"Caixun","LE-43V3",107.95,"LCD (LED)",39.5,"N/A","Available",6,"CAIXUN",42.5,"Other"
147926,"TCL","65C935",163.829,"LCD (LED)",171.2,"7.0","Available",3,"TCL",64.4996062992126,"65-inch"
147927,"TCL","75C935",189.306,"LCD (LED)",201,"7.0","Available",3.5,"TCL",74.52992125984252,"Other"
148038,"BAUHN","ATV75UHDW-0622",189.306,"LCD (LED)",127.7,"N/A","Available",6,"BAUHN",74.52992125984252,"Other"
148071,"BLAUPUNKT","BP650USG9700",163.897,"LCD (LED)",109,"N/A","Available",5.5,"BLAUPUNKT",64.52637795275591,"65-inch"
148077,"BLAUPUNKT","BP860USG9700",217.421,"LCD (LED)",270,"N/A","Available",4,"BLAUPUNKT",85.59881889763778,"Other"
148080,"BLAUPUNKT","BP550USG9700",138.783,"LCD (LED)",91,"N/A","Available",5,"BLAUPUNKT",54.63897637795275,"Other"
148082,"BLAUPUNKT","BP420FSG9700",105.407,"LCD (LED)",43.9,"N/A","Available",6,"BLAUPUNKT",41.49881889763779,"Other"
148083,"HISENSE","55U7HAU",138.783,"LCD (LED)",92.3,"N/A","Available",4.5,"HISENSE",54.63897637795275,"Other"
148083,"HISENSE","55U7HNZ",138.783,"LCD (LED)",92.3,"N/A","Available",4.5,"HISENSE",54.63897637795275,"Other"
148084,"HISENSE","65U7HAU",163.896,"LCD (LED)",115.68,"N/A","Available",5,"HISENSE",64.5259842519685,"65-inch"
148084,"HISENSE","65U7HNZ",163.896,"LCD (LED)",115.68,"N/A","Available",5,"HISENSE",64.5259842519685,"65-inch"
148085,"HISENSE","75U7HAU",189.274,"LCD (LED)",148.69,"N/A","Available",5,"HISENSE",74.51732283464567,"Other"
148085,"HISENSE","75U7HNZ",189.274,"LCD (LED)",148.69,"N/A","Available",5,"HISENSE",74.51732283464567,"Other"
148086,"HISENSE","85U7HAU",214.783,"LCD (LED)",214.94,"N/A","Available",4.5,"HISENSE",84.56023622047243,"Other"
148086,"HISENSE","85U7HNZ",214.783,"LCD (LED)",214.94,"N/A","Available",4.5,"HISENSE",84.56023622047243,"Other"
148089,"HISENSE","32A4HAU",80.04,"LCD (LED)",25.32,"N/A","Available",6,"HISENSE",31.511811023622048,"32-inch"
148090,"HISENSE","40A4HAU",100.332,"LCD (LED)",32.9,"N/A","Available",6,"HISENSE",39.5007874015748,"Other"
148096,"SAMSUNG ELECTRONICS","QA98QN100BW",247.702,"LCD (LED)",438,"N/A","Available",3,"SAMSUNG ELECTRONICS",97.52047244094489,"Other"
148096,"SAMSUNG ELECTRONICS","QA98QN100BS",247.702,"LCD (LED)",438,"N/A","Available",3,"SAMSUNG ELECTRONICS",97.52047244094489,"Other"
148096,"SAMSUNG ELECTRONICS","QA98QN100B*",247.702,"LCD (LED)",438,"N/A","Available",3,"SAMSUNG ELECTRONICS",97.52047244094489,"Other"
148083,"HISENSE","55U7H series",138.783,"LCD (LED)",92.3,"N/A","Available",4.5,"HISENSE",54.63897637795275,"Other"
148084,"HISENSE","65U7H series",163.896,"LCD (LED)",115.68,"N/A","Available",5,"HISENSE",64.5259842519685,"65-inch"
148085,"HISENSE","75U7H series",189.274,"LCD (LED)",148.69,"N/A","Available",5,"HISENSE",74.51732283464567,"Other"
148086,"HISENSE","85U7H series",214.783,"LCD (LED)",214.94,"N/A","Available",4.5,"HISENSE",84.56023622047243,"Other"
148158,"SAMSUNG ELECTRONICS","HG43Q60BAAW",107.987,"LCD (LED)",70,"N/A","Available",4,"SAMSUNG ELECTRONICS",42.514566929133856,"Other"
148160,"SAMSUNG ELECTRONICS","HG50Q60BAAW",125.727,"LCD (LED)",80,"N/A","Available",4.5,"SAMSUNG ELECTRONICS",49.4988188976378,"Other"
148162,"SAMSUNG ELECTRONICS","HG55Q60BAAW",138.783,"LCD (LED)",87,"N/A","Available",5,"SAMSUNG ELECTRONICS",54.63897637795275,"Other"
148163,"SAMSUNG ELECTRONICS","HG65Q60BAAW",163.897,"LCD (LED)",117,"N/A","Available",5,"SAMSUNG ELECTRONICS",64.52637795275591,"65-inch"
148164,"SAMSUNG ELECTRONICS","HG75Q60BAAW",189.338,"LCD (LED)",183,"N/A","Available",4.5,"SAMSUNG ELECTRONICS",74.54251968503937,"Other"
147727,"BAUHN","ATV40FHDG-1122",100.305,"LCD (LED)",40,"N/A","Available",6,"BAUHN",39.49015748031496,"Other"
147727,"BAUHN","ATV40FHDG-0822",100.305,"LCD (LED)",40,"N/A","Available",6,"BAUHN",39.49015748031496,"Other"
148197,"Panasonic","TH-55LX800Z",138.798,"LCD (LED)",97.96,"7.0","Available",4.5,"PANASONIC",54.64488188976378,"Other"
147946,"Philips","32PHT6915/79",80.054,"LCD (LED)",35.47,"7.0","Available",4.5,"PHILIPS",31.517322834645668,"32-inch"
148240,"Philips","43PFT6915/79",107.942,"LCD (LED)",50.44,"8.0","Available",5,"PHILIPS",42.49685039370078,"Other"
148246,"KOGAN","LE-40T1",100.332,"LCD (LED)",34.7106,"N/A","Available",6,"KOGAN",39.5007874015748,"Other"
148246,"KOGAN","KALED40GF7600VA",100.332,"LCD (LED)",34.7106,"N/A","Available",6,"KOGAN",39.5007874015748,"Other"
148251,"LG","OLED55CS6LA",138.783,"OLED",102,"N/A","Available",4.5,"LG",54.63897637795275,"Other"
148252,"LG","OLED55CSPSA",138.783,"OLED",102,"N/A","Available",4.5,"LG",54.63897637795275,"Other"
148253,"LG","OLED65CS6LA",163.897,"OLED",126,"N/A","Available",5,"LG",64.52637795275591,"65-inch"
148254,"LG","OLED65CSPSA",163.897,"OLED",126,"N/A","Available",5,"LG",64.52637795275591,"65-inch"
148255,"LG","OLED77CS6LA",194.738,"OLED",156,"N/A","Available",5.5,"LG",76.66850393700787,"Other"
148256,"LG","OLED77CSPSA",194.738,"OLED",156,"N/A","Available",5.5,"LG",76.66850393700787,"Other"
148257,"LG","42LX3Q6LA",105.52,"OLED",63,"N/A","Available",4.5,"LG",41.54330708661417,"Other"
148258,"LG","42LX3QPSA",105.52,"OLED",63,"N/A","Available",4.5,"LG",41.54330708661417,"Other"
148259,"LG","50QNED7SSQA",125.727,"LCD (LED)",73,"N/A","Available",5,"LG",49.4988188976378,"Other"
148260,"LG","55QNED7SSQA",138.783,"LCD (LED)",94,"N/A","Available",4.5,"LG",54.63897637795275,"Other"
148261,"LG","65QNED7SSQA",163.897,"LCD (LED)",114,"N/A","Available",5,"LG",64.52637795275591,"65-inch"
148262,"LG","75QNED7SSQA",189.275,"LCD (LED)",130,"N/A","Available",6,"LG",74.51771653543307,"Other"
148264,"JVC","JV55ID7A2022Q",138.798,"LCD (LED)",100.2,"7.0","Available",4,"JVC",54.64488188976378,"Other"
148284,"EKO","K32DVD",80.043,"LCD",35.2,"N/A","Available",5,"EKO",31.512992125984255,"32-inch"
148317,"Philips","65PUT7906/75",163.897,"LCD (LED)",128.4,"7.0","Available",4.5,"PHILIPS",64.52637795275591,"65-inch"
148437,"SMARTTECH","SMT-U50T1",125.731,"LCD (LED)",50.6,"N/A","Available",6,"SMARTTECH",49.5003937007874,"Other"
148468,"SMARTTECH","SMT-U55T1",138.783,"LCD (LED)",53.64,"N/A","Available",6,"SMARTTECH",54.63897637795275,"Other"
148475,"SMARTTECH","SMT-U65T1",163.896,"LCD (LED)",99.95,"N/A","Available",5.5,"SMARTTECH",64.5259842519685,"65-inch"
148494,"KOGAN","LE-32T1",80.039,"LCD (LED)",26.4498,"N/A","Available",5.5,"KOGAN",31.511417322834646,"32-inch"
148494,"KOGAN","KALED32QH6200VA",80.039,"LCD (LED)",26.4498,"N/A","Available",5.5,"KOGAN",31.511417322834646,"32-inch"
148496,"Kogan","LE-24T1",59.824,"LCD (LED)",17.1498,"N/A","Available",5.5,"KOGAN",23.55275590551181,"Other"
148496,"Kogan","KALED24DH5200VA",59.824,"LCD (LED)",17.1498,"N/A","Available",5.5,"KOGAN",23.55275590551181,"Other"
148504,"LG","OLED97G2PSA",245.145,"OLED",219,"N/A","Available",6,"LG",96.51377952755905,"Other"
148505,"LG","OLED97G26LA",245.145,"OLED",219,"N/A","Available",6,"LG",96.51377952755905,"Other"
148553,"Sphere","S8LED185",46.995,"LCD (LED)",17.74,"N/A","Available",4.5,"SPHERE",18.501968503937007,"Other"
148553,"Sphere","S8LED185S",46.995,"LCD (LED)",17.74,"N/A","Available",4.5,"SPHERE",18.501968503937007,"Other"
148579,"Sphere","S8LED215",54.687,"LCD (LED)",24.81,"N/A","Available",4,"SPHERE",21.53031496062992,"Other"
148579,"Sphere","S8LED215S",54.687,"LCD (LED)",24.81,"N/A","Available",4,"SPHERE",21.53031496062992,"Other"
148581,"Sphere","S8LED238",60.47,"LCD (LED)",26.67,"N/A","Available",4,"SPHERE",23.807086614173226,"Other"
148581,"Sphere","S8LED238S",60.47,"LCD (LED)",26.67,"N/A","Available",4,"SPHERE",23.807086614173226,"Other"
148595,"BAUHN","ATV70UHDT-1022",176.545,"LCD",97.8,"N/A","Available",6,"BAUHN",69.50590551181102,"Other"
148597,"BLAUPUNKT","BP550USG9700",138.798,"LCD",93.324,"N/A","Available",4.5,"BLAUPUNKT",54.64488188976378,"Other"
148614,"HISENSE","55U8HAU",138.783,"LCD (LED)",115.84,"N/A","Available",3.5,"HISENSE",54.63897637795275,"Other"
148614,"HISENSE","55U8HNZ",138.783,"LCD (LED)",115.84,"N/A","Available",3.5,"HISENSE",54.63897637795275,"Other"
148615,"HISENSE","65U8HAU",163.896,"LCD (LED)",159.55,"N/A","Available",3.5,"HISENSE",64.5259842519685,"65-inch"
148615,"HISENSE","65U8HNZ",163.896,"LCD (LED)",159.55,"N/A","Available",3.5,"HISENSE",64.5259842519685,"65-inch"
148613,"Smarttech","SMT-H32T1",79.967,"LCD (LED)",25.8,"N/A","Available",5.5,"SMARTTECH",31.48307086614173,"32-inch"
148618,"Smarttech","SMT-F40T1",100.305,"LCD (LED)",35.9,"N/A","Available",6,"SMARTTECH",39.49015748031496,"Other"
148621,"DECAMAX","WY55F1F-EU",138.666,"LCD (LED)",106.68,"6.0","Available",3.5,"DECAMAX",54.59291338582677,"Other"
148579,"Sphere","S8LED215 series",54.687,"LCD (LED)",24.81,"N/A","Available",4,"SPHERE",21.53031496062992,"Other"
148569,"Signify","EA2277",138.783,"LCD (LED)",98.268,"N/A","Available",4.5,"SIGNIFY",54.63897637795275,"Other"
148691,"JVC","AV-H323115A11",80.139,"LCD",31.9,"N/A","Available",5.5,"JVC",31.5507874015748,"32-inch"
148691,"JVC","LT-32N3115A11",80.139,"LCD",31.9,"N/A","Available",5.5,"JVC",31.5507874015748,"32-inch"
148614,"HISENSE","55U8H series",138.783,"LCD (LED)",115.84,"N/A","Available",3.5,"HISENSE",54.63897637795275,"Other"
148691,"JVC","NA",80.139,"LCD",31.9,"N/A","Available",5.5,"JVC",31.5507874015748,"32-inch"
148693,"JVC","LT-40N5115A11",100.791,"LCD",36.7,"N/A","Available",5,"JVC",39.681496062992125,"Other"
148694,"JVC","AV-H657115A11",163.132,"LCD",124.968,"N/A","Available",4.5,"JVC",64.2251968503937,"65-inch"
148694,"JVC","LT-65N7115A11",163.132,"LCD",124.968,"N/A","Available",4.5,"JVC",64.2251968503937,"65-inch"
148694,"JVC","NA",163.132,"LCD",124.968,"N/A","Available",4.5,"JVC",64.2251968503937,"65-inch"
148696,"JVC","AV-H557135A11",138.412,"LCD",102,"N/A","Available",4.5,"JVC",54.492913385826775,"Other"
148696,"JVC","LT-55N7115A11",138.412,"LCD",102,"N/A","Available",4.5,"JVC",54.492913385826775,"Other"
148696,"JVC","NA",138.412,"LCD",102,"N/A","Available",4.5,"JVC",54.492913385826775,"Other"
148700,"JVC","AV-H437115A11",107.912,"LCD",73,"N/A","Available",4,"JVC",42.485039370078745,"Other"
148709,"SVISION","SC32HSG",80.029,"LCD (LED)",34.4,"N/A","Available",4,"SVISION",31.507480314960628,"32-inch"
148615,"HISENSE","65U8H series",163.896,"LCD (LED)",159.55,"N/A","Available",3.5,"HISENSE",64.5259842519685,"65-inch"
148739,"ARK","H24",59.736,"LCD",14,"10.0","Available",7,"ARK",23.518110236220473,"Other"
148774,"Linsar","LS98UHDNF",247.695,"LCD",214.416,"N/A","Available",6,"LINSAR",97.51771653543307,"Other"
148780,"AKAI","AK5021S6WOS",125.725,"LCD (LED)",59.7,"N/A","Available",6,"AKAI",49.49803149606299,"Other"
148787,"BLAUPUNKT","BP400FSG9700",100.791,"LCD",50.5,"N/A","Available",5,"BLAUPUNKT",39.681496062992125,"Other"
148834,"BLAUPUNKT","BP320HSG9700",80.139,"LCD",31.9,"N/A","Available",5.5,"BLAUPUNKT",31.5507874015748,"32-inch"
148837,"EKO","K320HSG",80.139,"LCD",31.9,"N/A","Available",5.5,"EKO",31.5507874015748,"32-inch"
148902,"CHiQ","L32D6C",79.967,"LCD (LED)",30,"N/A","Available",5.5,"CHIQ",31.48307086614173,"32-inch"
148994,"EKO","K650USG",163.132,"LCD",124.968,"N/A","Available",4.5,"EKO",64.2251968503937,"65-inch"
148995,"EKO","K550USG",138.798,"LCD",93.324,"N/A","Available",4.5,"EKO",54.64488188976378,"Other"
149006,"EKO","K55USW",138.783,"LCD",96.06,"N/A","Available",4.5,"EKO",54.63897637795275,"Other"
149013,"EKO","K65USW",163.896,"LCD",111.39,"N/A","Available",5.5,"EKO",64.5259842519685,"65-inch"
149014,"EKO","K75USW",189.34,"LCD",228.91,"N/A","Available",3.5,"EKO",74.54330708661418,"Other"
149024,"BLAUPUNKT","BP650USG9700",163.132,"LCD",124.968,"N/A","Available",4.5,"BLAUPUNKT",64.2251968503937,"65-inch"
149021,"KOGAN","KALED55RT9230SVA",138.783,"LCD (LED)",53.64,"N/A","Available",6,"KOGAN",54.63897637795275,"Other"
149033,"LG","55AN960H0SD",138.783,"OLED",70,"N/A","Available",6,"LG",54.63897637795275,"Other"
149034,"LG","65AN960H0SD",163.897,"OLED",87,"N/A","Available",6,"LG",64.52637795275591,"65-inch"
149035,"Veon","VNG22F5022",125.812,"LCD (LED)",72.1,"8.0","Available",5,"VEON",49.53228346456693,"Other"
149039,"Veon","VNG22F5522",138.711,"LCD",94.8,"7.0","Available",4.5,"VEON",54.61062992125985,"Other"
149055,"ENGLAON","LED40X70",100.722,"LCD (LED)",36.27,"N/A","Available",6,"ENGLAON",39.65433070866141,"Other"
149055,"ENGLAON","LED40X90",100.722,"LCD (LED)",36.27,"N/A","Available",6,"ENGLAON",39.65433070866141,"Other"
149055,"ENGLAON","Smart LED TV",100.722,"LCD (LED)",36.27,"N/A","Available",6,"ENGLAON",39.65433070866141,"Other"
149165,"METZ","65MXD9500N",164.249,"OLED",113.4,"7.0","Available",4,"METZ",64.66496062992125,"65-inch"
149170,"EKO","K400DVD",100.332,"LCD",47.02,"N/A","Available",5,"EKO",39.5007874015748,"Other"
149174,"BLAUPUNKT","BP750USG9700",188.424,"LCD",221.6,"N/A","Available",3.5,"BLAUPUNKT",74.18267716535433,"Other"
149209,"EKO","K500USG",125.251,"LCD",102.36,"N/A","Available",3.5,"EKO",49.31141732283465,"Other"
149243,"HISENSE","75U80HAU",189.274,"LCD (LED)",243.11,"N/A","Available",3,"HISENSE",74.51732283464567,"Other"
149245,"HISENSE","55X8HAU",138.783,"OLED",78.58,"N/A","Available",5,"HISENSE",54.63897637795275,"Other"
149244,"HISENSE","65X8HAU",163.896,"OLED",92.33,"N/A","Available",6,"HISENSE",64.5259842519685,"65-inch"
149241,"HISENSE","65U9HAU",163.896,"LCD (LED)",168.67,"N/A","Available",3.5,"HISENSE",64.5259842519685,"65-inch"
149246,"HISENSE","65X9HAU",163.896,"OLED",108.3,"N/A","Available",5,"HISENSE",64.5259842519685,"65-inch"
149255,"HISENSE","98U7HNZ",247.695,"LCD (LED)",256.93,"N/A","Available",5,"HISENSE",97.51771653543307,"Other"
149255,"HISENSE","98U7HAU",247.695,"LCD (LED)",256.93,"N/A","Available",5,"HISENSE",97.51771653543307,"Other"
149255,"HISENSE","98U7H series",247.695,"LCD (LED)",256.93,"N/A","Available",5,"HISENSE",97.51771653543307,"Other"
149267,"BLAUPUNKT","BP85WOS",214.783,"LCD",203.32,"N/A","Available",5,"BLAUPUNKT",84.56023622047243,"Other"
149326,"Linsar","LS82UHDNF2",207.217,"LCD",170.6,"N/A","Available",5.5,"LINSAR",81.58149606299213,"Other"
149327,"ENGLAON","LED32X70",80.784,"LCD (LED)",38.46,"N/A","Available",4.5,"ENGLAON",31.80472440944882,"32-inch"
149327,"ENGLAON","LED32X90",80.784,"LCD (LED)",38.46,"N/A","Available",4.5,"ENGLAON",31.80472440944882,"32-inch"
149327,"ENGLAON","Smart LED TV",80.784,"LCD (LED)",38.46,"N/A","Available",4.5,"ENGLAON",31.80472440944882,"32-inch"
149339,"FURRION","FDFD24D4D",60.47,"LCD",31.98,"N/A","Available",3.5,"FURRION",23.807086614173226,"Other"
149386,"Veon","VNG22F7522",189.344,"LCD (LED)",175.6,"7.0","Available",4.5,"VEON",74.54488188976377,"Other"
149387,"Veon","VNG22F6522",163.829,"LCD (LED)",128.1,"7.0","Available",4.5,"VEON",64.4996062992126,"65-inch"
149422,"KOGAN","KAOLED55X2SKA",138.554,"OLED",90.1,"N/A","Available",4,"KOGAN",54.548818897637794,"Other"
149423,"KOGAN","KAOLED65X2SKA",164.249,"OLED",113.4,"N/A","Available",4,"KOGAN",64.66496062992125,"65-inch"
149426,"TCL","55RP630",138.711,"LCD (LED)",41.8,"7.0","Available",7,"TCL",54.61062992125985,"Other"
149433,"LG","43UQ901C0SD",107.987,"LCD (LED)",75,"N/A","Available",3.5,"LG",42.514566929133856,"Other"
149434,"LG","50UQ901C0SD",125.727,"LCD (LED)",90,"N/A","Available",4,"LG",49.4988188976378,"Other"
149435,"LG","55UQ901C0SD",138.783,"LCD (LED)",114,"N/A","Available",4,"LG",54.63897637795275,"Other"
149436,"LG","65UQ901C0SD",163.897,"LCD (LED)",148,"N/A","Available",4,"LG",64.52637795275591,"65-inch"
149437,"LG","75UQ901C0SD",189.275,"LCD (LED)",165,"N/A","Available",5,"LG",74.51771653543307,"Other"
149438,"LG","86UQ901C0SD",217.425,"LCD (LED)",250,"N/A","Available",4,"LG",85.60039370078741,"Other"
149443,"KONIC","KKD43SG396A",107.953,"LCD (LED)",46.6632,"8.0","Available",5.5,"KONIC",42.5011811023622,"Other"
149418,"Linsar","LSK55WSFW",138.783,"LCD",62.5,"N/A","Available",6,"LINSAR",54.63897637795275,"Other"
149482,"Linsar","LSK50WSFW",125.638,"LCD",53.8,"N/A","Available",6,"LINSAR",49.463779527559055,"Other"
149504,"BAUHN","ATV60UHDW-1023",152.444,"LCD",80.7,"N/A","Available",6,"BAUHN",60.01732283464566,"Other"
149533,"BLAUPUNKT","BP240HSG9700",59.814,"LCD (LED)",25,"N/A","Available",4,"BLAUPUNKT",23.548818897637794,"Other"
149553,"EKO","K240HSG",59.814,"LCD (LED)",25,"N/A","Available",4,"EKO",23.548818897637794,"Other"
149571,"ILUMA","ILU-SMARTTV32-DVD",80.376,"LCD",32.18,"N/A","Available",5,"ILUMA",31.644094488188976,"32-inch"
149571,"ILUMA","VK3201D",80.376,"LCD",32.18,"N/A","Available",5,"ILUMA",31.644094488188976,"32-inch"
149571,"ILUMA","VK3202D",80.376,"LCD",32.18,"N/A","Available",5,"ILUMA",31.644094488188976,"32-inch"
149571,"ILUMA","VK3203D",80.376,"LCD",32.18,"N/A","Available",5,"ILUMA",31.644094488188976,"32-inch"
149571,"ILUMA","VK3204D",80.376,"LCD",32.18,"N/A","Available",5,"ILUMA",31.644094488188976,"32-inch"
149571,"ILUMA","VK3205D",80.376,"LCD",32.18,"N/A","Available",5,"ILUMA",31.644094488188976,"32-inch"
149580,"BLAUPUNKT","BP430FSG9700",107.863,"LCD",47.76,"N/A","Available",5.5,"BLAUPUNKT",42.46574803149606,"Other"
149585,"EKO","K43FSG11",107.863,"LCD",47.76,"N/A","Available",5.5,"EKO",42.46574803149606,"Other"
149623,"Linsar","LSK32WSFW",80.038,"LCD",28.2,"9.0","Available",6,"LINSAR",31.511023622047244,"32-inch"
149665,"kogan","KALED75XU9420STA",189.306,"LCD (LED)",133,"N/A","Available",6,"KOGAN",74.52992125984252,"Other"
149667,"kogan","KALED32RH9510STA",79.967,"LCD (LED)",28,"N/A","Available",6,"KOGAN",31.48307086614173,"32-inch"
149697,"TCL","58P635",146.039,"LCD (LED)",56.1,"7.0","Available",6,"TCL",57.49566929133858,"Other"
149731,"EKO","K40FSW",100.332,"LCD",40.38,"N/A","Available",6,"EKO",39.5007874015748,"Other"
149762,"JVC","JVG3B5022Q",125.812,"LCD (LED)",74.7,"7.0","Available",4.5,"JVC",49.53228346456693,"Other"
149766,"JVC","JVG3B5522Q",138.526,"LCD (LED)",73.9,"8.0","Available",5.5,"JVC",54.537795275590554,"Other"
149770,"JVC","JVG3B6522Q",163.829,"LCD",114.8,"8.0","Available",5,"JVC",64.4996062992126,"65-inch"
149774,"JVC","JVG3B7522Q",189.344,"LCD (LED)",175.4,"7.0","Available",4.5,"JVC",74.54488188976377,"Other"
149776,"JVC","JVG518622Q",217.24,"LCD (LED)",237.5,"7.0","Available",4,"JVC",85.52755905511812,"Other"
149824,"Linsar","LS75UHDZEN",189.219,"LCD",108.1,"N/A","Available",6,"LINSAR",74.49566929133857,"Other"
149830,"EKO","K750USG",189.34,"LCD",259.3,"N/A","Available",3,"EKO",74.54330708661418,"Other"
149831,"BLAUPUNKT","BP750USG9700",189.34,"LCD",259.3,"N/A","Available",3,"BLAUPUNKT",74.54330708661418,"Other"
149832,"Linsar","LS65UHDZEN",163.878,"LCD",96.3,"N/A","Available",6,"LINSAR",64.51889763779526,"65-inch"
149834,"EKO","K40FSW",100.332,"LCD",40.38,"N/A","Available",6,"EKO",39.5007874015748,"Other"
149456,"ILUMA","ILU-SMARTTV24-DVD",60.493,"LCD",30.28,"N/A","Available",3.5,"ILUMA",23.816141732283466,"Other"
149456,"ILUMA","VK2401D",60.493,"LCD",30.28,"N/A","Available",3.5,"ILUMA",23.816141732283466,"Other"
149456,"ILUMA","VK2402D",60.493,"LCD",30.28,"N/A","Available",3.5,"ILUMA",23.816141732283466,"Other"
149456,"ILUMA","VK2403D",60.493,"LCD",30.28,"N/A","Available",3.5,"ILUMA",23.816141732283466,"Other"
149456,"ILUMA","VK2404D",60.493,"LCD",30.28,"N/A","Available",3.5,"ILUMA",23.816141732283466,"Other"
149456,"ILUMA","VK2405D",60.493,"LCD",30.28,"N/A","Available",3.5,"ILUMA",23.816141732283466,"Other"
149838,"EKO","K70USW",176.538,"LCD",171.7,"N/A","Available",4,"EKO",69.50314960629922,"Other"
149839,"EKO","K700USG",176.538,"LCD",189.9,"N/A","Available",3.5,"EKO",69.50314960629922,"Other"
149841,"JVC","LT-75N7125A11",188.424,"LCD",221.6,"N/A","Available",3.5,"JVC",74.18267716535433,"Other"
149842,"EKO","K55USW",138.783,"LCD (LED)",84.048,"8.0","Available",5,"EKO",54.63897637795275,"Other"
149933,"EKO","K400DVD",100.332,"LCD",47.02,"N/A","Available",5,"EKO",39.5007874015748,"Other"
149571,"ILUMA","ILU-SMARTTV32-DVD, VK3201D, VK3202D; VK3203D, VK3204D, VK3205D",80.376,"LCD",32.18,"N/A","Available",5,"ILUMA",31.644094488188976,"32-inch"
149456,"ILUMA","ILU-SMARTTV24-DVD, VK2401D, VK2402D, VK2403D, VK2404D, VK2405D",60.493,"LCD",30.28,"N/A","Available",3.5,"ILUMA",23.816141732283466,"Other"
150017,"KOGAN","KALED58TU9420SKA",146.092,"LCD (LED)",106.2,"N/A","Available",4.5,"KOGAN",57.51653543307087,"Other"
150089,"JVC","AV-HQ507115A11",126.112,"LCD",101.98,"N/A","Available",3.5,"JVC",49.6503937007874,"Other"
150091,"JVC","LT-50NQ7115A11",125.093,"LCD",60.73,"N/A","Available",5,"JVC",49.249212598425196,"Other"
150136,"Veon","VN50ID7022",125.736,"LCD (LED)",82.7,"7.0","Available",4,"VEON",49.50236220472441,"Other"
150155,"JVC","LT-32N3135A",80.039,"LCD (LED)",24.687,"N/A","Available",5.5,"JVC",31.511417322834646,"32-inch"
150165,"KOGAN","KALED70TX9520SKA",176.539,"LCD (LED)",144.2,"N/A","Available",4.5,"KOGAN",69.5035433070866,"Other"
150263,"Linsar","LS85UHDZEN",214.783,"LCD",159,"N/A","Available",6,"LINSAR",84.56023622047243,"Other"
150268,"AKAI","AK4022S7WOS",100.217,"LCD",39.9,"N/A","Available",6,"AKAI",39.45551181102362,"Other"
150270,"kogan","KAQLED85XQ98JSTA",214.783,"LCD (LED)",266,"N/A","Available",4,"KOGAN",84.56023622047243,"Other"
150270,"kogan","KAQLED85XQ98JSTB",214.783,"LCD (LED)",266,"N/A","Available",4,"KOGAN",84.56023622047243,"Other"
150270,"kogan","KAQLED85XQ98JSTC",214.783,"LCD (LED)",266,"N/A","Available",4,"KOGAN",84.56023622047243,"Other"
150270,"kogan","KAQLED85XQ98JSTD",214.783,"LCD (LED)",266,"N/A","Available",4,"KOGAN",84.56023622047243,"Other"
150298,"BAUHN","ATV43UHDT-0123",107.987,"LCD (LED)",45.5,"N/A","Available",6,"BAUHN",42.514566929133856,"Other"
150300,"EKO","K55USW",138.783,"LCD (LED)",82.938,"N/A","Available",5,"EKO",54.63897637795275,"Other"
150327,"JVC","LT-55NQ7105A11",138.783,"LCD",72.4,"N/A","Available",5,"JVC",54.63897637795275,"Other"
150326,"AKAI","AK6522S7TZN",163.878,"LCD",96.3,"N/A","Available",6,"AKAI",64.51889763779526,"65-inch"
150329,"TEAC","LEDV2422DT",59.809,"LCD (LED)",19.6,"7.0","Available",4.5,"TEAC",23.546850393700787,"Other"
150329,"TEAC","LED2422DT",59.809,"LCD (LED)",19.6,"7.0","Available",4.5,"TEAC",23.546850393700787,"Other"
150329,"TEAC","LED*2422DT",59.809,"LCD (LED)",19.6,"7.0","Available",4.5,"TEAC",23.546850393700787,"Other"
148363,"BAUHN","Tizen TV",163.878,"LCD (LED)",96.3,"N/A","Available",6,"BAUHN",64.51889763779526,"65-inch"
148363,"BAUHN","ATV65UHDT-0123",163.878,"LCD (LED)",96.3,"N/A","Available",6,"BAUHN",64.51889763779526,"65-inch"
148363,"BAUHN","ATV65UHDT-0922",163.878,"LCD (LED)",96.3,"N/A","Available",6,"BAUHN",64.51889763779526,"65-inch"
150364,"SONY","KD-55X80L",138.798,"LCD (LED)",126.2,"N/A","Available",3.5,"SONY",54.64488188976378,"Other"
150365,"SONY","KD-65X80L",163.878,"LCD (LED)",147.6,"N/A","Available",4,"SONY",64.51889763779526,"65-inch"
150366,"Kodak","KD40WOS2",100.217,"LCD",39.9,"N/A","Available",6,"KODAK",39.45551181102362,"Other"
150434,"kogan","KALED50RN9220STA",125.638,"LCD (LED)",75,"N/A","Available",5,"KOGAN",49.463779527559055,"Other"
150434,"kogan","KALED50RN9220STB",125.638,"LCD (LED)",75,"N/A","Available",5,"KOGAN",49.463779527559055,"Other"
150434,"kogan","KALED50RN9220STC",125.638,"LCD (LED)",75,"N/A","Available",5,"KOGAN",49.463779527559055,"Other"
150434,"kogan","KALED50RN9220STD",125.638,"LCD (LED)",75,"N/A","Available",5,"KOGAN",49.463779527559055,"Other"
150474,"kogan","KAQLED65XQ98JSTA",163.829,"LCD (LED)",158,"N/A","Available",4,"KOGAN",64.4996062992126,"65-inch"
150474,"kogan","KAQLED65XQ98JSTB",163.829,"LCD (LED)",158,"N/A","Available",4,"KOGAN",64.4996062992126,"65-inch"
150474,"kogan","KAQLED65XQ98JSTC",163.829,"LCD (LED)",158,"N/A","Available",4,"KOGAN",64.4996062992126,"65-inch"
150474,"kogan","KAQLED65XQ98JSTD",163.829,"LCD (LED)",158,"N/A","Available",4,"KOGAN",64.4996062992126,"65-inch"
150475,"kogan","KAQLED75XQ98JSTA",189.306,"LCD (LED)",182,"N/A","Available",4.5,"KOGAN",74.52992125984252,"Other"
150475,"kogan","KAQLED75XQ98JSTB",189.306,"LCD (LED)",182,"N/A","Available",4.5,"KOGAN",74.52992125984252,"Other"
150475,"kogan","KAQLED75XQ98JSTC",189.306,"LCD (LED)",182,"N/A","Available",4.5,"KOGAN",74.52992125984252,"Other"
150475,"kogan","KAQLED75XQ98JSTD",189.306,"LCD (LED)",182,"N/A","Available",4.5,"KOGAN",74.52992125984252,"Other"
150476,"kogan","KAQLED55XQ98JSTA",138.711,"LCD (LED)",92,"N/A","Available",5,"KOGAN",54.61062992125985,"Other"
150476,"kogan","KAQLED55XQ98JSTB",138.711,"LCD (LED)",92,"N/A","Available",5,"KOGAN",54.61062992125985,"Other"
150476,"kogan","KAQLED55XQ98JSTC",138.711,"LCD (LED)",92,"N/A","Available",5,"KOGAN",54.61062992125985,"Other"
150476,"kogan","KAQLED55XQ98JSTD",138.711,"LCD (LED)",92,"N/A","Available",5,"KOGAN",54.61062992125985,"Other"
150477,"kogan","KALED65XU9220STB",163.829,"LCD (LED)",110,"N/A","Available",5.5,"KOGAN",64.4996062992126,"65-inch"
150477,"kogan","KALED65XU9220STC",163.829,"LCD (LED)",110,"N/A","Available",5.5,"KOGAN",64.4996062992126,"65-inch"
150477,"kogan","KALED65XU9220STD",163.829,"LCD (LED)",110,"N/A","Available",5.5,"KOGAN",64.4996062992126,"65-inch"
150477,"kogan","KALED65XU9220STE",163.829,"LCD (LED)",110,"N/A","Available",5.5,"KOGAN",64.4996062992126,"65-inch"
150477,"kogan","KALED65XU9220STF",163.829,"LCD (LED)",110,"N/A","Available",5.5,"KOGAN",64.4996062992126,"65-inch"
150478,"ENGLAON","LED24M30",60.542,"LCD (LED)",29.05,"N/A","Available",4,"ENGLAON",23.83543307086614,"Other"
150479,"ENGLAON","LED24X70",61.928,"LCD (LED)",25.84,"N/A","Available",4.5,"ENGLAON",24.38110236220472,"Other"
150479,"ENGLAON","LED24X90",61.928,"LCD (LED)",25.84,"N/A","Available",4.5,"ENGLAON",24.38110236220472,"Other"
150479,"ENGLAON","LED24X70, LED24X90",61.928,"LCD (LED)",25.84,"N/A","Available",4.5,"ENGLAON",24.38110236220472,"Other"
150481,"Polaroid","PL3221HDC",80.043,"LCD",27.1,"N/A","Available",6,"POLAROID",31.512992125984255,"32-inch"
150503,"DGTEC","DG65UHDOS",163.896,"LCD (LED)",95.274,"N/A","Available",6,"DGTEC",64.5259842519685,"65-inch"
150534,"SONY","XR-55A80L",138.798,"OLED",103.7,"N/A","Available",4,"SONY",54.64488188976378,"Other"
150537,"SONY","XR-65A80L",163.878,"OLED",121.1,"N/A","Available",5,"SONY",64.51889763779526,"65-inch"
150543,"Linsar","LS50UHDZEN",125.727,"LCD",56.7,"N/A","Available",6,"LINSAR",49.4988188976378,"Other"
150544,"Linsar","LS55UHDZEN",138.783,"LCD",68.5,"N/A","Available",6,"LINSAR",54.63897637795275,"Other"
150555,"TEAC","LEV24A423",59.824,"LCD (LED)",22.2,"N/A","Available",5,"TEAC",23.55275590551181,"Other"
150560,"AKAI","AK7522S7TZN",189.219,"LCD",108.1,"N/A","Available",6,"AKAI",74.49566929133857,"Other"
150585,"kogan","KAQLED50XQ98JSTA",125.638,"LCD (LED)",104,"N/A","Available",3.5,"KOGAN",49.463779527559055,"Other"
150585,"kogan","KAQLED50XQ98JSTB",125.638,"LCD (LED)",104,"N/A","Available",3.5,"KOGAN",49.463779527559055,"Other"
150585,"kogan","KAQLED50XQ98JSTC",125.638,"LCD (LED)",104,"N/A","Available",3.5,"KOGAN",49.463779527559055,"Other"
150585,"kogan","KAQLED50XQ98JSTD",125.638,"LCD (LED)",104,"N/A","Available",3.5,"KOGAN",49.463779527559055,"Other"
150615,"Monster","MT24HDW-LT22",59.774,"LCD (LED)",15.1,"N/A","Available",6,"MONSTER",23.53307086614173,"Other"
150632,"Monster","MT32HDW-LT22",80.054,"LCD",23.5,"N/A","Available",6,"MONSTER",31.517322834645668,"32-inch"
150641,"Veon","VN32ID70",80.054,"LCD (LED)",31.78,"8.0","Available",5,"VEON",31.517322834645668,"32-inch"
150642,"Linsar","LSK43WSFW",107.956,"LCD",44.6,"N/A","Available",6,"LINSAR",42.50236220472441,"Other"
150648,"Polaroid","PL55M4G11",138.412,"LCD",68.98,"N/A","Available",6,"POLAROID",54.492913385826775,"Other"
150656,"LG","32LN340CBSD",80.043,"LCD (LED)",33,"N/A","Available",5,"LG",31.512992125984255,"32-inch"
150666,"Altius","AT24HDW-BCF",59.774,"LCD",15.1,"N/A","Available",6,"ALTIUS",23.53307086614173,"Other"
150667,"Kodak","KD32WOS2",80.054,"LCD",23.5,"N/A","Available",6,"KODAK",31.517322834645668,"32-inch"
150668,"Altius","AT32HDW-BCF",80.054,"LCD",23.5,"N/A","Available",6,"ALTIUS",31.517322834645668,"32-inch"
150674,"KOGAN","KALED42RF7510SPA",105.415,"LCD (LED)",44.2,"N/A","Available",5.5,"KOGAN",41.50196850393701,"Other"
150691,"TEAC","LEV32A423",80.039,"LCD (LED)",33.3,"N/A","Available",5,"TEAC",31.511417322834646,"32-inch"
150691,"TEAC","LEV32A422",80.039,"LCD (LED)",33.3,"N/A","Available",5,"TEAC",31.511417322834646,"32-inch"
150691,"TEAC","LEV32A *423 *422",80.039,"LCD (LED)",33.3,"N/A","Available",5,"TEAC",31.511417322834646,"32-inch"
150699,"AKAI","AK5022S7TZN",125.727,"LCD",56.7,"N/A","Available",6,"AKAI",49.4988188976378,"Other"
150674,"KOGAN","KALED42RF7510SPB",105.415,"LCD (LED)",44.2,"N/A","Available",5.5,"KOGAN",41.50196850393701,"Other"
150674,"KOGAN","KALED42RF7510SPC",105.415,"LCD (LED)",44.2,"N/A","Available",5.5,"KOGAN",41.50196850393701,"Other"
150674,"KOGAN","KALED42RF7510SPD",105.415,"LCD (LED)",44.2,"N/A","Available",5.5,"KOGAN",41.50196850393701,"Other"
150674,"KOGAN","KALED42RF7510SP*",105.415,"LCD (LED)",44.2,"N/A","Available",5.5,"KOGAN",41.50196850393701,"Other"
150691,"TEAC","LEV24A422",80.039,"LCD (LED)",33.3,"N/A","Available",5,"TEAC",31.511417322834646,"32-inch"
150826,"SONY","XR-77A80L",194.726,"OLED",169.7,"N/A","Available",5,"SONY",76.66377952755906,"Other"
150816,"kogan","KALED43RF9820STA",107.863,"LCD (LED)",55,"N/A","Available",5,"KOGAN",42.46574803149606,"Other"
150816,"kogan","KALED43RF9820STB",107.863,"LCD (LED)",55,"N/A","Available",5,"KOGAN",42.46574803149606,"Other"
150816,"kogan","KALED43RF9820STC",107.863,"LCD (LED)",55,"N/A","Available",5,"KOGAN",42.46574803149606,"Other"
150816,"kogan","KALED43RF9820STD",107.863,"LCD (LED)",55,"N/A","Available",5,"KOGAN",42.46574803149606,"Other"
150816,"kogan","KALED43RF9820STE",107.863,"LCD (LED)",55,"N/A","Available",5,"KOGAN",42.46574803149606,"Other"
150908,"AKAI","AK3221S6WOS",80.043,"LCD",23.8,"N/A","Available",6,"AKAI",31.512992125984255,"32-inch"
150911,"Polaroid","PL6521UHDG",163.132,"LCD",94.65,"N/A","Available",6,"POLAROID",64.2251968503937,"65-inch"
150943,"SHARP","2T-C32EG1X",80.043,"LCD (LED)",29.15,"N/A","Available",5.5,"SHARP",31.512992125984255,"32-inch"
150945,"SHARP","2T-C42EG1X",105.415,"LCD (LED)",53,"N/A","Available",5,"SHARP",41.50196850393701,"Other"
150946,"SHARP","4T-C50DK1X",125.727,"LCD (LED)",84.4,"N/A","Available",4.5,"SHARP",49.4988188976378,"Other"
150947,"SHARP","4T-C70DL1X",176.563,"LCD (LED)",123.94,"N/A","Available",5.5,"SHARP",69.51299212598424,"Other"
150949,"BLAUPUNKT","BP430FSG9700",107.863,"LCD",54.04,"N/A","Available",5,"BLAUPUNKT",42.46574803149606,"Other"
150951,"EKO","K43FSG11",107.863,"LCD",54.04,"N/A","Available",5,"EKO",42.46574803149606,"Other"
150952,"BLAUPUNKT","BP430FSG9700C",107.863,"LCD",54.04,"N/A","Available",5,"BLAUPUNKT",42.46574803149606,"Other"
150970,"Kodak","KD55WOS2",138.783,"LCD",69.64,"N/A","Available",6,"KODAK",54.63897637795275,"Other"
150972,"Linsar","LS75UHDNF",189.306,"LCD (LED)",127.7,"N/A","Available",6,"LINSAR",74.52992125984252,"Other"
150977,"Blaupunkt","BP58WOS",146.068,"LCD (LED)",105.156,"1.0","Available",4.5,"BLAUPUNKT",57.50708661417323,"Other"
151007,"LOEWE","BILD i65",163.857,"OLED",114,"8.0","Available",5,"LOEWE",64.51062992125983,"65-inch"
151008,"LOEWE","BILD i55",138.798,"OLED",96.5,"7.0","Available",4.5,"LOEWE",54.64488188976378,"Other"
151009,"LOEWE","BILD i48",120.713,"OLED",74.4,"7.0","Available",4.5,"LOEWE",47.5248031496063,"Other"
151012,"Blaupunkt","BP500USG9700",138.783,"LCD (LED)",86.04,"N/A","Available",5,"BLAUPUNKT",54.63897637795275,"Other"
150989,"KONKA","KUD50WT702AN",125.731,"LCD",71.99,"8.0","Available",5,"KONKA",49.5003937007874,"Other"
150987,"KONKA","KUD55WT702AN",138.783,"LCD (LED)",86.54,"8.0","Available",5,"KONKA",54.63897637795275,"Other"
151088,"FFALCON","FF55RU62",138.711,"LCD (LED)",41.8,"7.0","Available",7,"FFALCON",54.61062992125985,"Other"
151145,"SHARP","4T-C60DL1X",152.663,"LCD (LED)",137,"N/A","Available",4,"SHARP",60.10354330708662,"Other"
151169,"BAUHN","ATV50UHDT-0323",125.727,"LCD",56.7,"N/A","Available",6,"BAUHN",49.4988188976378,"Other"
151170,"BAUHN","ATV75UHDT-0423",189.219,"LCD",108.1,"N/A","Available",6,"BAUHN",74.49566929133857,"Other"
151217,"KONKA","KDL40WE680AN",100.332,"LCD (LED)",44.99,"8.0","Available",5,"KONKA",39.5007874015748,"Other"
151218,"KONKA","KDL32WE680AN",80.039,"LCD (LED)",31.1544,"8.0","Available",5,"KONKA",31.511417322834646,"32-inch"
151282,"BLAUPUNKT","BP85WOS",214.783,"LCD",228,"N/A","Available",4.5,"BLAUPUNKT",84.56023622047243,"Other"
151289,"SONY","XR-55X90L",138.798,"LCD (LED)",121,"N/A","Available",3.5,"SONY",54.64488188976378,"Other"
151290,"SONY","XR-65X90L",163.878,"LCD (LED)",144.3,"N/A","Available",4,"SONY",64.51889763779526,"65-inch"
151346,"LG","OLED42C3PSA",105.52,"OLED",63,"N/A","Available",4.5,"LG",41.54330708661417,"Other"
151347,"LG","OLED42C36LA",105.52,"OLED",63,"N/A","Available",4.5,"LG",41.54330708661417,"Other"
151348,"LG","OLED48A3PSA",120.721,"OLED",75,"N/A","Available",4.5,"LG",47.52795275590551,"Other"
151349,"LG","OLED48A36LA",120.721,"OLED",75,"N/A","Available",4.5,"LG",47.52795275590551,"Other"
151350,"LG","OLED48C3PSA",120.721,"OLED",77,"N/A","Available",4.5,"LG",47.52795275590551,"Other"
151351,"LG","OLED48C36LA",120.721,"OLED",77,"N/A","Available",4.5,"LG",47.52795275590551,"Other"
151352,"LG","OLED55A3PSA",138.783,"OLED",84,"N/A","Available",5,"LG",54.63897637795275,"Other"
151353,"LG","OLED55A36LA",138.783,"OLED",84,"N/A","Available",5,"LG",54.63897637795275,"Other"
151354,"LG","OLED55B3PSA",138.783,"OLED",99,"N/A","Available",4.5,"LG",54.63897637795275,"Other"
151355,"LG","OLED55B36LA",138.783,"OLED",99,"N/A","Available",4.5,"LG",54.63897637795275,"Other"
151356,"LG","OLED55C3PSA",138.783,"OLED",95,"N/A","Available",4.5,"LG",54.63897637795275,"Other"
151357,"LG","OLED55C36LA",138.783,"OLED",95,"N/A","Available",4.5,"LG",54.63897637795275,"Other"
151358,"LG","OLED55G3PSA",138.783,"OLED",115,"N/A","Available",4,"LG",54.63897637795275,"Other"
151359,"LG","OLED55G36LA",138.783,"OLED",115,"N/A","Available",4,"LG",54.63897637795275,"Other"
151360,"LG","OLED65A3PSA",163.897,"OLED",103,"N/A","Available",5.5,"LG",64.52637795275591,"65-inch"
151361,"LG","OLED65A36LA",163.897,"OLED",103,"N/A","Available",5.5,"LG",64.52637795275591,"65-inch"
151362,"LG","OLED65B3PSA",163.897,"OLED",121,"N/A","Available",5,"LG",64.52637795275591,"65-inch"
151363,"LG","OLED65B36LA",163.897,"OLED",121,"N/A","Available",5,"LG",64.52637795275591,"65-inch"
151364,"LG","OLED65C3PSA",163.897,"OLED",112,"N/A","Available",5.5,"LG",64.52637795275591,"65-inch"
151365,"LG","OLED65C36LA",163.897,"OLED",112,"N/A","Available",5.5,"LG",64.52637795275591,"65-inch"
151366,"LG","OLED65G3PSA",163.897,"OLED",145,"N/A","Available",4,"LG",64.52637795275591,"65-inch"
151367,"LG","OLED65G36LA",163.897,"OLED",145,"N/A","Available",4,"LG",64.52637795275591,"65-inch"
151368,"LG","OLED77B3PSA",194.738,"OLED",158,"N/A","Available",5,"LG",76.66850393700787,"Other"
151369,"LG","OLED77B36LA",194.738,"OLED",158,"N/A","Available",5,"LG",76.66850393700787,"Other"
151370,"LG","OLED77C3PSA",194.738,"OLED",153,"N/A","Available",5.5,"LG",76.66850393700787,"Other"
151371,"LG","OLED77C36LA",194.738,"OLED",153,"N/A","Available",5.5,"LG",76.66850393700787,"Other"
151372,"LG","OLED77G3PSA",194.738,"OLED",196,"N/A","Available",4.5,"LG",76.66850393700787,"Other"
151373,"LG","OLED77G36LA",194.738,"OLED",196,"N/A","Available",4.5,"LG",76.66850393700787,"Other"
151374,"LG","OLED77Z3PSA",194.738,"OLED",238,"N/A","Available",3.5,"LG",76.66850393700787,"Other"
151375,"LG","OLED83C3PSA",209.585,"OLED",179,"N/A","Available",5.5,"LG",82.51377952755905,"Other"
151376,"LG","OLED83C36LA",209.585,"OLED",179,"N/A","Available",5.5,"LG",82.51377952755905,"Other"
151377,"LG","OLED83G3PSA",209.585,"OLED",181,"N/A","Available",5.5,"LG",82.51377952755905,"Other"
151378,"LG","OLED83G36LA",209.585,"OLED",181,"N/A","Available",5.5,"LG",82.51377952755905,"Other"
151393,"BAUHN","ATV24HDG-0223",59.774,"LCD (LED)",16.17,"N/A","Available",5,"BAUHN",23.53307086614173,"Other"
151400,"Sony","KD-75X80L",189.306,"LCD (LED)",187.9,"N/A","Available",4,"SONY",74.52992125984252,"Other"
151401,"Sony","KD-85X80L",214.783,"LCD (LED)",238.7,"N/A","Available",4,"SONY",84.56023622047243,"Other"
151433,"SAMSUNG ELECTRONICS","QA65Q60CAW",163.897,"LCD (LED)",107,"N/A","Available",5.5,"SAMSUNG ELECTRONICS",64.52637795275591,"65-inch"
151433,"SAMSUNG ELECTRONICS","QA65Q60CAS",163.897,"LCD (LED)",107,"N/A","Available",5.5,"SAMSUNG ELECTRONICS",64.52637795275591,"65-inch"
151433,"SAMSUNG ELECTRONICS","QA65Q63CAS",163.897,"LCD (LED)",107,"N/A","Available",5.5,"SAMSUNG ELECTRONICS",64.52637795275591,"65-inch"
151433,"SAMSUNG ELECTRONICS","QA65Q6*CA*",163.897,"LCD (LED)",107,"N/A","Available",5.5,"SAMSUNG ELECTRONICS",64.52637795275591,"65-inch"
151436,"yokohama","YOKT55Q8",139.332,"LCD",75.58,"N/A","Available",5.5,"YOKOHAMA",54.85511811023622,"Other"
151437,"yokohama","YOKT65Q8",164.003,"LCD",148.05,"N/A","Available",4,"YOKOHAMA",64.56811023622046,"65-inch"
151440,"SAMSUNG ELECTRONICS","QA50Q60CAS",125.727,"LCD (LED)",76,"N/A","Available",5,"SAMSUNG ELECTRONICS",49.4988188976378,"Other"
151440,"SAMSUNG ELECTRONICS","QA50Q63CAS",125.727,"LCD (LED)",76,"N/A","Available",5,"SAMSUNG ELECTRONICS",49.4988188976378,"Other"
151440,"SAMSUNG ELECTRONICS","QA50Q6*CA*",125.727,"LCD (LED)",76,"N/A","Available",5,"SAMSUNG ELECTRONICS",49.4988188976378,"Other"
151446,"LG","50QNED81SRA",125.727,"LCD (LED)",80,"N/A","Available",4.5,"LG",49.4988188976378,"Other"
151447,"LG","50QNED816RA",125.727,"LCD (LED)",80,"N/A","Available",4.5,"LG",49.4988188976378,"Other"
151448,"LG","55QNED81SRA",138.783,"LCD (LED)",94,"N/A","Available",4.5,"LG",54.63897637795275,"Other"
151449,"LG","55QNED816RA",138.783,"LCD (LED)",94,"N/A","Available",4.5,"LG",54.63897637795275,"Other"
151450,"LG","65QNED81SRA",163.897,"LCD (LED)",118,"N/A","Available",5,"LG",64.52637795275591,"65-inch"
151451,"LG","65QNED816RA",163.897,"LCD (LED)",118,"N/A","Available",5,"LG",64.52637795275591,"65-inch"
151452,"LG","75QNED81SRA",189.275,"LCD (LED)",134,"N/A","Available",5.5,"LG",74.51771653543307,"Other"
151453,"LG","75QNED816RA",189.275,"LCD (LED)",134,"N/A","Available",5.5,"LG",74.51771653543307,"Other"
151454,"LG","86QNED81SRA",217.425,"LCD (LED)",198,"N/A","Available",5,"LG",85.60039370078741,"Other"
151455,"LG","86QNED816RA",217.425,"LCD (LED)",198,"N/A","Available",5,"LG",85.60039370078741,"Other"
151476,"SAMSUNG ELECTRONICS","QA43Q60CAS",107.987,"LCD (LED)",70,"N/A","Available",4,"SAMSUNG ELECTRONICS",42.514566929133856,"Other"
151476,"SAMSUNG ELECTRONICS","QA43Q63CAS",107.987,"LCD (LED)",70,"N/A","Available",4,"SAMSUNG ELECTRONICS",42.514566929133856,"Other"
151476,"SAMSUNG ELECTRONICS","QA43Q6*CA*",107.987,"LCD (LED)",70,"N/A","Available",4,"SAMSUNG ELECTRONICS",42.514566929133856,"Other"
151478,"SAMSUNG ELECTRONICS","QA55Q60CAW",138.783,"LCD (LED)",87,"N/A","Available",5,"SAMSUNG ELECTRONICS",54.63897637795275,"Other"
151478,"SAMSUNG ELECTRONICS","QA55Q60CAS",138.783,"LCD (LED)",87,"N/A","Available",5,"SAMSUNG ELECTRONICS",54.63897637795275,"Other"
151478,"SAMSUNG ELECTRONICS","QA55Q63CAS",138.783,"LCD (LED)",87,"N/A","Available",5,"SAMSUNG ELECTRONICS",54.63897637795275,"Other"
151478,"SAMSUNG ELECTRONICS","QA55Q6*CA*",138.783,"LCD (LED)",87,"N/A","Available",5,"SAMSUNG ELECTRONICS",54.63897637795275,"Other"
151488,"SAMSUNG ELECTRONICS","QA50QN90CAW",125.727,"LCD (LED)",94,"N/A","Available",4,"SAMSUNG ELECTRONICS",49.4988188976378,"Other"
151488,"SAMSUNG ELECTRONICS","QA50QN90CAS",125.727,"LCD (LED)",94,"N/A","Available",4,"SAMSUNG ELECTRONICS",49.4988188976378,"Other"
151488,"SAMSUNG ELECTRONICS","QA50QN90CA*",125.727,"LCD (LED)",94,"N/A","Available",4,"SAMSUNG ELECTRONICS",49.4988188976378,"Other"
151489,"SAMSUNG ELECTRONICS","QA55QN90CAW",138.783,"LCD (LED)",113,"N/A","Available",4,"SAMSUNG ELECTRONICS",54.63897637795275,"Other"
151489,"SAMSUNG ELECTRONICS","QA55QN90CAS",138.783,"LCD (LED)",113,"N/A","Available",4,"SAMSUNG ELECTRONICS",54.63897637795275,"Other"
151489,"SAMSUNG ELECTRONICS","QA55QN90CA*",138.783,"LCD (LED)",113,"N/A","Available",4,"SAMSUNG ELECTRONICS",54.63897637795275,"Other"
151565,"Sony","KD-55X85L",138.798,"LCD (LED)",107,"N/A","Available",4,"SONY",54.64488188976378,"Other"
151566,"Sony","KD-65X85L",163.878,"LCD (LED)",144.6,"N/A","Available",4,"SONY",64.51889763779526,"65-inch"
151572,"PRISM+","Q55U",138.731,"LCD (LED)",73.254,"N/A","Available",5.5,"PRISM+",54.61850393700787,"Other"
151598,"SAMSUNG ELECTRONICS","QA85Q60CAW",214.783,"LCD (LED)",173,"N/A","Available",5.5,"SAMSUNG ELECTRONICS",84.56023622047243,"Other"
151598,"SAMSUNG ELECTRONICS","QA85Q60CAS",214.783,"LCD (LED)",173,"N/A","Available",5.5,"SAMSUNG ELECTRONICS",84.56023622047243,"Other"
151598,"SAMSUNG ELECTRONICS","QA85Q6*CA*",214.783,"LCD (LED)",173,"N/A","Available",5.5,"SAMSUNG ELECTRONICS",84.56023622047243,"Other"
151602,"SAMSUNG ELECTRONICS","QA65QN90CAW",163.897,"LCD (LED)",155,"N/A","Available",4,"SAMSUNG ELECTRONICS",64.52637795275591,"65-inch"
151602,"SAMSUNG ELECTRONICS","QA65QN90CAS",163.897,"LCD (LED)",155,"N/A","Available",4,"SAMSUNG ELECTRONICS",64.52637795275591,"65-inch"
151602,"SAMSUNG ELECTRONICS","QA65QN90CA*",163.897,"LCD (LED)",155,"N/A","Available",4,"SAMSUNG ELECTRONICS",64.52637795275591,"65-inch"
151603,"SAMSUNG ELECTRONICS","QA75QN90CAW",189.338,"LCD (LED)",186,"N/A","Available",4.5,"SAMSUNG ELECTRONICS",74.54251968503937,"Other"
151603,"SAMSUNG ELECTRONICS","QA75QN90CAS",189.338,"LCD (LED)",186,"N/A","Available",4.5,"SAMSUNG ELECTRONICS",74.54251968503937,"Other"
151603,"SAMSUNG ELECTRONICS","QA75QN90CA*",189.338,"LCD (LED)",186,"N/A","Available",4.5,"SAMSUNG ELECTRONICS",74.54251968503937,"Other"
151630,"LG","43UR8050PSB",107.987,"LCD (LED)",73,"N/A","Available",4,"LG",42.514566929133856,"Other"
151631,"LG","43UR80006LJ",107.987,"LCD (LED)",73,"N/A","Available",4,"LG",42.514566929133856,"Other"
151632,"LG","50UR8050PSB",125.727,"LCD (LED)",78,"N/A","Available",4.5,"LG",49.4988188976378,"Other"
151633,"LG","50UR80006LJ",125.727,"LCD (LED)",78,"N/A","Available",4.5,"LG",49.4988188976378,"Other"
151634,"LG","55UR8050PSB",138.783,"LCD (LED)",97,"N/A","Available",4.5,"LG",54.63897637795275,"Other"
151635,"LG","55UR80006LJ",138.783,"LCD (LED)",97,"N/A","Available",4.5,"LG",54.63897637795275,"Other"
151636,"LG","65UR8050PSB",163.897,"LCD (LED)",127,"N/A","Available",4.5,"LG",64.52637795275591,"65-inch"
151637,"LG","65UR80006LJ",163.897,"LCD (LED)",127,"N/A","Available",4.5,"LG",64.52637795275591,"65-inch"
151638,"LG","75UR8050PSB",189.275,"LCD (LED)",165,"N/A","Available",5,"LG",74.51771653543307,"Other"
151639,"LG","86UR8050PSB",217.425,"LCD (LED)",250,"N/A","Available",4,"LG",85.60039370078741,"Other"
151642,"FFALCON","FF43RU62",107.95,"LCD (LED)",36.7,"7.0","Available",6,"FFALCON",42.5,"Other"
151665,"BAUHN","ATV24HDG-0223",59.774,"LCD (LED)",16.17,"N/A","Available",6,"BAUHN",23.53307086614173,"Other"
151691,"SAMSUNG ELECTRONICS","QA43QN90CAW",107.987,"LCD (LED)",70,"N/A","Available",4,"SAMSUNG ELECTRONICS",42.514566929133856,"Other"
151691,"SAMSUNG ELECTRONICS","QA43QN90CAS",107.987,"LCD (LED)",70,"N/A","Available",4,"SAMSUNG ELECTRONICS",42.514566929133856,"Other"
151691,"SAMSUNG ELECTRONICS","QA43QN90CA*",107.987,"LCD (LED)",70,"N/A","Available",4,"SAMSUNG ELECTRONICS",42.514566929133856,"Other"
151692,"Sony","XR-75X90L",189.306,"LCD (LED)",159.3,"N/A","Available",5,"SONY",74.52992125984252,"Other"
151696,"PRISM+","Q65U",163.897,"LCD (LED)",110.448,"N/A","Available",5,"PRISM+",64.52637795275591,"65-inch"
151711,"SAMSUNG ELECTRONICS","QA65QN85CAW",163.897,"LCD (LED)",137,"N/A","Available",4.5,"SAMSUNG ELECTRONICS",64.52637795275591,"65-inch"
151711,"SAMSUNG ELECTRONICS","QA65QN85CAS",163.897,"LCD (LED)",137,"N/A","Available",4.5,"SAMSUNG ELECTRONICS",64.52637795275591,"65-inch"
151711,"SAMSUNG ELECTRONICS","QA65QN85CA*",163.897,"LCD (LED)",137,"N/A","Available",4.5,"SAMSUNG ELECTRONICS",64.52637795275591,"65-inch"
151648,"SAMSUNG ELECTRONICS","QA75QN85CAW",189.338,"LCD (LED)",153,"N/A","Available",5,"SAMSUNG ELECTRONICS",74.54251968503937,"Other"
151648,"SAMSUNG ELECTRONICS","QA75QN85CAS",189.338,"LCD (LED)",153,"N/A","Available",5,"SAMSUNG ELECTRONICS",74.54251968503937,"Other"
151648,"SAMSUNG ELECTRONICS","QA75QN85CA*",189.338,"LCD (LED)",153,"N/A","Available",5,"SAMSUNG ELECTRONICS",74.54251968503937,"Other"
151712,"SAMSUNG ELECTRONICS","UA43CU8000W",107.987,"LCD (LED)",70,"N/A","Available",4,"SAMSUNG ELECTRONICS",42.514566929133856,"Other"
151712,"SAMSUNG ELECTRONICS","UA43CU8000S",107.987,"LCD (LED)",70,"N/A","Available",4,"SAMSUNG ELECTRONICS",42.514566929133856,"Other"
151712,"SAMSUNG ELECTRONICS","UA43CU8500S",107.987,"LCD (LED)",70,"N/A","Available",4,"SAMSUNG ELECTRONICS",42.514566929133856,"Other"
151712,"SAMSUNG ELECTRONICS","UA43CU8*00*",107.987,"LCD (LED)",70,"N/A","Available",4,"SAMSUNG ELECTRONICS",42.514566929133856,"Other"
151713,"SAMSUNG ELECTRONICS","UA50CU8000W",125.736,"LCD (LED)",89,"N/A","Available",4,"SAMSUNG ELECTRONICS",49.50236220472441,"Other"
151713,"SAMSUNG ELECTRONICS","UA50CU8000S",125.736,"LCD (LED)",89,"N/A","Available",4,"SAMSUNG ELECTRONICS",49.50236220472441,"Other"
151713,"SAMSUNG ELECTRONICS","UA50CU8500S",125.736,"LCD (LED)",89,"N/A","Available",4,"SAMSUNG ELECTRONICS",49.50236220472441,"Other"
151713,"SAMSUNG ELECTRONICS","UA50CU8*00*",125.736,"LCD (LED)",89,"N/A","Available",4,"SAMSUNG ELECTRONICS",49.50236220472441,"Other"
151714,"SAMSUNG ELECTRONICS","UA55CU8000W",138.783,"LCD (LED)",98,"N/A","Available",4.5,"SAMSUNG ELECTRONICS",54.63897637795275,"Other"
151714,"SAMSUNG ELECTRONICS","UA55CU8000S",138.783,"LCD (LED)",98,"N/A","Available",4.5,"SAMSUNG ELECTRONICS",54.63897637795275,"Other"
151714,"SAMSUNG ELECTRONICS","UA55CU8500S",138.783,"LCD (LED)",98,"N/A","Available",4.5,"SAMSUNG ELECTRONICS",54.63897637795275,"Other"
151714,"SAMSUNG ELECTRONICS","UA55CU8*00*",138.783,"LCD (LED)",98,"N/A","Available",4.5,"SAMSUNG ELECTRONICS",54.63897637795275,"Other"
151716,"SAMSUNG ELECTRONICS","UA65CU8000W",163.897,"LCD (LED)",123,"N/A","Available",5,"SAMSUNG ELECTRONICS",64.52637795275591,"65-inch"
151716,"SAMSUNG ELECTRONICS","UA65CU8000S",163.897,"LCD (LED)",123,"N/A","Available",5,"SAMSUNG ELECTRONICS",64.52637795275591,"65-inch"
151716,"SAMSUNG ELECTRONICS","UA65CU8500S",163.897,"LCD (LED)",123,"N/A","Available",5,"SAMSUNG ELECTRONICS",64.52637795275591,"65-inch"
151716,"SAMSUNG ELECTRONICS","UA65CU8*00*",163.897,"LCD (LED)",123,"N/A","Available",5,"SAMSUNG ELECTRONICS",64.52637795275591,"65-inch"
151749,"EKO","K42FSW2",105.415,"LCD",70.2,"N/A","Available",3.5,"EKO",41.50196850393701,"Other"
151761,"SAMSUNG ELECTRONICS","QA75Q70CAW",189.338,"LCD (LED)",158,"N/A","Available",5,"SAMSUNG ELECTRONICS",74.54251968503937,"Other"
151761,"SAMSUNG ELECTRONICS","QA75Q70CAS",189.338,"LCD (LED)",158,"N/A","Available",5,"SAMSUNG ELECTRONICS",74.54251968503937,"Other"
151761,"SAMSUNG ELECTRONICS","QA75Q70CA*",189.338,"LCD (LED)",158,"N/A","Available",5,"SAMSUNG ELECTRONICS",74.54251968503937,"Other"
151766,"SAMSUNG ELECTRONICS","QA85QN90CAW",214.783,"LCD (LED)",245,"N/A","Available",4,"SAMSUNG ELECTRONICS",84.56023622047243,"Other"
151766,"SAMSUNG ELECTRONICS","QA85QN90CAS",214.783,"LCD (LED)",245,"N/A","Available",4,"SAMSUNG ELECTRONICS",84.56023622047243,"Other"
151766,"SAMSUNG ELECTRONICS","QA85QN90CA*",214.783,"LCD (LED)",245,"N/A","Available",4,"SAMSUNG ELECTRONICS",84.56023622047243,"Other"
151793,"EKO","K32HSW",80.039,"LCD (LED)",33.27,"N/A","Available",4.5,"EKO",31.511417322834646,"32-inch"
151839,"SAMSUNG ELECTRONICS","QA55Q80CAW",138.783,"LCD (LED)",112,"N/A","Available",4,"SAMSUNG ELECTRONICS",54.63897637795275,"Other"
151839,"SAMSUNG ELECTRONICS","QA55Q80CAS",138.783,"LCD (LED)",112,"N/A","Available",4,"SAMSUNG ELECTRONICS",54.63897637795275,"Other"
151839,"SAMSUNG ELECTRONICS","QA55Q80CA*",138.783,"LCD (LED)",112,"N/A","Available",4,"SAMSUNG ELECTRONICS",54.63897637795275,"Other"
151840,"SAMSUNG ELECTRONICS","QA32LS03CBW",80.008,"LCD (LED)",43,"N/A","Available",4,"SAMSUNG ELECTRONICS",31.499212598425196,"32-inch"
151841,"SAMSUNG ELECTRONICS","QA55QN85CAW",138.783,"LCD (LED)",112,"N/A","Available",4,"SAMSUNG ELECTRONICS",54.63897637795275,"Other"
151841,"SAMSUNG ELECTRONICS","QA55QN85CAS",138.783,"LCD (LED)",112,"N/A","Available",4,"SAMSUNG ELECTRONICS",54.63897637795275,"Other"
151841,"SAMSUNG ELECTRONICS","QA55QN85CA*",138.783,"LCD (LED)",112,"N/A","Available",4,"SAMSUNG ELECTRONICS",54.63897637795275,"Other"
151842,"SAMSUNG ELECTRONICS","QA85QN85CAW",214.783,"LCD (LED)",206,"N/A","Available",5,"SAMSUNG ELECTRONICS",84.56023622047243,"Other"
151842,"SAMSUNG ELECTRONICS","QA85QN85CAS",214.783,"LCD (LED)",206,"N/A","Available",5,"SAMSUNG ELECTRONICS",84.56023622047243,"Other"
151842,"SAMSUNG ELECTRONICS","QA85QN85CA*",214.783,"LCD (LED)",206,"N/A","Available",5,"SAMSUNG ELECTRONICS",84.56023622047243,"Other"
151845,"SAMSUNG ELECTRONICS","QA65QN800CW",163.897,"LCD (LED)",263,"N/A","Available",1.5,"SAMSUNG ELECTRONICS",64.52637795275591,"65-inch"
151845,"SAMSUNG ELECTRONICS","QA65QN800CS",163.897,"LCD (LED)",263,"N/A","Available",1.5,"SAMSUNG ELECTRONICS",64.52637795275591,"65-inch"
151845,"SAMSUNG ELECTRONICS","QA65QN800C*",163.897,"LCD (LED)",263,"N/A","Available",1.5,"SAMSUNG ELECTRONICS",64.52637795275591,"65-inch"
151846,"SAMSUNG ELECTRONICS","QA75QN800CW",189.338,"LCD (LED)",292,"N/A","Available",2.5,"SAMSUNG ELECTRONICS",74.54251968503937,"Other"
151846,"SAMSUNG ELECTRONICS","QA75QN800CS",189.338,"LCD (LED)",292,"N/A","Available",2.5,"SAMSUNG ELECTRONICS",74.54251968503937,"Other"
151846,"SAMSUNG ELECTRONICS","QA75QN800C*",189.338,"LCD (LED)",292,"N/A","Available",2.5,"SAMSUNG ELECTRONICS",74.54251968503937,"Other"
151847,"SAMSUNG ELECTRONICS","UA75CU8000W",189.338,"LCD (LED)",165,"N/A","Available",5,"SAMSUNG ELECTRONICS",74.54251968503937,"Other"
151847,"SAMSUNG ELECTRONICS","UA75CU8000S",189.338,"LCD (LED)",165,"N/A","Available",5,"SAMSUNG ELECTRONICS",74.54251968503937,"Other"
151847,"SAMSUNG ELECTRONICS","UA75CU8000*",189.338,"LCD (LED)",165,"N/A","Available",5,"SAMSUNG ELECTRONICS",74.54251968503937,"Other"
151848,"SAMSUNG ELECTRONICS","QA85Q70CAW",214.783,"LCD (LED)",216,"N/A","Available",4.5,"SAMSUNG ELECTRONICS",84.56023622047243,"Other"
151848,"SAMSUNG ELECTRONICS","QA85Q70CAS",214.783,"LCD (LED)",216,"N/A","Available",4.5,"SAMSUNG ELECTRONICS",84.56023622047243,"Other"
151848,"SAMSUNG ELECTRONICS","QA85Q70CA*",214.783,"LCD (LED)",216,"N/A","Available",4.5,"SAMSUNG ELECTRONICS",84.56023622047243,"Other"
151853,"SAMSUNG ELECTRONICS","QA65Q80CAW",163.897,"LCD (LED)",153,"N/A","Available",4,"SAMSUNG ELECTRONICS",64.52637795275591,"65-inch"
151853,"SAMSUNG ELECTRONICS","QA65Q80CAS",163.897,"LCD (LED)",153,"N/A","Available",4,"SAMSUNG ELECTRONICS",64.52637795275591,"65-inch"
151853,"SAMSUNG ELECTRONICS","QA65Q80CA*",163.897,"LCD (LED)",153,"N/A","Available",4,"SAMSUNG ELECTRONICS",64.52637795275591,"65-inch"
151854,"SAMSUNG ELECTRONICS","QA75Q80CAW",189.338,"LCD (LED)",203,"N/A","Available",4,"SAMSUNG ELECTRONICS",74.54251968503937,"Other"
151854,"SAMSUNG ELECTRONICS","QA75Q80CAS",189.338,"LCD (LED)",203,"N/A","Available",4,"SAMSUNG ELECTRONICS",74.54251968503937,"Other"
151854,"SAMSUNG ELECTRONICS","QA75Q80CA*",189.338,"LCD (LED)",203,"N/A","Available",4,"SAMSUNG ELECTRONICS",74.54251968503937,"Other"
151855,"SAMSUNG ELECTRONICS","QA85Q80CAW",214.783,"LCD (LED)",259,"N/A","Available",4,"SAMSUNG ELECTRONICS",84.56023622047243,"Other"
151855,"SAMSUNG ELECTRONICS","QA85Q80CAS",214.783,"LCD (LED)",259,"N/A","Available",4,"SAMSUNG ELECTRONICS",84.56023622047243,"Other"
151855,"SAMSUNG ELECTRONICS","QA85Q80CA*",214.783,"LCD (LED)",259,"N/A","Available",4,"SAMSUNG ELECTRONICS",84.56023622047243,"Other"
151856,"SAMSUNG ELECTRONICS","QA55Q70CAW",138.783,"LCD (LED)",114,"N/A","Available",4,"SAMSUNG ELECTRONICS",54.63897637795275,"Other"
151856,"SAMSUNG ELECTRONICS","QA55Q70CAS",138.783,"LCD (LED)",114,"N/A","Available",4,"SAMSUNG ELECTRONICS",54.63897637795275,"Other"
151856,"SAMSUNG ELECTRONICS","QA55Q70CA*",138.783,"LCD (LED)",114,"N/A","Available",4,"SAMSUNG ELECTRONICS",54.63897637795275,"Other"
151857,"SAMSUNG ELECTRONICS","QA65Q70CAW",163.897,"LCD (LED)",145,"N/A","Available",4,"SAMSUNG ELECTRONICS",64.52637795275591,"65-inch"
151857,"SAMSUNG ELECTRONICS","QA65Q70CAS",163.897,"LCD (LED)",145,"N/A","Available",4,"SAMSUNG ELECTRONICS",64.52637795275591,"65-inch"
151857,"SAMSUNG ELECTRONICS","QA65Q70CA*",163.897,"LCD (LED)",145,"N/A","Available",4,"SAMSUNG ELECTRONICS",64.52637795275591,"65-inch"
151861,"SAMSUNG ELECTRONICS","QA75QN900CW",189.338,"LCD (LED)",340,"N/A","Available",1.5,"SAMSUNG ELECTRONICS",74.54251968503937,"Other"
151861,"SAMSUNG ELECTRONICS","QA75QN900CS",189.338,"LCD (LED)",340,"N/A","Available",1.5,"SAMSUNG ELECTRONICS",74.54251968503937,"Other"
151861,"SAMSUNG ELECTRONICS","QA75QN900C*",189.338,"LCD (LED)",340,"N/A","Available",1.5,"SAMSUNG ELECTRONICS",74.54251968503937,"Other"
151862,"SAMSUNG ELECTRONICS","QA65QN700CS",163.897,"LCD (LED)",190,"N/A","Available",3,"SAMSUNG ELECTRONICS",64.52637795275591,"65-inch"
151864,"SAMSUNG ELECTRONICS","QA85QN900CW",214.783,"LCD (LED)",373,"N/A","Available",2,"SAMSUNG ELECTRONICS",84.56023622047243,"Other"
151864,"SAMSUNG ELECTRONICS","QA85QN900CS",214.783,"LCD (LED)",373,"N/A","Available",2,"SAMSUNG ELECTRONICS",84.56023622047243,"Other"
151864,"SAMSUNG ELECTRONICS","QA85QN900C*",214.783,"LCD (LED)",373,"N/A","Available",2,"SAMSUNG ELECTRONICS",84.56023622047243,"Other"
151881,"LG","43UR78006LL",107.987,"LCD (LED)",73,"N/A","Available",4,"LG",42.514566929133856,"Other"
151882,"LG","50UR78006LL",125.727,"LCD (LED)",78,"N/A","Available",4.5,"LG",49.4988188976378,"Other"
151883,"LG","55UR78006LL",138.783,"LCD (LED)",97,"N/A","Available",4.5,"LG",54.63897637795275,"Other"
151884,"LG","65UR78006LL",163.897,"LCD (LED)",127,"N/A","Available",4.5,"LG",64.52637795275591,"65-inch"
151886,"SAMSUNG ELECTRONICS","QA65QN95CAW",163.897,"LCD (LED)",155,"N/A","Available",4,"SAMSUNG ELECTRONICS",64.52637795275591,"65-inch"
151886,"SAMSUNG ELECTRONICS","QA65QN95CAS",163.897,"LCD (LED)",155,"N/A","Available",4,"SAMSUNG ELECTRONICS",64.52637795275591,"65-inch"
151886,"SAMSUNG ELECTRONICS","QA65QN95CA*",163.897,"LCD (LED)",155,"N/A","Available",4,"SAMSUNG ELECTRONICS",64.52637795275591,"65-inch"
151887,"SAMSUNG ELECTRONICS","QA50Q80CAS",125.736,"LCD (LED)",93,"N/A","Available",4,"SAMSUNG ELECTRONICS",49.50236220472441,"Other"
151888,"SAMSUNG ELECTRONICS","QA75QN700CS",189.338,"LCD (LED)",214,"N/A","Available",3.5,"SAMSUNG ELECTRONICS",74.54251968503937,"Other"
151889,"SAMSUNG ELECTRONICS","QA85QN800CW",214.783,"LCD (LED)",303,"N/A","Available",3,"SAMSUNG ELECTRONICS",84.56023622047243,"Other"
151889,"SAMSUNG ELECTRONICS","QA85QN800CS",214.783,"LCD (LED)",303,"N/A","Available",3,"SAMSUNG ELECTRONICS",84.56023622047243,"Other"
151889,"SAMSUNG ELECTRONICS","QA85QN800C*",214.783,"LCD (LED)",303,"N/A","Available",3,"SAMSUNG ELECTRONICS",84.56023622047243,"Other"
151890,"SAMSUNG ELECTRONICS","QA65QN900CW",163.897,"LCD (LED)",280,"N/A","Available",1,"SAMSUNG ELECTRONICS",64.52637795275591,"65-inch"
151890,"SAMSUNG ELECTRONICS","QA65QN900CS",163.897,"LCD (LED)",280,"N/A","Available",1,"SAMSUNG ELECTRONICS",64.52637795275591,"65-inch"
151890,"SAMSUNG ELECTRONICS","QA65QN900C*",163.897,"LCD (LED)",280,"N/A","Available",1,"SAMSUNG ELECTRONICS",64.52637795275591,"65-inch"
151892,"Polaroid","PL6521UHDG",163.132,"LCD",94.65,"N/A","Available",6,"POLAROID",64.2251968503937,"65-inch"
146564,"BAUHN","ATV32HDG-0423",79.967,"LCD (LED)",28,"N/A","Available",6,"BAUHN",31.48307086614173,"32-inch"
146564,"BAUHN","ATV32HDG-1022",79.967,"LCD (LED)",28,"N/A","Available",6,"BAUHN",31.48307086614173,"32-inch"
146564,"BAUHN","ATV32HDG-0722",79.967,"LCD (LED)",28,"N/A","Available",6,"BAUHN",31.48307086614173,"32-inch"
151905,"SAMSUNG ELECTRONICS","QA75QN95CAW",189.338,"LCD (LED)",194,"N/A","Available",4,"SAMSUNG ELECTRONICS",74.54251968503937,"Other"
151905,"SAMSUNG ELECTRONICS","QA75QN95CAS",189.338,"LCD (LED)",194,"N/A","Available",4,"SAMSUNG ELECTRONICS",74.54251968503937,"Other"
151905,"SAMSUNG ELECTRONICS","QA75QN95CA*",189.338,"LCD (LED)",194,"N/A","Available",4,"SAMSUNG ELECTRONICS",74.54251968503937,"Other"
151906,"SAMSUNG ELECTRONICS","QA85QN95CAW",214.783,"LCD (LED)",247,"N/A","Available",4,"SAMSUNG ELECTRONICS",84.56023622047243,"Other"
151906,"SAMSUNG ELECTRONICS","QA85QN95CAS",214.783,"LCD (LED)",247,"N/A","Available",4,"SAMSUNG ELECTRONICS",84.56023622047243,"Other"
151906,"SAMSUNG ELECTRONICS","QA85QN95CA*",214.783,"LCD (LED)",247,"N/A","Available",4,"SAMSUNG ELECTRONICS",84.56023622047243,"Other"
151907,"SAMSUNG ELECTRONICS","QA75Q60CAW",189.338,"LCD (LED)",183,"N/A","Available",4.5,"SAMSUNG ELECTRONICS",74.54251968503937,"Other"
151907,"SAMSUNG ELECTRONICS","QA75Q60CAS",189.338,"LCD (LED)",183,"N/A","Available",4.5,"SAMSUNG ELECTRONICS",74.54251968503937,"Other"
151907,"SAMSUNG ELECTRONICS","QA75Q63CAS",189.338,"LCD (LED)",183,"N/A","Available",4.5,"SAMSUNG ELECTRONICS",74.54251968503937,"Other"
151907,"SAMSUNG ELECTRONICS","QA75Q6*CA*",189.338,"LCD (LED)",183,"N/A","Available",4.5,"SAMSUNG ELECTRONICS",74.54251968503937,"Other"
151908,"SAMSUNG ELECTRONICS","QA55QN700CS",138.783,"LCD (LED)",168,"N/A","Available",2,"SAMSUNG ELECTRONICS",54.63897637795275,"Other"
151847,"SAMSUNG ELECTRONICS","UA75CU8500S",189.338,"LCD (LED)",165,"N/A","Available",5,"SAMSUNG ELECTRONICS",74.54251968503937,"Other"
151949,"AKAI","AK5522S7TZN",138.783,"LCD",68.5,"N/A","Available",6,"AKAI",54.63897637795275,"Other"
151962,"Sony","KD-75X77L",189.306,"LCD (LED)",214.5,"N/A","Available",3.5,"SONY",74.52992125984252,"Other"
151974,"Sony","XR-83A80L",209.636,"OLED",207,"N/A","Available",4.5,"SONY",82.53385826771654,"Other"
151973,"Polaroid","PL40S4G11",100.305,"LCD",40,"N/A","Available",6,"POLAROID",39.49015748031496,"Other"
152005,"Linsar","LS32C12V",80.043,"LCD",27.1,"N/A","Available",6,"LINSAR",31.512992125984255,"32-inch"
152068,"kogan","KALED98X98JSTA",247.604,"LCD (LED)",337,"N/A","Available",4,"KOGAN",97.48188976377953,"Other"
152060,"EKO","K650USG",163.896,"LCD",143.934,"N/A","Available",4,"EKO",64.5259842519685,"65-inch"
152075,"EKO","K550USG",138.783,"LCD",91.788,"N/A","Available",4.5,"EKO",54.63897637795275,"Other"
152081,"EKO","K500USG",125.731,"LCD",86.21,"N/A","Available",4,"EKO",49.5003937007874,"Other"
152082,"kogan","KALED32RH9320STA",79.967,"LCD (LED)",28,"N/A","Available",6,"KOGAN",31.48307086614173,"32-inch"
152104,"LG","65QNED86SRA",163.897,"LCD (LED)",125,"N/A","Available",5,"LG",64.52637795275591,"65-inch"
152105,"LG","65QNED866RA",163.897,"LCD (LED)",125,"N/A","Available",5,"LG",64.52637795275591,"65-inch"
152106,"LG","75QNED86SRA",189.275,"LCD (LED)",150,"N/A","Available",5,"LG",74.51771653543307,"Other"
152107,"LG","75QNED866RA",189.275,"LCD (LED)",150,"N/A","Available",5,"LG",74.51771653543307,"Other"
152108,"LG","86QNED86SRA",217.425,"LCD (LED)",206,"N/A","Available",5,"LG",85.60039370078741,"Other"
152109,"LG","86QNED866RA",217.425,"LCD (LED)",206,"N/A","Available",5,"LG",85.60039370078741,"Other"
152138,"Blaupunkt","BP650USG9800",163.896,"LCD",143.934,"N/A","Available",4,"BLAUPUNKT",64.5259842519685,"65-inch"
152157,"SONY","KD-55X77L",138.798,"LCD (LED)",129.1,"N/A","Available",3.5,"SONY",54.64488188976378,"Other"
152158,"SONY","KD-65X77L",163.878,"LCD (LED)",143.6,"N/A","Available",4,"SONY",64.51889763779526,"65-inch"
152167,"SONY","KD-75X85L",189.306,"LCD (LED)",181.1,"N/A","Available",4.5,"SONY",74.52992125984252,"Other"
152176,"LG","43UR81006LJ",107.987,"LCD (LED)",73,"N/A","Available",4,"LG",42.514566929133856,"Other"
152177,"LG","50UR81006LJ",125.727,"LCD (LED)",78,"N/A","Available",4.5,"LG",49.4988188976378,"Other"
152178,"LG","55UR81006LJ",138.783,"LCD (LED)",97,"N/A","Available",4.5,"LG",54.63897637795275,"Other"
152179,"LG","65UR81006LJ",163.897,"LCD (LED)",127,"N/A","Available",4.5,"LG",64.52637795275591,"65-inch"
152180,"LG","75UR80006LJ",189.275,"LCD (LED)",165,"N/A","Available",5,"LG",74.51771653543307,"Other"
152181,"LG","75UR81006LJ",189.275,"LCD (LED)",165,"N/A","Available",5,"LG",74.51771653543307,"Other"
152182,"LG","86UR80006LA",217.425,"LCD (LED)",250,"N/A","Available",4,"LG",85.60039370078741,"Other"
152183,"LG","86UR81006LA",217.425,"LCD (LED)",250,"N/A","Available",4,"LG",85.60039370078741,"Other"
152240,"SONY","XR-85X95L",214.783,"LCD (LED)",280.7,"N/A","Available",3.5,"SONY",84.56023622047243,"Other"
152243,"SONY","XR-65X95L",163.878,"LCD (LED)",214.8,"N/A","Available",2.5,"SONY",64.51889763779526,"65-inch"
152244,"SONY","XR-75X95L",189.306,"LCD (LED)",242.5,"N/A","Available",3,"SONY",74.52992125984252,"Other"
152283,"SAMSUNG ELECTRONICS","QA55S90CAW",138.783,"LCD (LED)",113,"N/A","Available",4,"SAMSUNG ELECTRONICS",54.63897637795275,"Other"
152283,"SAMSUNG ELECTRONICS","QA55S90CAS",138.783,"LCD (LED)",113,"N/A","Available",4,"SAMSUNG ELECTRONICS",54.63897637795275,"Other"
152284,"SONY","KD-43X77L",107.95,"LCD (LED)",77.5,"N/A","Available",3.5,"SONY",42.5,"Other"
152286,"SONY","KD-50X77L",125.725,"LCD (LED)",93.8,"N/A","Available",4,"SONY",49.49803149606299,"Other"
152283,"SAMSUNG ELECTRONICS","QA55S90CA*",138.783,"LCD (LED)",113,"N/A","Available",4,"SAMSUNG ELECTRONICS",54.63897637795275,"Other"
152287,"SAMSUNG ELECTRONICS","QA65S90CAW",163.897,"LCD (LED)",154,"N/A","Available",4,"SAMSUNG ELECTRONICS",64.52637795275591,"65-inch"
152287,"SAMSUNG ELECTRONICS","QA65S90CAS",163.897,"LCD (LED)",154,"N/A","Available",4,"SAMSUNG ELECTRONICS",64.52637795275591,"65-inch"
152287,"SAMSUNG ELECTRONICS","QA65S90CA*",163.897,"LCD (LED)",154,"N/A","Available",4,"SAMSUNG ELECTRONICS",64.52637795275591,"65-inch"
152294,"EKO","K43FSG11",107.953,"LCD (LED)",53.5,"N/A","Available",5,"EKO",42.5011811023622,"Other"
152296,"FFALCON","FF32RS52",79.967,"LCD (LED)",24.1,"7.0","Available",6,"FFALCON",31.48307086614173,"32-inch"
152314,"SONY","XR-85X90L",214.783,"LCD (LED)",201.6,"N/A","Available",5,"SONY",84.56023622047243,"Other"
152382,"LG","OLED42C34LA",105.52,"OLED",63,"N/A","Available",4.5,"LG",41.54330708661417,"Other"
152101,"kogan","KALED65U92TA",163.829,"LCD (LED)",101.3,"N/A","Available",5.5,"KOGAN",64.4996062992126,"65-inch"
152427,"BAUHN","ATV55UHDT-0723",138.783,"LCD",68.5,"N/A","Available",6,"BAUHN",54.63897637795275,"Other"
152453,"ENGLAON","LED32M80",86.176,"LCD (LED)",47.2,"N/A","Available",4.5,"ENGLAON",33.92755905511811,"Other"
152453,"ENGLAON","LED32X80",86.176,"LCD (LED)",47.2,"N/A","Available",4.5,"ENGLAON",33.92755905511811,"Other"
152453,"ENGLAON","32in Smart TV",86.176,"LCD (LED)",47.2,"N/A","Available",4.5,"ENGLAON",33.92755905511811,"Other"
152455,"ENGLAON","LED27M80",77.186,"LCD (LED)",42.76,"N/A","Available",4,"ENGLAON",30.388188976377954,"Other"
152455,"ENGLAON","LED27X80",77.186,"LCD (LED)",42.76,"N/A","Available",4,"ENGLAON",30.388188976377954,"Other"
152455,"ENGLAON","27in Smart TV",77.186,"LCD (LED)",42.76,"N/A","Available",4,"ENGLAON",30.388188976377954,"Other"
152462,"Panasonic","TH-42MZ980Z",105.52,"OLED",60,"7.0","Available",4.5,"PANASONIC",41.54330708661417,"Other"
152463,"Panasonic","TH-48MZ980Z",120.703,"OLED",78,"7.0","Available",4.5,"PANASONIC",47.520866141732284,"Other"
152464,"Panasonic","TH-55MZ980Z",138.818,"OLED",99,"7.0","Available",4.5,"PANASONIC",54.65275590551182,"Other"
152465,"Panasonic","TH-65MZ980Z",163.853,"OLED",124,"8.0","Available",5,"PANASONIC",64.50905511811024,"65-inch"
152466,"Panasonic","TH-55MZ1500Z",138.818,"OLED",98,"7.0","Available",4.5,"PANASONIC",54.65275590551182,"Other"
152467,"Panasonic","TH-65MZ1500Z",163.853,"OLED",124,"8.0","Available",5,"PANASONIC",64.50905511811024,"65-inch"
152472,"SAMSUNG ELECTRONICS","UA85CU8000W",214.783,"LCD (LED)",198,"N/A","Available",5,"SAMSUNG ELECTRONICS",84.56023622047243,"Other"
152472,"SAMSUNG ELECTRONICS","UA85CU8000S",214.783,"LCD (LED)",198,"N/A","Available",5,"SAMSUNG ELECTRONICS",84.56023622047243,"Other"
152472,"SAMSUNG ELECTRONICS","UA85CU8*00*",214.783,"LCD (LED)",198,"N/A","Available",5,"SAMSUNG ELECTRONICS",84.56023622047243,"Other"
152483,"SAMSUNG ELECTRONICS","QA55S95CAW",138.783,"LCD (LED)",113,"N/A","Available",4,"SAMSUNG ELECTRONICS",54.63897637795275,"Other"
152483,"SAMSUNG ELECTRONICS","QA55S95CAS",138.783,"LCD (LED)",113,"N/A","Available",4,"SAMSUNG ELECTRONICS",54.63897637795275,"Other"
152483,"SAMSUNG ELECTRONICS","QA55S95CA*",138.783,"LCD (LED)",113,"N/A","Available",4,"SAMSUNG ELECTRONICS",54.63897637795275,"Other"
152484,"SAMSUNG ELECTRONICS","QA65S95CAW",163.897,"LCD (LED)",155,"N/A","Available",4,"SAMSUNG ELECTRONICS",64.52637795275591,"65-inch"
152484,"SAMSUNG ELECTRONICS","QA65S95CAS",163.897,"LCD (LED)",155,"N/A","Available",4,"SAMSUNG ELECTRONICS",64.52637795275591,"65-inch"
152484,"SAMSUNG ELECTRONICS","QA65S95CA*",163.897,"LCD (LED)",155,"N/A","Available",4,"SAMSUNG ELECTRONICS",64.52637795275591,"65-inch"
152485,"SAMSUNG ELECTRONICS","QA77S95CAW",195.177,"LCD (LED)",220,"N/A","Available",4,"SAMSUNG ELECTRONICS",76.84133858267717,"Other"
152485,"SAMSUNG ELECTRONICS","QA77S95CAS",195.177,"LCD (LED)",220,"N/A","Available",4,"SAMSUNG ELECTRONICS",76.84133858267717,"Other"
152485,"SAMSUNG ELECTRONICS","QA77S95CA*",195.177,"LCD (LED)",220,"N/A","Available",4,"SAMSUNG ELECTRONICS",76.84133858267717,"Other"
152494,"TCL","75C745",189.306,"LCD (LED)",174.7,"7.0","Available",4,"TCL",74.52992125984252,"Other"
152548,"SAMSUNG ELECTRONICS","LH85BECHLGKXXY",214.783,"LCD (LED)",145,"N/A","Available",6,"SAMSUNG ELECTRONICS",84.56023622047243,"Other"
152550,"AKAI","AK4021S6WOS",100.217,"LCD",39.9,"N/A","Available",6,"AKAI",39.45551181102362,"Other"
152578,"TCL","55C745",138.711,"LCD (LED)",113.8,"7.0","Available",3.5,"TCL",54.61062992125985,"Other"
152580,"TCL","85C745",214.783,"LCD (LED)",278.5,"7.0","Available",3,"TCL",84.56023622047243,"Other"
152620,"TCL","85C645",214.783,"LCD (LED)",152.2,"7.0","Available",6,"TCL",84.56023622047243,"Other"
152623,"TCL","43C645",107.95,"LCD (LED)",54,"7.0","Available",4.5,"TCL",42.5,"Other"
152624,"TCL","65C745",163.829,"LCD (LED)",128.1,"7.0","Available",4.5,"TCL",64.4996062992126,"65-inch"
152634,"TCL","55C845",138.711,"LCD (LED)",123.8,"7.0","Available",3,"TCL",54.61062992125985,"Other"
152636,"TCL","65C845",163.829,"LCD (LED)",182.7,"7.0","Available",2.5,"TCL",64.4996062992126,"65-inch"
152639,"TCL","75C845",189.306,"LCD (LED)",208.3,"7.0","Available",3,"TCL",74.52992125984252,"Other"
152681,"SONY","XR-98X90L",247.691,"LCD (LED)",256.4,"N/A","Available",5,"SONY",97.51614173228346,"Other"
152717,"EKO","K40FSW",100.353,"LCD (LED)",48.68,"N/A","Available",5,"EKO",39.50905511811023,"Other"
152722,"EKO","K55OLED",138.847,"OLED",74.74,"N/A","Available",5.5,"EKO",54.664173228346456,"Other"
152760,"Linsar","LS65UHDZEN",163.878,"LCD",96.3,"N/A","Available",6,"LINSAR",64.51889763779526,"65-inch"
152799,"EKO","K50USW2",125.731,"LCD (LED)",78.5,"N/A","Available",4,"EKO",49.5003937007874,"Other"
152812,"JVC","LT-43N5135A",107.863,"LCD",55.635,"N/A","Available",5,"JVC",42.46574803149606,"Other"
152821,"KONIC","KDL32WE330VN2",80.057,"LCD",34.67,"8.0","Available",5,"KONIC",31.518503937007875,"32-inch"
152852,"TCL","98C745",247.604,"LCD (LED)",440.5,"7.0","Available",2.5,"TCL",97.48188976377953,"Other"
152874,"FFALCON","FF75RU62",189.306,"LCD (LED)",101.1,"7.0","Available",6,"FFALCON",74.52992125984252,"Other"
152875,"BAUHN","ATV43UHDT-0723",107.987,"LCD (LED)",45.5,"N/A","Available",6,"BAUHN",42.514566929133856,"Other"
152913,"BAUHN","ATV70UHDT-0623",176.532,"LCD",110.15,"N/A","Available",6,"BAUHN",69.50078740157481,"Other"
152958,"Panasonic","TH-32MS600Z",80.054,"LCD (LED)",23.298,"9.0","Available",6,"PANASONIC",31.517322834645668,"32-inch"
152959,"Panasonic","TH-43MS600Z",108.124,"LCD (LED)",35.598,"9.0","Available",6,"PANASONIC",42.56850393700787,"Other"
152964,"FFALCON","FF40RS52",100.305,"LCD (LED)",35.1,"7.0","Available",6,"FFALCON",39.49015748031496,"Other"
152966,"LG","OLED88Z3PSA",222.486,"OLED",349,"N/A","Available",3,"LG",87.59291338582676,"Other"
152967,"LG","OLED88Z36LA",222.486,"OLED",349,"N/A","Available",3,"LG",87.59291338582676,"Other"
152977,"Panasonic","TH-77MZ2000Z",194.712,"OLED",183,"7.0","Available",4.5,"PANASONIC",76.65826771653543,"Other"
153054,"EKO","K55USW",138.783,"LCD (LED)",96.1,"N/A","Available",4.5,"EKO",54.63897637795275,"Other"
152101,"kogan","KALED65U92TB",163.829,"LCD (LED)",101.3,"N/A","Available",5.5,"KOGAN",64.4996062992126,"65-inch"
152101,"kogan","KALED65U92TC",163.829,"LCD (LED)",101.3,"N/A","Available",5.5,"KOGAN",64.4996062992126,"65-inch"
152101,"kogan","KALED65U92TD",163.829,"LCD (LED)",101.3,"N/A","Available",5.5,"KOGAN",64.4996062992126,"65-inch"
152101,"kogan","KALED65U92TE",163.829,"LCD (LED)",101.3,"N/A","Available",5.5,"KOGAN",64.4996062992126,"65-inch"
153112,"ENGLAON","LED22M60",55.86,"LCD (LED)",27.25,"N/A","Available",4,"ENGLAON",21.992125984251967,"Other"
153113,"ENGLAON","LED32M10",81.278,"LCD (LED)",40.45,"N/A","Available",4.5,"ENGLAON",31.9992125984252,"32-inch"
153115,"PHILIPS","50PUT8528/79",125.725,"LCD (LED)",81.3,"N/A","Available",4,"PHILIPS",49.49803149606299,"Other"
153116,"PHILIPS","55PUT8528/79",138.798,"LCD (LED)",90.5,"N/A","Available",4.5,"PHILIPS",54.64488188976378,"Other"
153117,"PHILIPS","65PUT8528/79",163.897,"LCD (LED)",119.3,"N/A","Available",4.5,"PHILIPS",64.52637795275591,"65-inch"
153140,"JVC","AV-J323135A",80.039,"LCD (LED)",24.687,"N/A","Available",5.5,"JVC",31.511417322834646,"32-inch"
153155,"SONY","XR-55A95L",138.798,"OLED",103.6,"N/A","Available",4,"SONY",54.64488188976378,"Other"
153156,"SONY","XR-65A95L",163.878,"OLED",122.1,"N/A","Available",5,"SONY",64.51889763779526,"65-inch"
153194,"KOGAN","KALED19PRIZD",47.013,"LCD (LED)",15.8694,"N/A","Available",5,"KOGAN",18.509055118110236,"Other"
153258,"SAMSUNG ELECTRONICS","QA77S90CAW",195.177,"LCD (LED)",178,"N/A","Available",4.5,"SAMSUNG ELECTRONICS",76.84133858267717,"Other"
153258,"SAMSUNG ELECTRONICS","QA77S90CAS",195.177,"LCD (LED)",178,"N/A","Available",4.5,"SAMSUNG ELECTRONICS",76.84133858267717,"Other"
153258,"SAMSUNG ELECTRONICS","QA77S90CA*",195.177,"LCD (LED)",178,"N/A","Available",4.5,"SAMSUNG ELECTRONICS",76.84133858267717,"Other"
153274,"PHILIPS","50PUT7908/79",125.725,"LCD (LED)",99.1,"N/A","Available",3,"PHILIPS",49.49803149606299,"Other"
153274,"PHILIPS","50PUT7908/75",125.725,"LCD (LED)",99.1,"N/A","Available",3,"PHILIPS",49.49803149606299,"Other"
153275,"PHILIPS","55PUT7908/79",138.798,"LCD (LED)",102.3,"N/A","Available",4,"PHILIPS",54.64488188976378,"Other"
153275,"PHILIPS","55PUT7908/75",138.798,"LCD (LED)",102.3,"N/A","Available",4,"PHILIPS",54.64488188976378,"Other"
153276,"PHILIPS","65PUT7908/79",163.897,"LCD (LED)",129.8,"N/A","Available",4,"PHILIPS",64.52637795275591,"65-inch"
153276,"PHILIPS","65PUT7908/75",163.897,"LCD (LED)",129.8,"N/A","Available",4,"PHILIPS",64.52637795275591,"65-inch"
153405,"PHILIPS","75PUT8808/79",189.306,"LCD (LED)",153.1,"N/A","Available",4.5,"PHILIPS",74.52992125984252,"Other"
153405,"PHILIPS","75PUT8808/75",189.306,"LCD (LED)",153.1,"N/A","Available",4.5,"PHILIPS",74.52992125984252,"Other"
153411,"PHILIPS","75PUT7908/79",189.306,"LCD (LED)",144.1,"N/A","Available",5,"PHILIPS",74.52992125984252,"Other"
153411,"PHILIPS","75PUT7908/75",189.306,"LCD (LED)",144.1,"N/A","Available",5,"PHILIPS",74.52992125984252,"Other"
153413,"PHILIPS","55PUT8808/79",138.798,"LCD (LED)",136.6,"N/A","Available",2.5,"PHILIPS",54.64488188976378,"Other"
153413,"PHILIPS","55PUT8808/75",138.798,"LCD (LED)",136.6,"N/A","Available",2.5,"PHILIPS",54.64488188976378,"Other"
153419,"TCL","43P745",107.95,"LCD (LED)",47.1,"7.0","Available",5,"TCL",42.5,"Other"
153424,"TCL","50P745",125.638,"LCD (LED)",52.3,"7.0","Available",6,"TCL",49.463779527559055,"Other"
153425,"TCL","55P745",138.711,"LCD (LED)",55.5,"7.0","Available",6,"TCL",54.61062992125985,"Other"
153426,"TCL","65P745",163.829,"LCD (LED)",74.4,"7.0","Available",6,"TCL",64.4996062992126,"65-inch"
153427,"TCL","75P745",189.306,"LCD (LED)",113.6,"7.0","Available",6,"TCL",74.52992125984252,"Other"
153449,"BLAUPUNKT","BP50WOS2",125.731,"LCD",85.767,"N/A","Available",4.5,"BLAUPUNKT",49.5003937007874,"Other"
153450,"PHILIPS","65PUT8808/79",163.897,"LCD (LED)",142.4,"N/A","Available",4,"PHILIPS",64.52637795275591,"65-inch"
153450,"PHILIPS","65PUT8808/75",163.897,"LCD (LED)",142.4,"N/A","Available",4,"PHILIPS",64.52637795275591,"65-inch"
153462,"JVC","AV-J243145A",59.824,"LCD (LED)",17.0946,"N/A","Available",5.5,"JVC",23.55275590551181,"Other"
153525,"EKO","K32HSW",80.039,"LCD (LED)",48.19,"N/A","Available",3.5,"EKO",31.511417322834646,"32-inch"
153540,"SONY","XR-77A95L",195.173,"OLED",147.7,"N/A","Available",5.5,"SONY",76.83976377952756,"Other"
153579,"LG","43UR781C0LL",107.987,"LCD (LED)",73,"N/A","Available",4,"LG",42.514566929133856,"Other"
153580,"LG","43UR801C0SB",107.987,"LCD (LED)",73,"N/A","Available",4,"LG",42.514566929133856,"Other"
153581,"LG","50UR781C0LL",125.727,"LCD (LED)",78,"N/A","Available",4.5,"LG",49.4988188976378,"Other"
153582,"LG","50UR801C0SB",125.727,"LCD (LED)",78,"N/A","Available",4.5,"LG",49.4988188976378,"Other"
153583,"LG","55UR781C0LL",138.783,"LCD (LED)",97,"N/A","Available",4.5,"LG",54.63897637795275,"Other"
153584,"LG","55UR801C0SB",138.783,"LCD (LED)",97,"N/A","Available",4.5,"LG",54.63897637795275,"Other"
153585,"LG","65UR781C0LL",163.897,"LCD (LED)",127,"N/A","Available",4.5,"LG",64.52637795275591,"65-inch"
153586,"LG","65UR801C0SB",163.897,"LCD (LED)",127,"N/A","Available",4.5,"LG",64.52637795275591,"65-inch"
153587,"LG","75UR801C0LJ",189.275,"LCD (LED)",165,"N/A","Available",5,"LG",74.51771653543307,"Other"
153588,"LG","75UR801C0SB",189.275,"LCD (LED)",165,"N/A","Available",5,"LG",74.51771653543307,"Other"
153589,"LG","86UR801C0LA",217.425,"LCD (LED)",250,"N/A","Available",4,"LG",85.60039370078741,"Other"
153590,"LG","86UR801C0SB",217.425,"LCD (LED)",250,"N/A","Available",4,"LG",85.60039370078741,"Other"
153591,"TOSHIBA","43C350MP",107.986,"LCD (LED)",51.12,"N/A","Available",5,"TOSHIBA",42.51417322834646,"Other"
153592,"TOSHIBA","50C350MP",125.731,"LCD (LED)",67.75,"N/A","Available",5,"TOSHIBA",49.5003937007874,"Other"
153593,"TOSHIBA","55C350MP",138.783,"LCD (LED)",63.89,"N/A","Available",6,"TOSHIBA",54.63897637795275,"Other"
153594,"TOSHIBA","65C350MP",163.896,"LCD (LED)",82.49,"N/A","Available",6,"TOSHIBA",64.5259842519685,"65-inch"
153595,"TOSHIBA","75C350MP",189.274,"LCD (LED)",114.36,"N/A","Available",6,"TOSHIBA",74.51732283464567,"Other"
153601,"BAUHN","ATV50UHDT-0823",125.727,"LCD",56.7,"N/A","Available",6,"BAUHN",49.4988188976378,"Other"
153604,"Panasonic","TH-55MZ2000Z",138.818,"OLED",106,"7.0","Available",4,"PANASONIC",54.65275590551182,"Other"
153606,"Panasonic","TH-65MZ2000Z",163.853,"OLED",132,"7.0","Available",4.5,"PANASONIC",64.50905511811024,"65-inch"
153609,"JVC","LT-50N7145A",125.251,"LCD",102.36,"N/A","Available",3.5,"JVC",49.31141732283465,"Other"
153841,"BLAUPUNKT","BP400FSG9800",100.791,"LCD",50.5,"N/A","Available",5,"BLAUPUNKT",39.681496062992125,"Other"
153842,"EKO","K400FSG",100.791,"LCD",50.5,"N/A","Available",5,"EKO",39.681496062992125,"Other"
153907,"Sylvox","KT16A0KGEA",39.487,"LCD (LED)",15.1,"N/A","Available",4.5,"SYLVOX",15.546062992125984,"Other"
153908,"LG","65QNED866RE",163.897,"LCD (LED)",125,"N/A","Available",5,"LG",64.52637795275591,"65-inch"
153909,"LG","75QNED866RE",189.275,"LCD (LED)",150,"N/A","Available",5,"LG",74.51771653543307,"Other"
153910,"LG","86QNED866RE",217.425,"LCD (LED)",206,"N/A","Available",5,"LG",85.60039370078741,"Other"
153944,"EKO","K65USWQ2",163.897,"LCD (LED)",113.9,"N/A","Available",5,"EKO",64.52637795275591,"65-inch"
153946,"LG","43QNED75SRA",107.987,"LCD (LED)",70,"N/A","Available",4,"LG",42.514566929133856,"Other"
153947,"LG","43QNED756RA",107.987,"LCD (LED)",82,"N/A","Available",3.5,"LG",42.514566929133856,"Other"
153948,"LG","50QNED75SRA",125.727,"LCD (LED)",72,"N/A","Available",5,"LG",49.4988188976378,"Other"
153949,"LG","50QNED756RA",125.727,"LCD (LED)",68,"N/A","Available",5.5,"LG",49.4988188976378,"Other"
153950,"LG","55QNED75SRA",138.783,"LCD (LED)",92,"N/A","Available",5,"LG",54.63897637795275,"Other"
153951,"LG","55QNED756RA",138.783,"LCD (LED)",87,"N/A","Available",5,"LG",54.63897637795275,"Other"
153952,"LG","65QNED75SRA",163.897,"LCD (LED)",114,"N/A","Available",5,"LG",64.52637795275591,"65-inch"
153953,"LG","65QNED756RA",163.897,"LCD (LED)",109,"N/A","Available",5.5,"LG",64.52637795275591,"65-inch"
153954,"LG","75QNED75SRA",189.275,"LCD (LED)",126,"N/A","Available",6,"LG",74.51771653543307,"Other"
153955,"LG","75QNED756RA",189.275,"LCD (LED)",130,"N/A","Available",6,"LG",74.51771653543307,"Other"
153956,"CHiQ","U85F8TG",214.783,"LCD (LED)",230.268,"N/A","Available",4,"CHIQ",84.56023622047243,"Other"
153957,"CHiQ","U98F8TG",247.604,"LCD (LED)",337,"N/A","Available",4,"CHIQ",97.48188976377953,"Other"
153978,"PHILIPS","55OLED708/75",138.798,"OLED",99.5,"N/A","Available",4,"PHILIPS",54.64488188976378,"Other"
153978,"PHILIPS","55OLED708/79",138.798,"OLED",99.5,"N/A","Available",4,"PHILIPS",54.64488188976378,"Other"
153979,"PHILIPS","65OLED708/75",163.897,"OLED",114.8,"N/A","Available",5,"PHILIPS",64.52637795275591,"65-inch"
153979,"PHILIPS","65OLED708/79",163.897,"OLED",114.8,"N/A","Available",5,"PHILIPS",64.52637795275591,"65-inch"
153980,"kogan","KALED32F98TA",79.967,"LCD (LED)",28,"N/A","Available",6,"KOGAN",31.48307086614173,"32-inch"
153980,"kogan","KALED32F98TB",79.967,"LCD (LED)",28,"N/A","Available",6,"KOGAN",31.48307086614173,"32-inch"
153980,"kogan","KALED32F98TC",79.967,"LCD (LED)",28,"N/A","Available",6,"KOGAN",31.48307086614173,"32-inch"
153980,"kogan","KALED32F98TD",79.967,"LCD (LED)",28,"N/A","Available",6,"KOGAN",31.48307086614173,"32-inch"
153980,"kogan","KALED32F98TE",79.967,"LCD (LED)",28,"N/A","Available",6,"KOGAN",31.48307086614173,"32-inch"
153981,"kogan","KALED40F98TA",100.305,"LCD (LED)",40,"N/A","Available",6,"KOGAN",39.49015748031496,"Other"
153981,"kogan","KALED40F98TB",100.305,"LCD (LED)",40,"N/A","Available",6,"KOGAN",39.49015748031496,"Other"
153981,"kogan","KALED40F98TC",100.305,"LCD (LED)",40,"N/A","Available",6,"KOGAN",39.49015748031496,"Other"
153981,"kogan","KALED40F98TD",100.305,"LCD (LED)",40,"N/A","Available",6,"KOGAN",39.49015748031496,"Other"
153981,"kogan","KALED40F98TE",100.305,"LCD (LED)",40,"N/A","Available",6,"KOGAN",39.49015748031496,"Other"
154001,"HISENSE","43A7KAU",107.986,"LCD (LED)",64.97,"N/A","Available",4,"HISENSE",42.51417322834646,"Other"
154001,"HISENSE","43A7KNZ",107.986,"LCD (LED)",64.97,"N/A","Available",4,"HISENSE",42.51417322834646,"Other"
154003,"HISENSE","55A7KAU",138.783,"LCD (LED)",77.8,"N/A","Available",5.5,"HISENSE",54.63897637795275,"Other"
154003,"HISENSE","55A7KNZ",138.783,"LCD (LED)",77.8,"N/A","Available",5.5,"HISENSE",54.63897637795275,"Other"
154004,"HISENSE","65A7KAU",163.896,"LCD (LED)",102.3,"N/A","Available",5.5,"HISENSE",64.5259842519685,"65-inch"
154004,"HISENSE","65A7KNZ",163.896,"LCD (LED)",102.3,"N/A","Available",5.5,"HISENSE",64.5259842519685,"65-inch"
154005,"HISENSE","75A7KAU",189.34,"LCD (LED)",127.12,"N/A","Available",6,"HISENSE",74.54330708661418,"Other"
154005,"HISENSE","75A7KNZ",189.34,"LCD (LED)",127.12,"N/A","Available",6,"HISENSE",74.54330708661418,"Other"
154006,"HISENSE","85A7KAU",214.783,"LCD (LED)",177.41,"N/A","Available",5.5,"HISENSE",84.56023622047243,"Other"
154006,"HISENSE","85A7KNZ",214.783,"LCD (LED)",177.41,"N/A","Available",5.5,"HISENSE",84.56023622047243,"Other"
154003,"HISENSE","55A7K series",138.783,"LCD (LED)",77.8,"N/A","Available",5.5,"HISENSE",54.63897637795275,"Other"
154001,"HISENSE","43A7K series",107.986,"LCD (LED)",64.97,"N/A","Available",4,"HISENSE",42.51417322834646,"Other"
154004,"HISENSE","65A7K series",163.896,"LCD (LED)",102.3,"N/A","Available",5.5,"HISENSE",64.5259842519685,"65-inch"
154005,"HISENSE","75A7K series",189.34,"LCD (LED)",127.12,"N/A","Available",6,"HISENSE",74.54330708661418,"Other"
154006,"HISENSE","85A7K series",214.783,"LCD (LED)",177.41,"N/A","Available",5.5,"HISENSE",84.56023622047243,"Other"
154045,"Sylvox","OT43A2KEGC",107.987,"LCD (LED)",107.8,"N/A","Available",2,"SYLVOX",42.514566929133856,"Other"
154079,"Sylvox","OT55A2KEGC",138.783,"LCD (LED)",168.3,"N/A","Available",2,"SYLVOX",54.63897637795275,"Other"
154080,"Sylvox","OT65A2KEGC",163.896,"LCD (LED)",237.1,"N/A","Available",2,"SYLVOX",64.5259842519685,"65-inch"
154085,"Sylvox","RT22R3KECA",54.485,"LCD (LED)",17.8,"N/A","Available",5,"SYLVOX",21.450787401574804,"Other"
154113,"Sylvox","RT24R3KECA",60.47,"LCD (LED)",21,"N/A","Available",5,"SYLVOX",23.807086614173226,"Other"
154150,"LOEWE","WE SEE 43",107.95,"LCD (LED)",65.8,"N/A","Available",4,"LOEWE",42.5,"Other"
154150,"LOEWE","C43",107.95,"LCD (LED)",65.8,"N/A","Available",4,"LOEWE",42.5,"Other"
154150,"LOEWE","LOEWE *43",107.95,"LCD (LED)",65.8,"N/A","Available",4,"LOEWE",42.5,"Other"
154120,"Blaupunkt","BP550USG9800",138.783,"LCD (LED)",91.788,"N/A","Available",4.5,"BLAUPUNKT",54.63897637795275,"Other"
154153,"LOEWE","WE SEE 32",80.054,"LCD (LED)",34,"N/A","Available",5,"LOEWE",31.517322834645668,"32-inch"
154153,"LOEWE","BILD C 32",80.054,"LCD (LED)",34,"N/A","Available",5,"LOEWE",31.517322834645668,"32-inch"
154153,"LOEWE","LED 32",80.054,"LCD (LED)",34,"N/A","Available",5,"LOEWE",31.517322834645668,"32-inch"
154156,"LOEWE","WE SEE 55",138.711,"LCD (LED)",84,"N/A","Available",5,"LOEWE",54.61062992125985,"Other"
154162,"LOEWE","WE SEE 50",125.638,"LCD (LED)",68,"N/A","Available",5.5,"LOEWE",49.463779527559055,"Other"
154164,"TCL","85C845",214.783,"LCD (LED)",306,"7.0","Available",2.5,"TCL",84.56023622047243,"Other"
152532,"SAMSUNG ELECTRONICS","LH43BECHLGKXXY",107.987,"LCD (LED)",70,"N/A","Available",4,"SAMSUNG ELECTRONICS",42.514566929133856,"Other"
152532,"SAMSUNG ELECTRONICS","LH43BECHLGSXNZ",107.987,"LCD (LED)",70,"N/A","Available",4,"SAMSUNG ELECTRONICS",42.514566929133856,"Other"
152532,"SAMSUNG ELECTRONICS","LH43BECHLG****",107.987,"LCD (LED)",70,"N/A","Available",4,"SAMSUNG ELECTRONICS",42.514566929133856,"Other"
152544,"SAMSUNG ELECTRONICS","LH55BECHLGSXNZ",138.783,"LCD (LED)",81,"N/A","Available",5.5,"SAMSUNG ELECTRONICS",54.63897637795275,"Other"
152544,"SAMSUNG ELECTRONICS","LH55BECHLG****",138.783,"LCD (LED)",81,"N/A","Available",5.5,"SAMSUNG ELECTRONICS",54.63897637795275,"Other"
152544,"SAMSUNG ELECTRONICS","LH55BECHLGKXXY",138.783,"LCD (LED)",81,"N/A","Available",5.5,"SAMSUNG ELECTRONICS",54.63897637795275,"Other"
152547,"SAMSUNG ELECTRONICS","LH75BECHLGKXXY",189.338,"LCD (LED)",139,"N/A","Available",5.5,"SAMSUNG ELECTRONICS",74.54251968503937,"Other"
152547,"SAMSUNG ELECTRONICS","LH75BECHLGSXNZ",189.338,"LCD (LED)",139,"N/A","Available",5.5,"SAMSUNG ELECTRONICS",74.54251968503937,"Other"
152547,"SAMSUNG ELECTRONICS","LH75BECHLG****",189.338,"LCD (LED)",139,"N/A","Available",5.5,"SAMSUNG ELECTRONICS",74.54251968503937,"Other"
152545,"SAMSUNG ELECTRONICS","LH65BECHLGKXXY",163.897,"LCD (LED)",116,"N/A","Available",5,"SAMSUNG ELECTRONICS",64.52637795275591,"65-inch"
152545,"SAMSUNG ELECTRONICS","LH65BECHLGSXNZ",163.897,"LCD (LED)",116,"N/A","Available",5,"SAMSUNG ELECTRONICS",64.52637795275591,"65-inch"
152545,"SAMSUNG ELECTRONICS","LH65BECHLG****",163.897,"LCD (LED)",116,"N/A","Available",5,"SAMSUNG ELECTRONICS",64.52637795275591,"65-inch"
152543,"SAMSUNG ELECTRONICS","LH50BECHLGKXXY",125.727,"LCD (LED)",80,"N/A","Available",4.5,"SAMSUNG ELECTRONICS",49.4988188976378,"Other"
152543,"SAMSUNG ELECTRONICS","LH50BECHLGSXNZ",125.727,"LCD (LED)",80,"N/A","Available",4.5,"SAMSUNG ELECTRONICS",49.4988188976378,"Other"
152543,"SAMSUNG ELECTRONICS","LH50BECHLG****",125.727,"LCD (LED)",80,"N/A","Available",4.5,"SAMSUNG ELECTRONICS",49.4988188976378,"Other"
154242,"BLAUPUNKT","BP650USG9900",163.954,"LCD",234.49,"N/A","Available",2,"BLAUPUNKT",64.5488188976378,"65-inch"
154394,"kogan","KAQLED43XQ98JSTA",107.95,"LCD (LED)",90.1,"N/A","Available",2.5,"KOGAN",42.5,"Other"
154394,"kogan","KAQLED43XQ98JSTB",107.95,"LCD (LED)",90.1,"N/A","Available",2.5,"KOGAN",42.5,"Other"
154394,"kogan","KAQLED43XQ98JSTC",107.95,"LCD (LED)",90.1,"N/A","Available",2.5,"KOGAN",42.5,"Other"
154394,"kogan","KAQLED43XQ98JSTD",107.95,"LCD (LED)",90.1,"N/A","Available",2.5,"KOGAN",42.5,"Other"
154394,"kogan","KAQLED43XQ98JSTE",107.95,"LCD (LED)",90.1,"N/A","Available",2.5,"KOGAN",42.5,"Other"
154395,"kogan","KALED65U94TA",163.791,"LCD (LED)",102.9,"N/A","Available",5.5,"KOGAN",64.48464566929134,"65-inch"
154395,"kogan","KALED65U94TB",163.791,"LCD (LED)",102.9,"N/A","Available",5.5,"KOGAN",64.48464566929134,"65-inch"
154395,"kogan","KALED65U94TC",163.791,"LCD (LED)",102.9,"N/A","Available",5.5,"KOGAN",64.48464566929134,"65-inch"
154395,"kogan","KALED65U94TD",163.791,"LCD (LED)",102.9,"N/A","Available",5.5,"KOGAN",64.48464566929134,"65-inch"
154395,"kogan","KALED65U94TE",163.791,"LCD (LED)",102.9,"N/A","Available",5.5,"KOGAN",64.48464566929134,"65-inch"
154089,"Hubbl Glass","LT043A-04-FXTL",108.048,"LCD (LED)",50.73,"N/A","Available",5,"HUBBL GLASS",42.53858267716535,"Other"
154094,"Hubbl Glass","LT055A-04-FXTL",138.711,"LCD (LED)",64.71,"N/A","Available",6,"HUBBL GLASS",54.61062992125985,"Other"
154403,"JVC","LT-32ND35A2",80.039,"LCD (LED)",35.3,"N/A","Available",4,"JVC",31.511417322834646,"32-inch"
154469,"TCL","55C645",138.711,"LCD (LED)",97.8,"7.0","Available",4,"TCL",54.61062992125985,"Other"
154470,"TCL","85P745",214.783,"LCD (LED)",174.4,"7.0","Available",5,"TCL",84.56023622047243,"Other"
154520,"SAMSUNG ELECTRONICS","QA98QN990CW",247.688,"LCD (LED)",389,"N/A","Available",3.5,"SAMSUNG ELECTRONICS",97.51496062992125,"Other"
154521,"SAMSUNG ELECTRONICS","QA50QE1CAS",125.727,"LCD (LED)",76,"N/A","Available",5,"SAMSUNG ELECTRONICS",49.4988188976378,"Other"
154533,"Sylvox","RT32R3KECA",80.131,"LCD (LED)",31.4,"N/A","Available",5,"SYLVOX",31.54763779527559,"32-inch"
154553,"TCL","40S5400A",100.305,"LCD (LED)",35.6,"7.0","Available",5,"TCL",39.49015748031496,"Other"
154555,"TCL","32S5400AF",79.967,"LCD (LED)",27,"6.0","Available",5.5,"TCL",31.48307086614173,"32-inch"
154630,"LG","OLED77M3PSA",194.738,"OLED",216,"N/A","Available",4,"LG",76.66850393700787,"Other"
154631,"LG","OLED83M3PSA",209.585,"OLED",212,"N/A","Available",4.5,"LG",82.51377952755905,"Other"
154632,"LG","OLED97M3PSA",245.145,"OLED",258,"N/A","Available",5,"LG",96.51377952755905,"Other"
154657,"BLAUPUNKT","BP430FSG9700",107.953,"LCD (LED)",53.5,"N/A","Available",5,"BLAUPUNKT",42.5011811023622,"Other"
154675,"kogan","KALED75U94TA",189.306,"LCD (LED)",137.1,"N/A","Available",5.5,"KOGAN",74.52992125984252,"Other"
154675,"kogan","KALED75U94TB",189.306,"LCD (LED)",137.1,"N/A","Available",5.5,"KOGAN",74.52992125984252,"Other"
154675,"kogan","KALED75U94TC",189.306,"LCD (LED)",137.1,"N/A","Available",5.5,"KOGAN",74.52992125984252,"Other"
154675,"kogan","KALED75U94TD",189.306,"LCD (LED)",137.1,"N/A","Available",5.5,"KOGAN",74.52992125984252,"Other"
154675,"kogan","KALED75U94TE",189.306,"LCD (LED)",137.1,"N/A","Available",5.5,"KOGAN",74.52992125984252,"Other"
154681,"FURRION","FDFD24D4D-H2",60.47,"LCD (LED)",25.58,"N/A","Available",4.5,"FURRION",23.807086614173226,"Other"
154692,"kogan","KALED55U94TA",138.783,"LCD (LED)",80.814,"8.0","Available",5.5,"KOGAN",54.63897637795275,"Other"
154692,"kogan","KALED55U94TB",138.783,"LCD (LED)",80.814,"8.0","Available",5.5,"KOGAN",54.63897637795275,"Other"
154692,"kogan","KALED55U94TC",138.783,"LCD (LED)",80.814,"8.0","Available",5.5,"KOGAN",54.63897637795275,"Other"
154692,"kogan","KALED55U94TD",138.783,"LCD (LED)",80.814,"8.0","Available",5.5,"KOGAN",54.63897637795275,"Other"
154692,"kogan","KALED55U94TE",138.783,"LCD (LED)",80.814,"8.0","Available",5.5,"KOGAN",54.63897637795275,"Other"
154694,"kogan","KAQLED98XQ98JSTA",247.691,"LCD (LED)",323,"N/A","Available",4,"KOGAN",97.51614173228346,"Other"
154694,"kogan","KAQLED98XQ98JSTB",247.691,"LCD (LED)",323,"N/A","Available",4,"KOGAN",97.51614173228346,"Other"
154694,"kogan","KAQLED98XQ98JSTC",247.691,"LCD (LED)",323,"N/A","Available",4,"KOGAN",97.51614173228346,"Other"
154694,"kogan","KAQLED98XQ98JSTD",247.691,"LCD (LED)",323,"N/A","Available",4,"KOGAN",97.51614173228346,"Other"
154694,"kogan","KAQLED98XQ98JSTE",247.691,"LCD (LED)",323,"N/A","Available",4,"KOGAN",97.51614173228346,"Other"
154698,"kogan","KALED50U94TA",125.638,"LCD (LED)",75,"N/A","Available",5,"KOGAN",49.463779527559055,"Other"
154698,"kogan","KALED50U94TB",125.638,"LCD (LED)",75,"N/A","Available",5,"KOGAN",49.463779527559055,"Other"
154698,"kogan","KALED50U94TC",125.638,"LCD (LED)",75,"N/A","Available",5,"KOGAN",49.463779527559055,"Other"
154698,"kogan","KALED50U94TD",125.638,"LCD (LED)",75,"N/A","Available",5,"KOGAN",49.463779527559055,"Other"
154698,"kogan","KALED50U94TE",125.638,"LCD (LED)",75,"N/A","Available",5,"KOGAN",49.463779527559055,"Other"
154716,"LG","43UM767H0LD",107.987,"LCD (LED)",43,"N/A","Available",6,"LG",42.514566929133856,"Other"
154717,"LG","50UM767H0LD",125.727,"LCD (LED)",45,"N/A","Available",7,"LG",49.4988188976378,"Other"
154718,"LG","55UM767H0LD",138.783,"LCD (LED)",59,"N/A","Available",7,"LG",54.63897637795275,"Other"
154719,"LG","65UM767H0LD",163.897,"LCD (LED)",65,"N/A","Available",7,"LG",64.52637795275591,"65-inch"
154720,"LG","75UM767H0LD",189.275,"LCD (LED)",70,"N/A","Available",8,"LG",74.51771653543307,"Other"
154727,"HISENSE","55U7KAU",138.783,"LCD (LED)",82.05,"N/A","Available",5,"HISENSE",54.63897637795275,"Other"
154727,"HISENSE","55U7KNZ",138.783,"LCD (LED)",82.05,"N/A","Available",5,"HISENSE",54.63897637795275,"Other"
154728,"HISENSE","65U7KAU",163.896,"LCD (LED)",109.65,"N/A","Available",5,"HISENSE",64.5259842519685,"65-inch"
154728,"HISENSE","65U7KNZ",163.896,"LCD (LED)",109.65,"N/A","Available",5,"HISENSE",64.5259842519685,"65-inch"
154729,"HISENSE","75U7KAU",189.34,"LCD (LED)",157.47,"N/A","Available",5,"HISENSE",74.54330708661418,"Other"
154729,"HISENSE","75U7KNZ",189.34,"LCD (LED)",157.47,"N/A","Available",5,"HISENSE",74.54330708661418,"Other"
154730,"HISENSE","85U7KAU",214.783,"LCD (LED)",217.19,"N/A","Available",4.5,"HISENSE",84.56023622047243,"Other"
154730,"HISENSE","85U7KNZ",214.783,"LCD (LED)",217.19,"N/A","Available",4.5,"HISENSE",84.56023622047243,"Other"
154727,"HISENSE","55U7K series",138.783,"LCD (LED)",82.05,"N/A","Available",5,"HISENSE",54.63897637795275,"Other"
154728,"HISENSE","65U7K series",163.896,"LCD (LED)",109.65,"N/A","Available",5,"HISENSE",64.5259842519685,"65-inch"
154729,"HISENSE","75U7K series",189.34,"LCD (LED)",157.47,"N/A","Available",5,"HISENSE",74.54330708661418,"Other"
154730,"HISENSE","85U7K series",214.783,"LCD (LED)",217.19,"N/A","Available",4.5,"HISENSE",84.56023622047243,"Other"
154747,"THOMSON","STVLED43FHDB",107.953,"LCD (LED)",41.53,"N/A","Available",6,"THOMSON",42.5011811023622,"Other"
154772,"Veon","VN24W2A2023",60.22,"LCD",22.6,"7.0","Available",4.5,"VEON",23.708661417322833,"Other"
154784,"kogan","KALED55R93STA",138.783,"LCD (LED)",77.8,"N/A","Available",5.5,"KOGAN",54.63897637795275,"Other"
154784,"kogan","KALED55R93STB",138.783,"LCD (LED)",77.8,"N/A","Available",5.5,"KOGAN",54.63897637795275,"Other"
154784,"kogan","KALED55R93STC",138.783,"LCD (LED)",77.8,"N/A","Available",5.5,"KOGAN",54.63897637795275,"Other"
154784,"kogan","KALED55R93STD",138.783,"LCD (LED)",77.8,"N/A","Available",5.5,"KOGAN",54.63897637795275,"Other"
154784,"kogan","KALED55R93STE",138.783,"LCD (LED)",77.8,"N/A","Available",5.5,"KOGAN",54.63897637795275,"Other"
154785,"kogan","KALED50R93STA",125.638,"LCD (LED)",69.15,"N/A","Available",5,"KOGAN",49.463779527559055,"Other"
154785,"kogan","KALED50R93STB",125.638,"LCD (LED)",69.15,"N/A","Available",5,"KOGAN",49.463779527559055,"Other"
154785,"kogan","KALED50R93STC",125.638,"LCD (LED)",69.15,"N/A","Available",5,"KOGAN",49.463779527559055,"Other"
154785,"kogan","KALED50R93STD",125.638,"LCD (LED)",69.15,"N/A","Available",5,"KOGAN",49.463779527559055,"Other"
154785,"kogan","KALED50R93STE",125.638,"LCD (LED)",69.15,"N/A","Available",5,"KOGAN",49.463779527559055,"Other"
154887,"TOSHIBA","55Z870MP",138.783,"LCD (LED)",115.82,"N/A","Available",3.5,"TOSHIBA",54.63897637795275,"Other"
154888,"TOSHIBA","65Z870MP",163.896,"LCD (LED)",129.47,"N/A","Available",4.5,"TOSHIBA",64.5259842519685,"65-inch"
154889,"TOSHIBA","75Z870MP",189.274,"LCD (LED)",199.04,"N/A","Available",4,"TOSHIBA",74.51732283464567,"Other"
154890,"SAMSUNG ELECTRONICS","QA55QE1CAS",138.783,"LCD (LED)",82,"N/A","Available",5.5,"SAMSUNG ELECTRONICS",54.63897637795275,"Other"
154893,"SAMSUNG ELECTRONICS","QA75QE1CAW",189.338,"LCD (LED)",130,"N/A","Available",6,"SAMSUNG ELECTRONICS",74.54251968503937,"Other"
154893,"SAMSUNG ELECTRONICS","QA75QE1CAS",189.338,"LCD (LED)",130,"N/A","Available",6,"SAMSUNG ELECTRONICS",74.54251968503937,"Other"
154893,"SAMSUNG ELECTRONICS","QA75QE1CA*",189.338,"LCD (LED)",130,"N/A","Available",6,"SAMSUNG ELECTRONICS",74.54251968503937,"Other"
154899,"KOGAN","KALED22F5ZA",54.626,"LCD",25.2,"N/A","Available",3.5,"KOGAN",21.506299212598424,"Other"
154899,"KOGAN","KALED22F5ZB",54.626,"LCD",25.2,"N/A","Available",3.5,"KOGAN",21.506299212598424,"Other"
154899,"KOGAN","KALED22F5ZC",54.626,"LCD",25.2,"N/A","Available",3.5,"KOGAN",21.506299212598424,"Other"
154899,"KOGAN","KALED22F5ZD",54.626,"LCD",25.2,"N/A","Available",3.5,"KOGAN",21.506299212598424,"Other"
154908,"LG","43UQ7050PSA",107.987,"LCD (LED)",74,"N/A","Available",3.5,"LG",42.514566929133856,"Other"
154899,"KOGAN","KALED22F5Z*",54.626,"LCD",25.2,"N/A","Available",3.5,"KOGAN",21.506299212598424,"Other"
154990,"LG","50UQ7050PSA",125.731,"LCD (LED)",83,"N/A","Available",4.5,"LG",49.5003937007874,"Other"
154991,"LG","55UQ7050PSA",138.783,"LCD (LED)",90,"N/A","Available",5,"LG",54.63897637795275,"Other"
155004,"BLAUPUNKT","BP50WOS2",125.731,"LCD (LED)",78.5,"N/A","Available",4,"BLAUPUNKT",49.5003937007874,"Other"
155061,"ENGLAON","LED24M40",59.774,"LCD (LED)",16.5,"8.0","Available",5.5,"ENGLAON",23.53307086614173,"Other"
155058,"ENGLAON","LED24M80",59.81,"LCD (LED)",20.3,"8.0","Available",5,"ENGLAON",23.54724409448819,"Other"
155058,"ENGLAON","LED24X80",59.81,"LCD (LED)",20.3,"8.0","Available",5,"ENGLAON",23.54724409448819,"Other"
155058,"ENGLAON","24in Smart TV",59.81,"LCD (LED)",20.3,"8.0","Available",5,"ENGLAON",23.54724409448819,"Other"
155062,"SAMSUNG ELECTRONICS","QA77S89CAW",195.177,"LCD (LED)",178,"N/A","Available",4.5,"SAMSUNG ELECTRONICS",76.84133858267717,"Other"
155064,"ENGLAON","LED24M50",59.809,"LCD (LED)",25.03,"7.0","Available",4.5,"ENGLAON",23.546850393700787,"Other"
155066,"ENGLAON","LED32M50",80.131,"LCD (LED)",43.25,"1.0","Available",4,"ENGLAON",31.54763779527559,"32-inch"
155113,"TOSHIBA","75Z670MP",189.34,"LCD (LED)",144.63,"N/A","Available",5,"TOSHIBA",74.54330708661418,"Other"
155114,"TOSHIBA","65Z670MP",163.896,"LCD (LED)",117.13,"N/A","Available",5,"TOSHIBA",64.5259842519685,"65-inch"
155115,"TOSHIBA","55Z670MP",138.783,"LCD (LED)",86.66,"N/A","Available",5,"TOSHIBA",54.63897637795275,"Other"
155195,"PHILIPS","32PHT6918/79",80.054,"LCD (LED)",25.7,"N/A","Available",6,"PHILIPS",31.517322834645668,"32-inch"
155197,"PHILIPS","43PUT7908/75",107.95,"LCD (LED)",82.7,"N/A","Available",3,"PHILIPS",42.5,"Other"
155200,"CHiQ","L32G7PG",79.967,"LCD (LED)",27.7,"N/A","Available",5.5,"CHIQ",31.48307086614173,"32-inch"
155201,"CHiQ","L40G7PG",100.305,"LCD (LED)",46.8,"N/A","Available",5,"CHIQ",39.49015748031496,"Other"
155202,"CHiQ","U75F8TG",189.306,"LCD (LED)",137.7,"N/A","Available",5.5,"CHIQ",74.52992125984252,"Other"
153032,"SAMSUNG ELECTRONICS","QA98Q80CAW",247.702,"LCD (LED)",289,"N/A","Available",4.5,"SAMSUNG ELECTRONICS",97.52047244094489,"Other"
153032,"SAMSUNG ELECTRONICS","QA98Q80CAS",247.702,"LCD (LED)",289,"N/A","Available",4.5,"SAMSUNG ELECTRONICS",97.52047244094489,"Other"
153032,"SAMSUNG ELECTRONICS","QA98Q80CA*",247.702,"LCD (LED)",289,"N/A","Available",4.5,"SAMSUNG ELECTRONICS",97.52047244094489,"Other"
155228,"Panasonic","TH-55MX950Z",138.818,"LCD (LED)",76.53,"8.0","Available",5,"PANASONIC",54.65275590551182,"Other"
155229,"Panasonic","TH-65MX950Z",163.853,"LCD (LED)",91.87,"9.0","Available",6,"PANASONIC",64.50905511811024,"65-inch"
155231,"Panasonic","TH-75MX950Z",189.321,"LCD (LED)",107.18,"9.0","Available",6,"PANASONIC",74.53582677165355,"Other"
155258,"KOGAN","KALED43U94VA",107.987,"LCD (LED)",51.44,"7.0","Available",4.5,"KOGAN",42.514566929133856,"Other"
155258,"KOGAN","KALED43U94VB",107.987,"LCD (LED)",51.44,"7.0","Available",4.5,"KOGAN",42.514566929133856,"Other"
155258,"KOGAN","KALED43U94VC",107.987,"LCD (LED)",51.44,"7.0","Available",4.5,"KOGAN",42.514566929133856,"Other"
155258,"KOGAN","KALED43U94V*",107.987,"LCD (LED)",51.44,"7.0","Available",4.5,"KOGAN",42.514566929133856,"Other"
155332,"EKO","K70USW2",176.538,"LCD",145.2,"N/A","Available",5,"EKO",69.50314960629922,"Other"
155359,"HISENSE","32A4KAU",80.04,"LCD (LED)",22.8,"N/A","Available",6,"HISENSE",31.511811023622048,"32-inch"
155360,"HISENSE","40A4KAU",100.332,"LCD (LED)",29.07,"N/A","Available",7,"HISENSE",39.5007874015748,"Other"
155361,"HISENSE","65U8KAU",163.896,"LCD (LED)",133.75,"N/A","Available",4.5,"HISENSE",64.5259842519685,"65-inch"
155361,"HISENSE","65U8KNZ",163.896,"LCD (LED)",133.75,"N/A","Available",4.5,"HISENSE",64.5259842519685,"65-inch"
155362,"HISENSE","75U8KAU",189.34,"LCD (LED)",161.33,"N/A","Available",4.5,"HISENSE",74.54330708661418,"Other"
155362,"HISENSE","75U8KNZ",189.34,"LCD (LED)",161.33,"N/A","Available",4.5,"HISENSE",74.54330708661418,"Other"
155361,"HISENSE","65U8K series",163.896,"LCD (LED)",133.75,"N/A","Available",4.5,"HISENSE",64.5259842519685,"65-inch"
155362,"HISENSE","75U8K series",189.34,"LCD (LED)",161.33,"N/A","Available",4.5,"HISENSE",74.54330708661418,"Other"
155398,"FFALCON","FF32S53",79.967,"LCD (LED)",27,"6.0","Available",5.5,"FFALCON",31.48307086614173,"32-inch"
155399,"FFALCON","FF40S53",100.305,"LCD (LED)",35.6,"7.0","Available",5,"FFALCON",39.49015748031496,"Other"
155400,"FFALCON","FF50U63",125.638,"LCD (LED)",50.3,"7.0","Available",6,"FFALCON",49.463779527559055,"Other"
155401,"FFALCON","FF55U63",138.711,"LCD (LED)",53,"7.0","Available",6,"FFALCON",54.61062992125985,"Other"
155421,"CHiQ","U43G7PG",107.95,"LCD (LED)",52.9,"N/A","Available",5,"CHIQ",42.5,"Other"
155422,"CHiQ","U50G7PG",125.638,"LCD (LED)",69.9,"N/A","Available",5,"CHIQ",49.463779527559055,"Other"
155423,"CHiQ","U55G7PG",138.798,"LCD (LED)",82.3,"N/A","Available",5,"CHIQ",54.64488188976378,"Other"
155424,"CHiQ","U58G7PG",146.039,"LCD (LED)",86.5,"N/A","Available",5,"CHIQ",57.49566929133858,"Other"
155425,"CHiQ","U65G7PG",163.829,"LCD (LED)",94,"N/A","Available",5.5,"CHIQ",64.4996062992126,"65-inch"
155426,"CHiQ","U65QM8VG",163.829,"LCD (LED)",158,"N/A","Available",4,"CHIQ",64.4996062992126,"65-inch"
155477,"Kodak","KD65WOS2",163.896,"LCD (LED)",95.274,"N/A","Available",6,"KODAK",64.5259842519685,"65-inch"
155480,"PHILIPS","50PUT7428/79",125.725,"LCD (LED)",66.6,"N/A","Available",5,"PHILIPS",49.49803149606299,"Other"
155483,"PHILIPS","65PUT7428/79",163.878,"LCD (LED)",101.3,"N/A","Available",5.5,"PHILIPS",64.51889763779526,"65-inch"
155515,"KOGAN","KALED60U93NA",152.663,"LCD",110.3,"N/A","Available",5,"KOGAN",60.10354330708662,"Other"
155515,"KOGAN","KALED60U93NB",152.663,"LCD",110.3,"N/A","Available",5,"KOGAN",60.10354330708662,"Other"
155515,"KOGAN","*60*",152.663,"LCD",110.3,"N/A","Available",5,"KOGAN",60.10354330708662,"Other"
155554,"KONKA","KDE40RR314FANT",100.332,"LCD (LED)",44.91,"N/A","Available",5,"KONKA",39.5007874015748,"Other"
155554,"KONKA","KDE40RR315ANT",100.332,"LCD (LED)",44.91,"N/A","Available",5,"KONKA",39.5007874015748,"Other"
155556,"KOGAN","KALED40R93STA",100.305,"LCD (LED)",40,"N/A","Available",6,"KOGAN",39.49015748031496,"Other"
155556,"KOGAN","KALED40R93STB",100.305,"LCD (LED)",40,"N/A","Available",6,"KOGAN",39.49015748031496,"Other"
155556,"KOGAN","KALED40R93STC",100.305,"LCD (LED)",40,"N/A","Available",6,"KOGAN",39.49015748031496,"Other"
155556,"KOGAN","KALED40R93STD",100.305,"LCD (LED)",40,"N/A","Available",6,"KOGAN",39.49015748031496,"Other"
155556,"KOGAN","KALED40R93STE",100.305,"LCD (LED)",40,"N/A","Available",6,"KOGAN",39.49015748031496,"Other"
155555,"KONKA","UDE55QR314FANT",138.783,"LCD (LED)",86.23,"N/A","Available",5,"KONKA",54.63897637795275,"Other"
155555,"KONKA","UDE55QR315ANT",138.783,"LCD (LED)",86.23,"N/A","Available",5,"KONKA",54.63897637795275,"Other"
155558,"KONKA","KDE32RR314FANT-5",80.039,"LCD (LED)",31.51,"N/A","Available",5,"KONKA",31.511417322834646,"32-inch"
155558,"KONKA","KDE32RR315ANT",80.039,"LCD (LED)",31.51,"N/A","Available",5,"KONKA",31.511417322834646,"32-inch"
155565,"TOSHIBA","85Z670MP",214.783,"LCD (LED)",240.73,"N/A","Available",4,"TOSHIBA",84.56023622047243,"Other"
155568,"KONKA","UDE50QR314FANT",125.731,"LCD (LED)",72.19,"N/A","Available",5,"KONKA",49.5003937007874,"Other"
155568,"KONKA","UDE50QR315ANT",125.731,"LCD (LED)",72.19,"N/A","Available",5,"KONKA",49.5003937007874,"Other"
155515,"KOGAN","KALED60U93NC",152.663,"LCD",110.3,"N/A","Available",5,"KOGAN",60.10354330708662,"Other"
155515,"KOGAN","KALED60U93ND",152.663,"LCD",110.3,"N/A","Available",5,"KOGAN",60.10354330708662,"Other"
155515,"KOGAN","D60S218-U-T2-W",152.663,"LCD",110.3,"N/A","Available",5,"KOGAN",60.10354330708662,"Other"
155188,"SAMSUNG ELECTRONICS","QA83S90CAE",209.585,"LCD (LED)",192,"N/A","Available",5,"SAMSUNG ELECTRONICS",82.51377952755905,"Other"
155188,"SAMSUNG ELECTRONICS","QA83S**CA*",209.585,"LCD (LED)",192,"N/A","Available",5,"SAMSUNG ELECTRONICS",82.51377952755905,"Other"
155188,"SAMSUNG ELECTRONICS","QA83S89CAW",209.585,"LCD (LED)",192,"N/A","Available",5,"SAMSUNG ELECTRONICS",82.51377952755905,"Other"
155188,"SAMSUNG ELECTRONICS","QA83S89CAS",209.585,"LCD (LED)",192,"N/A","Available",5,"SAMSUNG ELECTRONICS",82.51377952755905,"Other"
155583,"HISENSE","55U6KAU",138.783,"LCD (LED)",85.64,"N/A","Available",5,"HISENSE",54.63897637795275,"Other"
155583,"HISENSE","55U6KNZ",138.783,"LCD (LED)",85.64,"N/A","Available",5,"HISENSE",54.63897637795275,"Other"
155584,"HISENSE","65U6KAU",163.896,"LCD (LED)",140.56,"N/A","Available",4,"HISENSE",64.5259842519685,"65-inch"
155584,"HISENSE","65U6KNZ",163.896,"LCD (LED)",140.56,"N/A","Available",4,"HISENSE",64.5259842519685,"65-inch"
155585,"HISENSE","75U6KAU",189.274,"LCD (LED)",154.66,"N/A","Available",5,"HISENSE",74.51732283464567,"Other"
155585,"HISENSE","75U6KNZ",189.274,"LCD (LED)",154.66,"N/A","Available",5,"HISENSE",74.51732283464567,"Other"
155583,"HISENSE","55U6K series",138.783,"LCD (LED)",85.64,"N/A","Available",5,"HISENSE",54.63897637795275,"Other"
155584,"HISENSE","65U6K series",163.896,"LCD (LED)",140.56,"N/A","Available",4,"HISENSE",64.5259842519685,"65-inch"
155585,"HISENSE","75U6K series",189.274,"LCD (LED)",154.66,"N/A","Available",5,"HISENSE",74.51732283464567,"Other"
155592,"Blaupunkt","BP650USG9800",163.896,"LCD (LED)",141.108,"7.0","Available",4,"BLAUPUNKT",64.5259842519685,"65-inch"
155594,"EKO","K650UGT",163.896,"LCD (LED)",141.108,"N/A","Available",4,"EKO",64.5259842519685,"65-inch"
155611,"Blaupunkt","BP550USG9800",138.783,"LCD (LED)",87.678,"N/A","Available",5,"BLAUPUNKT",54.63897637795275,"Other"
155613,"EKO","K550UGT",138.783,"LCD (LED)",87.678,"N/A","Available",5,"EKO",54.63897637795275,"Other"
155639,"BLAUPUNKT","BP500USG9800",125.251,"LCD",102.36,"N/A","Available",3.5,"BLAUPUNKT",49.31141732283465,"Other"
155641,"EKO","K240HSG",59.774,"LCD",20.8,"N/A","Available",5,"EKO",23.53307086614173,"Other"
155665,"BLAUPUNKT","BP240HSG9800",59.774,"LCD",20.94,"N/A","Available",5,"BLAUPUNKT",23.53307086614173,"Other"
155702,"PHILIPS","55PUT7428/79",138.798,"LCD (LED)",79.3,"N/A","Available",5,"PHILIPS",54.64488188976378,"Other"
155735,"PHILIPS","43PUT7428/79",107.95,"LCD (LED)",80.8,"N/A","Available",3,"PHILIPS",42.5,"Other"
155824,"PHILIPS","43PFT6918/79",107.95,"LCD (LED)",38,"N/A","Available",6,"PHILIPS",42.5,"Other"
155884,"TAVICE","65DF",163.84,"LCD",130.03,"N/A","Available",4.5,"TAVICE",64.50393700787401,"65-inch"
155890,"Kodak","KD65G11",163.132,"LCD",94.65,"N/A","Available",6,"KODAK",64.2251968503937,"65-inch"
155912,"BAUHN","ATV40FHDG-1123",100.305,"LCD (LED)",40,"N/A","Available",6,"BAUHN",39.49015748031496,"Other"
155910,"JVC","AV-J323142A",80.039,"LCD",39,"N/A","Available",4.5,"JVC",31.511417322834646,"32-inch"
155953,"FFALCON","FF65U63",163.829,"LCD (LED)",73.5,"7.0","Available",6,"FFALCON",64.4996062992126,"65-inch"
155955,"FFALCON","FF75U63",189.306,"LCD (LED)",123.8,"7.0","Available",5.5,"FFALCON",74.52992125984252,"Other"
155956,"FFALCON","FF43U63",107.95,"LCD (LED)",43.6,"7.0","Available",5.5,"FFALCON",42.5,"Other"
156005,"SAMSUNG ELECTRONICS","QA65QE1CAW",163.897,"LCD (LED)",112,"N/A","Available",5.5,"SAMSUNG ELECTRONICS",64.52637795275591,"65-inch"
156005,"SAMSUNG ELECTRONICS","QA65QE1CAS",163.897,"LCD (LED)",112,"N/A","Available",5.5,"SAMSUNG ELECTRONICS",64.52637795275591,"65-inch"
156005,"SAMSUNG ELECTRONICS","QA65QE1CA*",163.897,"LCD (LED)",112,"N/A","Available",5.5,"SAMSUNG ELECTRONICS",64.52637795275591,"65-inch"
156025,"TCL","50C845",125.638,"LCD (LED)",91.4,"7.0","Available",3.5,"TCL",49.463779527559055,"Other"
156044,"EKO","K400FSG",100.36,"LCD (LED)",54.48,"N/A","Available",4.5,"EKO",39.511811023622045,"Other"
156044,"EKO","K400FAT",100.36,"LCD (LED)",54.48,"N/A","Available",4.5,"EKO",39.511811023622045,"Other"
156077,"EKO","K240HGT",59.774,"LCD",20.94,"N/A","Available",5,"EKO",23.53307086614173,"Other"
156156,"KOGAN","KALED65R94KA",163.916,"LCD (LED)",86.9,"N/A","Available",6,"KOGAN",64.53385826771654,"65-inch"
156156,"KOGAN","KALED65R94KB",163.916,"LCD (LED)",86.9,"N/A","Available",6,"KOGAN",64.53385826771654,"65-inch"
156156,"KOGAN","KALED65R94KC",163.916,"LCD (LED)",86.9,"N/A","Available",6,"KOGAN",64.53385826771654,"65-inch"
156156,"KOGAN","KALED65R94KD",163.916,"LCD (LED)",86.9,"N/A","Available",6,"KOGAN",64.53385826771654,"65-inch"
156156,"KOGAN","KALED65R94K*",163.916,"LCD (LED)",86.9,"N/A","Available",6,"KOGAN",64.53385826771654,"65-inch"
156284,"HISENSE","75UXAU",189.34,"LCD (LED)",181.25,"N/A","Available",4,"HISENSE",74.54330708661418,"Other"
156285,"HISENSE","85UXAU",214.783,"LCD (LED)",202.84,"N/A","Available",5,"HISENSE",84.56023622047243,"Other"
156285,"HISENSE","85UXNZ",214.783,"LCD (LED)",202.84,"N/A","Available",5,"HISENSE",84.56023622047243,"Other"
156286,"HISENSE","70A6KAU",176.57,"LCD (LED)",104.78,"N/A","Available",6,"HISENSE",69.51574803149606,"Other"
156287,"HISENSE","58A6KAU",146.068,"LCD (LED)",73.72,"N/A","Available",6,"HISENSE",57.50708661417323,"Other"
156284,"HISENSE","75UXNZ",189.34,"LCD (LED)",181.25,"N/A","Available",4,"HISENSE",74.54330708661418,"Other"
156284,"HISENSE","75UX series",189.34,"LCD (LED)",181.25,"N/A","Available",4,"HISENSE",74.54330708661418,"Other"
156285,"HISENSE","85UX series",214.783,"LCD (LED)",202.84,"N/A","Available",5,"HISENSE",84.56023622047243,"Other"
156316,"EKO","K320HAT",79.994,"LCD (LED)",28.86,"N/A","Available",5,"EKO",31.493700787401576,"32-inch"
156317,"Linsar","LS86UHDNF23",217.425,"LCD",169.97,"N/A","Available",6,"LINSAR",85.60039370078741,"Other"
156318,"SVISION","SC32HSG",79.994,"LCD (LED)",28.86,"N/A","Available",5,"SVISION",31.493700787401576,"32-inch"
156319,"EKO","K240HAT",59.796,"LCD (LED)",18.72,"N/A","Available",5,"EKO",23.541732283464565,"Other"
156324,"JVC","AV-JQ757115A",189.34,"LCD (LED)",117.5,"N/A","Available",6,"JVC",74.54330708661418,"Other"
156354,"AKAI","AK6522S7TZN",163.853,"LCD",85.2,"N/A","Available",6,"AKAI",64.50905511811024,"65-inch"
156356,"EKO","K500UAT",125.725,"LCD",66.62,"N/A","Available",5.5,"EKO",49.49803149606299,"Other"
156367,"TCL","98C845",247.604,"LCD (LED)",197.4,"7.0","Available",5.5,"TCL",97.48188976377953,"Other"
156394,"JVC","AV-J987145A",249.606,"LCD (LED)",237.4,"N/A","Available",5.5,"JVC",98.27007874015747,"Other"
156395,"Panasonic","TH-43NX800Z",108.124,"LCD (LED)",51.888,"8.0","Available",5,"PANASONIC",42.56850393700787,"Other"
155089,"BAUHN","ATV70UHDW-0923",176.592,"LCD",107.4,"N/A","Available",6,"BAUHN",69.5244094488189,"Other"
155089,"BAUHN","ATV70UHDW-1123",176.592,"LCD",107.4,"N/A","Available",6,"BAUHN",69.5244094488189,"Other"
155089,"BAUHN","ATV70UHDW-****",176.592,"LCD",107.4,"N/A","Available",6,"BAUHN",69.5244094488189,"Other"
156427,"Panasonic","TH-55NX800Z",138.798,"LCD (LED)",83.91,"8.0","Available",5,"PANASONIC",54.64488188976378,"Other"
156428,"Panasonic","TH-65NX800Z",163.867,"LCD",113.136,"8.0","Available",5,"PANASONIC",64.51456692913385,"65-inch"
156434,"Panasonic","TH-75NX800Z",189.306,"LCD (LED)",98.826,"9.0","Available",6,"PANASONIC",74.52992125984252,"Other"
156435,"Panasonic","TN-43W70AGZ",108.124,"LCD (LED)",42.804,"9.0","Available",6,"PANASONIC",42.56850393700787,"Other"
156436,"Panasonic","TN-50W70AGZ",125.676,"LCD (LED)",54.39,"9.0","Available",6,"PANASONIC",49.47874015748032,"Other"
156438,"Panasonic","TN-55W70AGZ",138.798,"LCD (LED)",62.358,"9.0","Available",6,"PANASONIC",54.64488188976378,"Other"
156441,"Panasonic","TN-65W70AGZ",163.867,"LCD (LED)",75.576,"9.0","Available",6,"PANASONIC",64.51456692913385,"65-inch"
156442,"Panasonic","TN-75W70AGZ",189.306,"LCD (LED)",102.546,"9.0","Available",6,"PANASONIC",74.52992125984252,"Other"
156443,"Panasonic","TN-85W80AGZ",217.086,"LCD (LED)",119.346,"10.0","Available",7,"PANASONIC",85.46692913385827,"Other"
150505,"AKAI","AK2422S7WOS",59.774,"LCD (LED)",15.1,"N/A","Available",6,"AKAI",23.53307086614173,"Other"
150505,"AKAI","AK24**S7WOS",59.774,"LCD (LED)",15.1,"N/A","Available",6,"AKAI",23.53307086614173,"Other"
150505,"AKAI","AK2423S7WOS",59.774,"LCD (LED)",15.1,"N/A","Available",6,"AKAI",23.53307086614173,"Other"
147110,"BLAUPUNKT","BP4000HDV7100",100.333,"LCD",49.1,"N/A","Available",5,"BLAUPUNKT",39.5011811023622,"Other"
156520,"SAMSUNG ELECTRONICS","UA85CU7000S",214.783,"LCD (LED)",145,"N/A","Available",6,"SAMSUNG ELECTRONICS",84.56023622047243,"Other"
156520,"SAMSUNG ELECTRONICS","UA85CU7100S",214.783,"LCD (LED)",145,"N/A","Available",6,"SAMSUNG ELECTRONICS",84.56023622047243,"Other"
156520,"SAMSUNG ELECTRONICS","UA85CU7*00S",214.783,"LCD (LED)",145,"N/A","Available",6,"SAMSUNG ELECTRONICS",84.56023622047243,"Other"
156521,"AKAI","AK3223S7WOS",80.054,"LCD",23.5,"N/A","Available",6,"AKAI",31.517322834645668,"32-inch"
156634,"BLAUPUNKT","BP750USG9800",188.424,"LCD",221.6,"N/A","Available",3.5,"BLAUPUNKT",74.18267716535433,"Other"
151606,"SAMSUNG ELECTRONICS","UA43CU7000S",107.987,"LCD (LED)",70,"N/A","Available",4,"SAMSUNG ELECTRONICS",42.514566929133856,"Other"
151606,"SAMSUNG ELECTRONICS","UA43CU7100S",107.987,"LCD (LED)",70,"N/A","Available",4,"SAMSUNG ELECTRONICS",42.514566929133856,"Other"
151606,"SAMSUNG ELECTRONICS","UA43CU7*00S",107.987,"LCD (LED)",70,"N/A","Available",4,"SAMSUNG ELECTRONICS",42.514566929133856,"Other"
151613,"SAMSUNG ELECTRONICS","UA65CU7000S",163.897,"LCD (LED)",116,"N/A","Available",5,"SAMSUNG ELECTRONICS",64.52637795275591,"65-inch"
151613,"SAMSUNG ELECTRONICS","UA65CU7100S",163.897,"LCD (LED)",116,"N/A","Available",5,"SAMSUNG ELECTRONICS",64.52637795275591,"65-inch"
151613,"SAMSUNG ELECTRONICS","UA65CU7*00S",163.897,"LCD (LED)",116,"N/A","Available",5,"SAMSUNG ELECTRONICS",64.52637795275591,"65-inch"
151615,"SAMSUNG ELECTRONICS","UA75CU7000S",189.338,"LCD (LED)",139,"N/A","Available",5.5,"SAMSUNG ELECTRONICS",74.54251968503937,"Other"
151615,"SAMSUNG ELECTRONICS","UA75CU7100S",189.338,"LCD (LED)",139,"N/A","Available",5.5,"SAMSUNG ELECTRONICS",74.54251968503937,"Other"
151615,"SAMSUNG ELECTRONICS","UA75CU7*00S",189.338,"LCD (LED)",139,"N/A","Available",5.5,"SAMSUNG ELECTRONICS",74.54251968503937,"Other"
151607,"SAMSUNG ELECTRONICS","UA50CU7000S",125.727,"LCD (LED)",80,"N/A","Available",4.5,"SAMSUNG ELECTRONICS",49.4988188976378,"Other"
151607,"SAMSUNG ELECTRONICS","UA50CU7100S",125.727,"LCD (LED)",80,"N/A","Available",4.5,"SAMSUNG ELECTRONICS",49.4988188976378,"Other"
151607,"SAMSUNG ELECTRONICS","UA50CU7*00S",125.727,"LCD (LED)",80,"N/A","Available",4.5,"SAMSUNG ELECTRONICS",49.4988188976378,"Other"
151610,"SAMSUNG ELECTRONICS","UA55CU7000S",138.783,"LCD (LED)",81,"N/A","Available",5.5,"SAMSUNG ELECTRONICS",54.63897637795275,"Other"
151610,"SAMSUNG ELECTRONICS","UA55CU7100S",138.783,"LCD (LED)",81,"N/A","Available",5.5,"SAMSUNG ELECTRONICS",54.63897637795275,"Other"
151610,"SAMSUNG ELECTRONICS","UA55CU7*00S",138.783,"LCD (LED)",81,"N/A","Available",5.5,"SAMSUNG ELECTRONICS",54.63897637795275,"Other"
156641,"PHILIPS","75HFL5214U/97",189.306,"LCD (LED)",99.7,"N/A","Available",6,"PHILIPS",74.52992125984252,"Other"
143036,"Caixun","EC32T1HN",80.039,"LCD (LED)",25.92,"N/A","Available",5.5,"CAIXUN",31.511417322834646,"32-inch"
143036,"Caixun","EC32T2HN",80.039,"LCD (LED)",25.92,"N/A","Available",5.5,"CAIXUN",31.511417322834646,"32-inch"
143036,"Caixun","EC32T1HA",80.039,"LCD (LED)",25.92,"N/A","Available",5.5,"CAIXUN",31.511417322834646,"32-inch"
143036,"Caixun","EC32T2HA",80.039,"LCD (LED)",25.92,"N/A","Available",5.5,"CAIXUN",31.511417322834646,"32-inch"
143036,"Caixun","EC32V1HA",80.039,"LCD (LED)",25.92,"N/A","Available",5.5,"CAIXUN",31.511417322834646,"32-inch"
143036,"Caixun","EC32V2HA",80.039,"LCD (LED)",25.92,"N/A","Available",5.5,"CAIXUN",31.511417322834646,"32-inch"
143036,"Caixun","EC32V1HN",80.039,"LCD (LED)",25.92,"N/A","Available",5.5,"CAIXUN",31.511417322834646,"32-inch"
143036,"Caixun","EC32T1N",80.039,"LCD (LED)",25.92,"N/A","Available",5.5,"CAIXUN",31.511417322834646,"32-inch"
143036,"Caixun","EC32T3H",80.039,"LCD (LED)",25.92,"N/A","Available",5.5,"CAIXUN",31.511417322834646,"32-inch"
143036,"Caixun","*****32*****",80.039,"LCD (LED)",25.92,"N/A","Available",5.5,"CAIXUN",31.511417322834646,"32-inch"
143036,"Caixun","LE-32V1",80.039,"LCD (LED)",25.92,"N/A","Available",5.5,"CAIXUN",31.511417322834646,"32-inch"
156661,"JVC","LT-50NQ7145A",125.725,"LCD",112.52,"N/A","Available",3,"JVC",49.49803149606299,"Other"
156684,"KOGAN","KALED40R94KA",100.333,"LCD (LED)",40.7,"N/A","Available",5.5,"KOGAN",39.5011811023622,"Other"
156684,"KOGAN","KALED40R94KB",100.333,"LCD (LED)",40.7,"N/A","Available",5.5,"KOGAN",39.5011811023622,"Other"
156684,"KOGAN","KALED40R94KC",100.333,"LCD (LED)",40.7,"N/A","Available",5.5,"KOGAN",39.5011811023622,"Other"
156703,"KOGAN","KALED32R94KA",80.043,"LCD (LED)",31.8,"N/A","Available",5,"KOGAN",31.512992125984255,"32-inch"
156703,"KOGAN","KALED32R94KB",80.043,"LCD (LED)",31.8,"N/A","Available",5,"KOGAN",31.512992125984255,"32-inch"
156703,"KOGAN","KALED32R94KC",80.043,"LCD (LED)",31.8,"N/A","Available",5,"KOGAN",31.512992125984255,"32-inch"
156711,"JVC","LT-55NQ7145A",138.798,"LCD",126.52,"N/A","Available",3.5,"JVC",54.64488188976378,"Other"
156712,"KOGAN","KALED55R94KA",138.439,"LCD (LED)",68.9,"N/A","Available",5.5,"KOGAN",54.50354330708661,"Other"
156712,"KOGAN","KALED55R94KB",138.439,"LCD (LED)",68.9,"N/A","Available",5.5,"KOGAN",54.50354330708661,"Other"
156712,"KOGAN","KALED55R94KC",138.439,"LCD (LED)",68.9,"N/A","Available",5.5,"KOGAN",54.50354330708661,"Other"
156712,"KOGAN","KALED55R94KD",138.439,"LCD (LED)",68.9,"N/A","Available",5.5,"KOGAN",54.50354330708661,"Other"
156712,"KOGAN","KALED55R94****",138.439,"LCD (LED)",68.9,"N/A","Available",5.5,"KOGAN",54.50354330708661,"Other"
156714,"KOGAN","KALED50R94KA",125.812,"LCD (LED)",66.4,"N/A","Available",5,"KOGAN",49.53228346456693,"Other"
156714,"KOGAN","KALED50R94KB",125.812,"LCD (LED)",66.4,"N/A","Available",5,"KOGAN",49.53228346456693,"Other"
156714,"KOGAN","KALED50R94KC",125.812,"LCD (LED)",66.4,"N/A","Available",5,"KOGAN",49.53228346456693,"Other"
156714,"KOGAN","KALED50R94KD",125.812,"LCD (LED)",66.4,"N/A","Available",5,"KOGAN",49.53228346456693,"Other"
156714,"KOGAN","KALED50R94****",125.812,"LCD (LED)",66.4,"N/A","Available",5,"KOGAN",49.53228346456693,"Other"
156801,"Blaupunkt","BP650USG9800",163.896,"LCD (LED)",139.758,"7.0","Available",4.5,"BLAUPUNKT",64.5259842519685,"65-inch"
156803,"EKO","K650UGT",163.896,"LCD (LED)",139.758,"N/A","Available",4.5,"EKO",64.5259842519685,"65-inch"
156804,"EKO","K55USWQ2",138.783,"LCD",102.7,"N/A","Available",4.5,"EKO",54.63897637795275,"Other"
156819,"KONKA","KUD65WT703AN",163.896,"LCD (LED)",119.01,"8.0","Available",5,"KONKA",64.5259842519685,"65-inch"
156806,"Sylvox","OT75A2KEGC",189.34,"LCD (LED)",306.7,"N/A","Available",2,"SYLVOX",74.54330708661418,"Other"
156855,"LG","43UM662H0LC",107.987,"LCD (LED)",36,"N/A","Available",7,"LG",42.514566929133856,"Other"
156856,"LG","50UM662H0LC",125.727,"LCD (LED)",40,"N/A","Available",7,"LG",49.4988188976378,"Other"
156857,"LG","55UM662H0LC",138.783,"LCD (LED)",49,"N/A","Available",7,"LG",54.63897637795275,"Other"
156858,"LG","65UM662H0LC",163.897,"LCD (LED)",56,"N/A","Available",8,"LG",64.52637795275591,"65-inch"
156888,"PRISM+","Q75U",189.344,"LCD (LED)",165.8,"N/A","Available",4.5,"PRISM+",74.54488188976377,"Other"
153057,"EKO","K65USW",163.897,"LCD (LED)",154.08,"N/A","Available",4,"EKO",64.52637795275591,"65-inch"
153057,"EKO","K65USW2",163.897,"LCD (LED)",154.08,"N/A","Available",4,"EKO",64.52637795275591,"65-inch"
157100,"KOGAN","KAL24DH5300QA",60.47,"LCD (LED)",25.83,"N/A","Available",3.5,"KOGAN",23.807086614173226,"Other"
157104,"EKO","K42FSW3",105.422,"LCD (LED)",55.82,"N/A","Available",4,"EKO",41.50472440944882,"Other"
157105,"BLAUPUNKT","BP420FSG9700",105.422,"LCD (LED)",53.38,"N/A","Available",4,"BLAUPUNKT",41.50472440944882,"Other"
157108,"EKO","K50USW3",125.731,"LCD (LED)",94.37,"N/A","Available",3,"EKO",49.5003937007874,"Other"
157109,"BLAUPUNKT","BP500USG9700",125.731,"LCD (LED)",97.68,"N/A","Available",2.5,"BLAUPUNKT",49.5003937007874,"Other"
157113,"EKO","K320HATTA",80.039,"LCD (LED)",24.687,"N/A","Available",5,"EKO",31.511417322834646,"32-inch"
157119,"KOGAN","KAQL50W94QA",125.731,"LCD (LED)",94.01,"N/A","Available",3,"KOGAN",49.5003937007874,"Other"
157120,"KOGAN","KAQL55W94QA",138.783,"LCD (LED)",109.19,"N/A","Available",3.5,"KOGAN",54.63897637795275,"Other"
157121,"KOGAN","KAQL65W94QA",163.896,"LCD (LED)",134.93,"N/A","Available",4,"KOGAN",64.5259842519685,"65-inch"
157122,"KOGAN","KAQL75W94QA",189.34,"LCD (LED)",159.15,"N/A","Available",3.5,"KOGAN",74.54330708661418,"Other"
157176,"SAMSUNG ELECTRONICS","HG50CU700AW",125.727,"LCD (LED)",80,"N/A","Available",4.5,"SAMSUNG ELECTRONICS",49.4988188976378,"Other"
157177,"SAMSUNG ELECTRONICS","HG55CU700AW",138.783,"LCD (LED)",81,"N/A","Available",5.5,"SAMSUNG ELECTRONICS",54.63897637795275,"Other"
157180,"JVC","LT-32N3115A11N",80.103,"LCD",29.22,"N/A","Available",5.5,"JVC",31.536614173228344,"32-inch"
154241,"EKO","K650USGQ2",163.954,"LCD",234.49,"N/A","Available",2,"EKO",64.5488188976378,"65-inch"
154241,"EKO","K650UGTQ",163.954,"LCD",234.49,"N/A","Available",2,"EKO",64.5488188976378,"65-inch"
157231,"Linsar","LS70UHDNF",176.592,"LCD (LED)",107.4,"N/A","Available",6,"LINSAR",69.5244094488189,"Other"
157250,"BLAUPUNKT","BP750USG9700",189.34,"LCD (LED)",160.5,"N/A","Available",4.5,"BLAUPUNKT",74.54330708661418,"Other"
157291,"SAMSUNG ELECTRONICS","HG43CU700AW",107.987,"LCD (LED)",70,"N/A","Available",4,"SAMSUNG ELECTRONICS",42.514566929133856,"Other"
157297,"SAMSUNG ELECTRONICS","HG65CU700AW",163.897,"LCD (LED)",126,"N/A","Available",5,"SAMSUNG ELECTRONICS",64.52637795275591,"65-inch"
157322,"Linsar","LS65UHDZEN",163.853,"LCD",85.2,"N/A","Available",6,"LINSAR",64.50905511811024,"65-inch"
157446,"SAMSUNG ELECTRONICS","HG75CU700AW",189.338,"LCD (LED)",143,"N/A","Available",5.5,"SAMSUNG ELECTRONICS",74.54251968503937,"Other"
157472,"KOGAN","KALED40F98VA",100.36,"LCD (LED)",54.48,"N/A","Available",4.5,"KOGAN",39.511811023622045,"Other"
157472,"KOGAN","KALED40F98VB",100.36,"LCD (LED)",54.48,"N/A","Available",4.5,"KOGAN",39.511811023622045,"Other"
157472,"KOGAN","KALED40F98VC",100.36,"LCD (LED)",54.48,"N/A","Available",4.5,"KOGAN",39.511811023622045,"Other"
157544,"ENGLAON","LED27M80",68.568,"LCD (LED)",42.76,"N/A","Available",3,"ENGLAON",26.99527559055118,"Other"
157544,"ENGLAON","LED27X80",68.568,"LCD (LED)",42.76,"N/A","Available",3,"ENGLAON",26.99527559055118,"Other"
157544,"ENGLAON","27in Smart TV",68.568,"LCD (LED)",42.76,"N/A","Available",3,"ENGLAON",26.99527559055118,"Other"
157581,"EKO","K75USW2",189.34,"LCD (LED)",186.3,"N/A","Available",4.5,"EKO",74.54330708661418,"Other"
157567,"BLAUPUNKT","BP75WOS",189.34,"LCD (LED)",186.3,"N/A","Available",4.5,"BLAUPUNKT",74.54330708661418,"Other"
157590,"BLAUPUNKT","BP700USG9700",176.539,"LCD",153.11,"N/A","Available",4.5,"BLAUPUNKT",69.5035433070866,"Other"
157597,"JVC","LT-70N7145A",176.563,"LCD (LED)",116.74,"N/A","Available",5.5,"JVC",69.51299212598424,"Other"
157676,"KOGAN","KALED32R98VA",79.994,"LCD (LED)",28.86,"N/A","Available",4.5,"KOGAN",31.493700787401576,"32-inch"
157676,"KOGAN","KALED32R98VB",79.994,"LCD (LED)",28.86,"N/A","Available",4.5,"KOGAN",31.493700787401576,"32-inch"
157676,"KOGAN","KALED32R98VC",79.994,"LCD (LED)",28.86,"N/A","Available",4.5,"KOGAN",31.493700787401576,"32-inch"
157684,"KONKA","KDG40RT680AN2",100.332,"LCD (LED)",32.247,"9.0","Available",6,"KONKA",39.5007874015748,"Other"
157699,"KOGAN","KAQL65XQ98GSTA",163.829,"LCD (LED)",195.5,"N/A","Available",2.5,"KOGAN",64.4996062992126,"65-inch"
157699,"KOGAN","KAQL65XQ98GSTB",163.829,"LCD (LED)",195.5,"N/A","Available",2.5,"KOGAN",64.4996062992126,"65-inch"
157699,"KOGAN","KAQL65XQ98GSTC",163.829,"LCD (LED)",195.5,"N/A","Available",2.5,"KOGAN",64.4996062992126,"65-inch"
157699,"KOGAN","KAQL65XQ98GSTD",163.829,"LCD (LED)",195.5,"N/A","Available",2.5,"KOGAN",64.4996062992126,"65-inch"
157699,"KOGAN","KAQL65XQ98GSTE",163.829,"LCD (LED)",195.5,"N/A","Available",2.5,"KOGAN",64.4996062992126,"65-inch"
157699,"KOGAN","KAQL65XQ98GST*",163.829,"LCD (LED)",195.5,"N/A","Available",2.5,"KOGAN",64.4996062992126,"65-inch"
157732,"Linsar","LS50UHDNF23",127.259,"LCD (LED)",57.06,"N/A","Available",6,"LINSAR",50.10196850393701,"Other"
157736,"JVC","LT-40N5115A11E",100.36,"LCD (LED)",54.48,"N/A","Available",4.5,"JVC",39.511811023622045,"Other"
157749,"EKO","K320HGT",80.039,"LCD (LED)",31.626,"N/A","Available",5,"EKO",31.511417322834646,"32-inch"
157752,"Blaupunkt","BP320HSG9800",80.039,"LCD (LED)",31.626,"N/A","Available",5,"BLAUPUNKT",31.511417322834646,"32-inch"
157754,"Linsar","LS55UHDNF23",138.783,"LCD (LED)",69.65,"N/A","Available",6,"LINSAR",54.63897637795275,"Other"
157755,"Linsar","LS60UHDNF23",152.663,"LCD",85.97,"N/A","Available",6,"LINSAR",60.10354330708662,"Other"
157756,"Linsar","LS65UHDNF23",164.961,"LCD (LED)",95.92,"N/A","Available",6,"LINSAR",64.94527559055119,"65-inch"
157757,"Linsar","LS70UHDNF23",176.537,"LCD (LED)",99.18,"N/A","Available",6,"LINSAR",69.50275590551182,"Other"
157771,"EKO","K400FGT",100.332,"LCD (LED)",46.5216,"N/A","Available",5,"EKO",39.5007874015748,"Other"
157772,"Blaupunkt","BP400FSG9800",100.332,"LCD (LED)",46.5216,"N/A","Available",5,"BLAUPUNKT",39.5007874015748,"Other"
157773,"JVC","AV-H437115A11N",107.95,"LCD",57.474,"N/A","Available",5,"JVC",42.5,"Other"
157776,"JVC","AV-H323115A11N",80.103,"LCD",29.22,"N/A","Available",5.5,"JVC",31.536614173228344,"32-inch"
157788,"KOGAN","KAQL75W94QA",189.34,"LCD (LED)",187.1,"N/A","Available",4,"KOGAN",74.54330708661418,"Other"
157789,"KOGAN","KAQL65W94QA",163.896,"LCD (LED)",150.64,"N/A","Available",4,"KOGAN",64.5259842519685,"65-inch"
157792,"Veon","VN43ID7023",108.037,"LCD (LED)",57.65,"8.0","Available",5,"VEON",42.53425196850394,"Other"
157838,"JVC","LT-55NQ7145AN",138.798,"LCD",97.36,"N/A","Available",4.5,"JVC",54.64488188976378,"Other"
157956,"JVC","LT-43N5135AN",107.999,"LCD",53.26,"N/A","Available",5,"JVC",42.519291338582676,"Other"
157958,"SONY","K-50S30",125.725,"LCD (LED)",83.3,"N/A","Available",4.5,"SONY",49.49803149606299,"Other"
157965,"JVC","LT-50NQ7145AN",125.725,"LCD",110.72,"N/A","Available",3,"JVC",49.49803149606299,"Other"
157967,"KOGAN","KAQL55W94QA",138.783,"LCD (LED)",111.7,"N/A","Available",4,"KOGAN",54.63897637795275,"Other"
157994,"SAMSUNG ELECTRONICS","QA75QN90DAW",189.338,"LCD (LED)",157,"N/A","Available",5,"SAMSUNG ELECTRONICS",74.54251968503937,"Other"
157994,"SAMSUNG ELECTRONICS","QA75QN90DAS",189.338,"LCD (LED)",157,"N/A","Available",5,"SAMSUNG ELECTRONICS",74.54251968503937,"Other"
157994,"SAMSUNG ELECTRONICS","QA75QN90DA*",189.338,"LCD (LED)",157,"N/A","Available",5,"SAMSUNG ELECTRONICS",74.54251968503937,"Other"
158053,"BAUHN","ATV24HDW-0224",59.774,"LCD",15.1,"N/A","Available",6,"BAUHN",23.53307086614173,"Other"
158063,"KOGAN","KAL24DH5300QA",60.47,"LCD (LED)",25.23,"N/A","Available",4.5,"KOGAN",23.807086614173226,"Other"
158082,"KOGAN","KAQL50W94QA",125.731,"LCD (LED)",101.23,"N/A","Available",3.5,"KOGAN",49.5003937007874,"Other"
157859,"BAUHN","ATV55UHDW-0124",138.783,"LCD (LED)",73.991,"N/A","Available",6,"BAUHN",54.63897637795275,"Other"
158097,"EKO","K420FAT",105.421,"LCD (LED)",53.38,"N/A","Available",4,"EKO",41.50433070866142,"Other"
157758,"BAUHN","ATV40UHDW-0124",101.549,"LCD (LED)",51.2,"N/A","Available",5,"BAUHN",39.97992125984252,"Other"
157758,"BAUHN","ATV40UHDW-0324",101.549,"LCD (LED)",51.2,"N/A","Available",5,"BAUHN",39.97992125984252,"Other"
157758,"BAUHN","ATV40UHDW-****",101.549,"LCD (LED)",51.2,"N/A","Available",5,"BAUHN",39.97992125984252,"Other"
158143,"Sylvox","BT24A1KEGB",60.47,"LCD (LED)",17.14,"N/A","Available",6,"SYLVOX",23.807086614173226,"Other"
158143,"Sylvox","BT24A0KEGB",60.47,"LCD (LED)",17.14,"N/A","Available",6,"SYLVOX",23.807086614173226,"Other"
158143,"Sylvox","BT24A0KOGB",60.47,"LCD (LED)",17.14,"N/A","Available",6,"SYLVOX",23.807086614173226,"Other"
158143,"Sylvox","BT24A1KOGB",60.47,"LCD (LED)",17.14,"N/A","Available",6,"SYLVOX",23.807086614173226,"Other"
158143,"Sylvox","BT24A2KOGB",60.47,"LCD (LED)",17.14,"N/A","Available",6,"SYLVOX",23.807086614173226,"Other"
158143,"Sylvox","BT24A3KOGB",60.47,"LCD (LED)",17.14,"N/A","Available",6,"SYLVOX",23.807086614173226,"Other"
158143,"Sylvox","BT24A4KOGB",60.47,"LCD (LED)",17.14,"N/A","Available",6,"SYLVOX",23.807086614173226,"Other"
158143,"Sylvox","BT24A5KOGB",60.47,"LCD (LED)",17.14,"N/A","Available",6,"SYLVOX",23.807086614173226,"Other"
158143,"Sylvox","BT24A6KOGB",60.47,"LCD (LED)",17.14,"N/A","Available",6,"SYLVOX",23.807086614173226,"Other"
158143,"Sylvox","BT24A7KOGB",60.47,"LCD (LED)",17.14,"N/A","Available",6,"SYLVOX",23.807086614173226,"Other"
158147,"KOGAN","KAQL98XQ98GSTA",247.691,"LCD (LED)",297.5,"N/A","Available",4,"KOGAN",97.51614173228346,"Other"
158147,"KOGAN","KAQL98XQ98GSTB",247.691,"LCD (LED)",297.5,"N/A","Available",4,"KOGAN",97.51614173228346,"Other"
158147,"KOGAN","KAQL98XQ98GSTC",247.691,"LCD (LED)",297.5,"N/A","Available",4,"KOGAN",97.51614173228346,"Other"
158147,"KOGAN","KAQL98XQ98GSTD",247.691,"LCD (LED)",297.5,"N/A","Available",4,"KOGAN",97.51614173228346,"Other"
158147,"KOGAN","KAQL98XQ98GSTE",247.691,"LCD (LED)",297.5,"N/A","Available",4,"KOGAN",97.51614173228346,"Other"
158147,"KOGAN","KAQL98XQ98GST*",247.691,"LCD (LED)",297.5,"N/A","Available",4,"KOGAN",97.51614173228346,"Other"
158162,"SAMSUNG ELECTRONICS","QA65QN800DW",163.897,"LCD (LED)",262,"N/A","Available",1.5,"SAMSUNG ELECTRONICS",64.52637795275591,"65-inch"
158162,"SAMSUNG ELECTRONICS","QA65QN800DS",163.897,"LCD (LED)",262,"N/A","Available",1.5,"SAMSUNG ELECTRONICS",64.52637795275591,"65-inch"
158162,"SAMSUNG ELECTRONICS","QA65QN800D*",163.897,"LCD (LED)",262,"N/A","Available",1.5,"SAMSUNG ELECTRONICS",64.52637795275591,"65-inch"
158163,"SAMSUNG ELECTRONICS","QA75QN800DW",189.338,"LCD (LED)",269,"N/A","Available",2.5,"SAMSUNG ELECTRONICS",74.54251968503937,"Other"
158163,"SAMSUNG ELECTRONICS","QA75QN800DS",189.338,"LCD (LED)",269,"N/A","Available",2.5,"SAMSUNG ELECTRONICS",74.54251968503937,"Other"
158163,"SAMSUNG ELECTRONICS","QA75QN800D*",189.338,"LCD (LED)",269,"N/A","Available",2.5,"SAMSUNG ELECTRONICS",74.54251968503937,"Other"
158165,"SAMSUNG ELECTRONICS","QA85QN90DAW",214.783,"LCD (LED)",211,"N/A","Available",5,"SAMSUNG ELECTRONICS",84.56023622047243,"Other"
158165,"SAMSUNG ELECTRONICS","QA85QN90DAS",214.783,"LCD (LED)",211,"N/A","Available",5,"SAMSUNG ELECTRONICS",84.56023622047243,"Other"
158165,"SAMSUNG ELECTRONICS","QA85QN90DA*",214.783,"LCD (LED)",211,"N/A","Available",5,"SAMSUNG ELECTRONICS",84.56023622047243,"Other"
158176,"LG","43QNED80T6A",107.987,"LCD (LED)",67,"N/A","Available",4,"LG",42.514566929133856,"Other"
158177,"LG","43QNED81TSA",107.987,"LCD (LED)",67,"N/A","Available",4,"LG",42.514566929133856,"Other"
158180,"LG","50QNED81TSA",125.727,"LCD (LED)",72,"N/A","Available",5,"LG",49.4988188976378,"Other"
158182,"LG","55QNED81TSA",138.783,"LCD (LED)",92,"N/A","Available",5,"LG",54.63897637795275,"Other"
158183,"LG","55QNED86T6A",138.783,"LCD (LED)",94,"N/A","Available",4.5,"LG",54.63897637795275,"Other"
158184,"LG","55QNED86TSA",138.783,"LCD (LED)",94,"N/A","Available",4.5,"LG",54.63897637795275,"Other"
158185,"LG","65QNED80T6A",163.897,"LCD (LED)",109,"N/A","Available",5.5,"LG",64.52637795275591,"65-inch"
158186,"LG","65QNED81TSA",163.897,"LCD (LED)",109,"N/A","Available",5.5,"LG",64.52637795275591,"65-inch"
158188,"LG","75QNED80T6A",189.275,"LCD (LED)",126,"N/A","Available",6,"LG",74.51771653543307,"Other"
158189,"LG","75QNED81TSA",189.275,"LCD (LED)",126,"N/A","Available",6,"LG",74.51771653543307,"Other"
158190,"LG","OLED42C4PSA",105.52,"OLED",70,"N/A","Available",4,"LG",41.54330708661417,"Other"
158192,"LG","OLED42C44LA",105.52,"OLED",70,"N/A","Available",4,"LG",41.54330708661417,"Other"
158193,"LG","OLED48C4PSA",120.721,"OLED",79,"N/A","Available",4.5,"LG",47.52795275590551,"Other"
158194,"LG","OLED48C46LA",120.721,"OLED",79,"N/A","Available",4.5,"LG",47.52795275590551,"Other"
158195,"LG","OLED55C4PSA",138.783,"OLED",100,"N/A","Available",4.5,"LG",54.63897637795275,"Other"
158196,"LG","OLED55C46LA",138.783,"OLED",100,"N/A","Available",4.5,"LG",54.63897637795275,"Other"
158197,"LG","OLED55G4PSA",138.783,"OLED",115,"N/A","Available",4,"LG",54.63897637795275,"Other"
158198,"LG","OLED55G46LA",138.783,"OLED",115,"N/A","Available",4,"LG",54.63897637795275,"Other"
158199,"LG","OLED65B4PSA",163.897,"OLED",109,"N/A","Available",5.5,"LG",64.52637795275591,"65-inch"
158200,"LG","OLED65B46LA",163.897,"OLED",109,"N/A","Available",5.5,"LG",64.52637795275591,"65-inch"
158201,"LG","OLED65G4PSA",163.897,"OLED",147,"N/A","Available",4,"LG",64.52637795275591,"65-inch"
158202,"LG","OLED65G46LA",163.897,"OLED",147,"N/A","Available",4,"LG",64.52637795275591,"65-inch"
158203,"LG","OLED77G4PSA",194.738,"OLED",195,"N/A","Available",4.5,"LG",76.66850393700787,"Other"
158204,"LG","OLED77G46LA",194.738,"OLED",195,"N/A","Available",4.5,"LG",76.66850393700787,"Other"
158218,"EKO","K500UAT",125.731,"LCD (LED)",91.8,"N/A","Available",3.5,"EKO",49.5003937007874,"Other"
158220,"SAMSUNG ELECTRONICS","QA55QN90DAW",138.783,"LCD (LED)",114,"N/A","Available",4,"SAMSUNG ELECTRONICS",54.63897637795275,"Other"
158220,"SAMSUNG ELECTRONICS","QA55QN90DAS",138.783,"LCD (LED)",114,"N/A","Available",4,"SAMSUNG ELECTRONICS",54.63897637795275,"Other"
158220,"SAMSUNG ELECTRONICS","QA55QN90DA*",138.783,"LCD (LED)",114,"N/A","Available",4,"SAMSUNG ELECTRONICS",54.63897637795275,"Other"
158222,"SAMSUNG ELECTRONICS","QA65QN90DAW",169.152,"LCD (LED)",138,"N/A","Available",4.5,"SAMSUNG ELECTRONICS",66.59527559055117,"Other"
158222,"SAMSUNG ELECTRONICS","QA65QN90DAS",169.152,"LCD (LED)",138,"N/A","Available",4.5,"SAMSUNG ELECTRONICS",66.59527559055117,"Other"
158222,"SAMSUNG ELECTRONICS","QA65QN90DA*",169.152,"LCD (LED)",138,"N/A","Available",4.5,"SAMSUNG ELECTRONICS",66.59527559055117,"Other"
158236,"KOGAN","KAQL50XQ98GSVA",125.665,"LCD (LED)",104.46,"N/A","Available",3.5,"KOGAN",49.474409448818896,"Other"
158237,"KOGAN","KAQL55XQ98GSVA",138.721,"LCD (LED)",127.86,"N/A","Available",3.5,"KOGAN",54.61456692913386,"Other"
158242,"Sylvox","BT32A0KEGB",80.131,"LCD (LED)",27,"N/A","Available",6,"SYLVOX",31.54763779527559,"32-inch"
158242,"Sylvox","BT32A1KEGB",80.131,"LCD (LED)",27,"N/A","Available",6,"SYLVOX",31.54763779527559,"32-inch"
158242,"Sylvox","BT32A0KOGB",80.131,"LCD (LED)",27,"N/A","Available",6,"SYLVOX",31.54763779527559,"32-inch"
158242,"Sylvox","BT32A1KOGB",80.131,"LCD (LED)",27,"N/A","Available",6,"SYLVOX",31.54763779527559,"32-inch"
158242,"Sylvox","BT32A2KOGB",80.131,"LCD (LED)",27,"N/A","Available",6,"SYLVOX",31.54763779527559,"32-inch"
158242,"Sylvox","BT32A3KOGB",80.131,"LCD (LED)",27,"N/A","Available",6,"SYLVOX",31.54763779527559,"32-inch"
158242,"Sylvox","BT32A4KOGB",80.131,"LCD (LED)",27,"N/A","Available",6,"SYLVOX",31.54763779527559,"32-inch"
158242,"Sylvox","BT32A5KOGB",80.131,"LCD (LED)",27,"N/A","Available",6,"SYLVOX",31.54763779527559,"32-inch"
158242,"Sylvox","BT32A6KOGB",80.131,"LCD (LED)",27,"N/A","Available",6,"SYLVOX",31.54763779527559,"32-inch"
158242,"Sylvox","BT32A7KOGB",80.131,"LCD (LED)",27,"N/A","Available",6,"SYLVOX",31.54763779527559,"32-inch"
158245,"JVC","LT-40N7145A",101.51,"LCD (LED)",64.06,"N/A","Available",3.5,"JVC",39.96456692913386,"Other"
153945,"EKO","K55USWQ",138.783,"LCD (LED)",117.3,"N/A","Available",3.5,"EKO",54.63897637795275,"Other"
153945,"EKO","K55USWQ2",138.783,"LCD (LED)",117.3,"N/A","Available",3.5,"EKO",54.63897637795275,"Other"
146150,"EKO","K320HSG",80.029,"LCD (LED)",34.4,"N/A","Available",4,"EKO",31.507480314960628,"32-inch"
146150,"EKO","K320HAT",80.029,"LCD (LED)",34.4,"N/A","Available",4,"EKO",31.507480314960628,"32-inch"
158252,"Linsar","LS32HDNF23",80.043,"LCD",23.8,"N/A","Available",6,"LINSAR",31.512992125984255,"32-inch"
146104,"EKO","K240HSG",59.814,"LCD (LED)",27.3,"N/A","Available",3.5,"EKO",23.548818897637794,"Other"
146104,"EKO","K240HAT",59.814,"LCD (LED)",27.3,"N/A","Available",3.5,"EKO",23.548818897637794,"Other"
158250,"SAMSUNG ELECTRONICS","QA43QN90DAW",107.987,"LCD (LED)",63,"N/A","Available",4.5,"SAMSUNG ELECTRONICS",42.514566929133856,"Other"
158250,"SAMSUNG ELECTRONICS","QA43QN90DAS",107.987,"LCD (LED)",63,"N/A","Available",4.5,"SAMSUNG ELECTRONICS",42.514566929133856,"Other"
158250,"SAMSUNG ELECTRONICS","QA43QN90DA*",107.987,"LCD (LED)",63,"N/A","Available",4.5,"SAMSUNG ELECTRONICS",42.514566929133856,"Other"
158256,"AKAI","AK3223S7WOS",80.043,"LCD",23.8,"N/A","Available",6,"AKAI",31.512992125984255,"32-inch"
158312,"JVC","JVG518623Q",217.24,"LCD (LED)",212,"7.0","Available",4.5,"JVC",85.52755905511812,"Other"
158314,"BAUHN","ATV75UHDW-0324",189.344,"LCD (LED)",117.61,"N/A","Available",6,"BAUHN",74.54488188976377,"Other"
158329,"SONY","K-55XR70",138.798,"LCD (LED)",148,"N/A","Available",2.5,"SONY",54.64488188976378,"Other"
158330,"SONY","K-65XR70",163.878,"LCD (LED)",171.9,"N/A","Available",3.5,"SONY",64.51889763779526,"65-inch"
158336,"LG","50QNED80T6A",125.727,"LCD (LED)",68,"N/A","Available",5.5,"LG",49.4988188976378,"Other"
158337,"LG","55QNED80T6A",138.783,"LCD (LED)",87,"N/A","Available",5,"LG",54.63897637795275,"Other"
158394,"KOGAN","KALED42F98TA",105.38,"LCD (LED)",39.8,"N/A","Available",6,"KOGAN",41.48818897637795,"Other"
158394,"KOGAN","KALED42F98TB",105.38,"LCD (LED)",39.8,"N/A","Available",6,"KOGAN",41.48818897637795,"Other"
158394,"KOGAN","KALED42F98TC",105.38,"LCD (LED)",39.8,"N/A","Available",6,"KOGAN",41.48818897637795,"Other"
158394,"KOGAN","KALED42F98TD",105.38,"LCD (LED)",39.8,"N/A","Available",6,"KOGAN",41.48818897637795,"Other"
158394,"KOGAN","KALED42F98TE",105.38,"LCD (LED)",39.8,"N/A","Available",6,"KOGAN",41.48818897637795,"Other"
158394,"KOGAN","KALED42F98TF",105.38,"LCD (LED)",39.8,"N/A","Available",6,"KOGAN",41.48818897637795,"Other"
158394,"KOGAN","KALED42F98T*",105.38,"LCD (LED)",39.8,"N/A","Available",6,"KOGAN",41.48818897637795,"Other"
158395,"KOGAN","KALED24R98TA",59.774,"LCD (LED)",16.2,"N/A","Available",6,"KOGAN",23.53307086614173,"Other"
158395,"KOGAN","KALED24R98TB",59.774,"LCD (LED)",16.2,"N/A","Available",6,"KOGAN",23.53307086614173,"Other"
158395,"KOGAN","KALED24R98TC",59.774,"LCD (LED)",16.2,"N/A","Available",6,"KOGAN",23.53307086614173,"Other"
158395,"KOGAN","KALED24R98TD",59.774,"LCD (LED)",16.2,"N/A","Available",6,"KOGAN",23.53307086614173,"Other"
158395,"KOGAN","KALED24R98TE",59.774,"LCD (LED)",16.2,"N/A","Available",6,"KOGAN",23.53307086614173,"Other"
158395,"KOGAN","KALED24R98T*",59.774,"LCD (LED)",16.2,"N/A","Available",6,"KOGAN",23.53307086614173,"Other"
158416,"SAMSUNG ELECTRONICS","QA98QN90DAW",247.697,"LCD (LED)",256,"N/A","Available",5,"SAMSUNG ELECTRONICS",97.51850393700788,"Other"
158416,"SAMSUNG ELECTRONICS","QA98QN90DAS",247.697,"LCD (LED)",256,"N/A","Available",5,"SAMSUNG ELECTRONICS",97.51850393700788,"Other"
158416,"SAMSUNG ELECTRONICS","QA98QN90DA*",247.697,"LCD (LED)",256,"N/A","Available",5,"SAMSUNG ELECTRONICS",97.51850393700788,"Other"
158421,"SAMSUNG ELECTRONICS","QA55S90DAW",138.783,"LCD (LED)",112,"N/A","Available",4,"SAMSUNG ELECTRONICS",54.63897637795275,"Other"
158421,"SAMSUNG ELECTRONICS","QA55S90DAS",138.783,"LCD (LED)",112,"N/A","Available",4,"SAMSUNG ELECTRONICS",54.63897637795275,"Other"
158421,"SAMSUNG ELECTRONICS","QA55S90DA*",138.783,"LCD (LED)",112,"N/A","Available",4,"SAMSUNG ELECTRONICS",54.63897637795275,"Other"
158422,"SAMSUNG ELECTRONICS","QA65QN85DBW",163.897,"LCD (LED)",134,"N/A","Available",4.5,"SAMSUNG ELECTRONICS",64.52637795275591,"65-inch"
158422,"SAMSUNG ELECTRONICS","QA65QN85DBS",163.897,"LCD (LED)",134,"N/A","Available",4.5,"SAMSUNG ELECTRONICS",64.52637795275591,"65-inch"
158422,"SAMSUNG ELECTRONICS","QA65QN85DB*",163.897,"LCD (LED)",134,"N/A","Available",4.5,"SAMSUNG ELECTRONICS",64.52637795275591,"65-inch"
158428,"VDT","LEW22BA43",54.687,"LCD (LED)",20.64,"N/A","Available",4.5,"VDT",21.53031496062992,"Other"
158242,"Sylvox","BT32A***GB",80.131,"LCD (LED)",27,"N/A","Available",6,"SYLVOX",31.54763779527559,"32-inch"
158143,"Sylvox","BT24A***GB",60.47,"LCD (LED)",17.14,"N/A","Available",6,"SYLVOX",23.807086614173226,"Other"
158476,"SAMSUNG ELECTRONICS","QA65QN80DAW",163.897,"LCD (LED)",134,"N/A","Available",4.5,"SAMSUNG ELECTRONICS",64.52637795275591,"65-inch"
158476,"SAMSUNG ELECTRONICS","QA65QN80DAS",163.897,"LCD (LED)",134,"N/A","Available",4.5,"SAMSUNG ELECTRONICS",64.52637795275591,"65-inch"
158476,"SAMSUNG ELECTRONICS","QA65QN80DA*",163.897,"LCD (LED)",134,"N/A","Available",4.5,"SAMSUNG ELECTRONICS",64.52637795275591,"65-inch"
158484,"LOEWE","BILD i77",194.139,"OLED",107.8,"N/A","Available",7,"LOEWE",76.43267716535433,"Other"
158506,"HISENSE","100U7KAU",252.784,"LCD (LED)",241.58,"N/A","Available",5.5,"HISENSE",99.52125984251968,"Other"
158506,"HISENSE","100U7KNZ",252.784,"LCD (LED)",241.58,"N/A","Available",5.5,"HISENSE",99.52125984251968,"Other"
158506,"HISENSE","100U7K series",252.784,"LCD (LED)",241.58,"N/A","Available",5.5,"HISENSE",99.52125984251968,"Other"
158508,"SONY","K-43S30",107.95,"LCD (LED)",63.2,"N/A","Available",4.5,"SONY",42.5,"Other"
158538,"JVC","LT-32N3115A11E",79.994,"LCD (LED)",28.86,"N/A","Available",5,"JVC",31.493700787401576,"32-inch"
158544,"JVC","LT-43N5135AE",107.947,"LCD (LED)",39.24,"N/A","Available",4.5,"JVC",42.4988188976378,"Other"
157991,"SAMSUNG ELECTRONICS","QA75Q60DAW",189.338,"LCD (LED)",112,"N/A","Available",6,"SAMSUNG ELECTRONICS",74.54251968503937,"Other"
157991,"SAMSUNG ELECTRONICS","QA75Q60DAS",189.338,"LCD (LED)",112,"N/A","Available",6,"SAMSUNG ELECTRONICS",74.54251968503937,"Other"
157991,"SAMSUNG ELECTRONICS","QA75Q65DAW",189.338,"LCD (LED)",112,"N/A","Available",6,"SAMSUNG ELECTRONICS",74.54251968503937,"Other"
157991,"SAMSUNG ELECTRONICS","QA75Q65DAS",189.338,"LCD (LED)",112,"N/A","Available",6,"SAMSUNG ELECTRONICS",74.54251968503937,"Other"
157991,"SAMSUNG ELECTRONICS","QA75Q6*DA*",189.338,"LCD (LED)",112,"N/A","Available",6,"SAMSUNG ELECTRONICS",74.54251968503937,"Other"
157987,"SAMSUNG ELECTRONICS","QA55Q60DAW",138.783,"LCD (LED)",74,"N/A","Available",6,"SAMSUNG ELECTRONICS",54.63897637795275,"Other"
157987,"SAMSUNG ELECTRONICS","QA55Q60DAS",138.783,"LCD (LED)",74,"N/A","Available",6,"SAMSUNG ELECTRONICS",54.63897637795275,"Other"
157987,"SAMSUNG ELECTRONICS","QA55Q65DAW",138.783,"LCD (LED)",74,"N/A","Available",6,"SAMSUNG ELECTRONICS",54.63897637795275,"Other"
157987,"SAMSUNG ELECTRONICS","QA55Q65DAS",138.783,"LCD (LED)",74,"N/A","Available",6,"SAMSUNG ELECTRONICS",54.63897637795275,"Other"
157987,"SAMSUNG ELECTRONICS","QA55Q6*DA*",138.783,"LCD (LED)",74,"N/A","Available",6,"SAMSUNG ELECTRONICS",54.63897637795275,"Other"
157986,"SAMSUNG ELECTRONICS","QA50Q60DAS",125.727,"LCD (LED)",66,"N/A","Available",5.5,"SAMSUNG ELECTRONICS",49.4988188976378,"Other"
157986,"SAMSUNG ELECTRONICS","QA50Q65DAS",125.727,"LCD (LED)",66,"N/A","Available",5.5,"SAMSUNG ELECTRONICS",49.4988188976378,"Other"
157986,"SAMSUNG ELECTRONICS","QA50Q6*DAS",125.727,"LCD (LED)",66,"N/A","Available",5.5,"SAMSUNG ELECTRONICS",49.4988188976378,"Other"
157993,"SAMSUNG ELECTRONICS","QA85Q60DAW",214.783,"LCD (LED)",142,"N/A","Available",6,"SAMSUNG ELECTRONICS",84.56023622047243,"Other"
157993,"SAMSUNG ELECTRONICS","QA85Q60DAS",214.783,"LCD (LED)",142,"N/A","Available",6,"SAMSUNG ELECTRONICS",84.56023622047243,"Other"
157993,"SAMSUNG ELECTRONICS","QA85Q65DAW",214.783,"LCD (LED)",142,"N/A","Available",6,"SAMSUNG ELECTRONICS",84.56023622047243,"Other"
157993,"SAMSUNG ELECTRONICS","QA85Q65DAS",214.783,"LCD (LED)",142,"N/A","Available",6,"SAMSUNG ELECTRONICS",84.56023622047243,"Other"
157993,"SAMSUNG ELECTRONICS","QA85Q6*DA*",214.783,"LCD (LED)",142,"N/A","Available",6,"SAMSUNG ELECTRONICS",84.56023622047243,"Other"
157989,"SAMSUNG ELECTRONICS","QA65Q60DAW",163.897,"LCD (LED)",86,"N/A","Available",6,"SAMSUNG ELECTRONICS",64.52637795275591,"65-inch"
157989,"SAMSUNG ELECTRONICS","QA65Q60DAS",163.897,"LCD (LED)",86,"N/A","Available",6,"SAMSUNG ELECTRONICS",64.52637795275591,"65-inch"
157989,"SAMSUNG ELECTRONICS","QA65Q65DAW",163.897,"LCD (LED)",86,"N/A","Available",6,"SAMSUNG ELECTRONICS",64.52637795275591,"65-inch"
157989,"SAMSUNG ELECTRONICS","QA65Q65DAS",163.897,"LCD (LED)",86,"N/A","Available",6,"SAMSUNG ELECTRONICS",64.52637795275591,"65-inch"
157989,"SAMSUNG ELECTRONICS","QA65Q6*DA*",163.897,"LCD (LED)",86,"N/A","Available",6,"SAMSUNG ELECTRONICS",64.52637795275591,"65-inch"
157984,"SAMSUNG ELECTRONICS","QA43Q60DAS",107.987,"LCD (LED)",64,"N/A","Available",4.5,"SAMSUNG ELECTRONICS",42.514566929133856,"Other"
157984,"SAMSUNG ELECTRONICS","QA43Q65DAS",107.987,"LCD (LED)",64,"N/A","Available",4.5,"SAMSUNG ELECTRONICS",42.514566929133856,"Other"
157984,"SAMSUNG ELECTRONICS","QA43Q6*DAS",107.987,"LCD (LED)",64,"N/A","Available",4.5,"SAMSUNG ELECTRONICS",42.514566929133856,"Other"
158602,"SAMSUNG ELECTRONICS","QA50QN90DAW",125.727,"LCD (LED)",81,"N/A","Available",4.5,"SAMSUNG ELECTRONICS",49.4988188976378,"Other"
158602,"SAMSUNG ELECTRONICS","QA50QN90DAS",125.727,"LCD (LED)",81,"N/A","Available",4.5,"SAMSUNG ELECTRONICS",49.4988188976378,"Other"
158602,"SAMSUNG ELECTRONICS","QA50QN90DA*",125.727,"LCD (LED)",81,"N/A","Available",4.5,"SAMSUNG ELECTRONICS",49.4988188976378,"Other"
158722,"SONY","K-75XR70",189.306,"LCD (LED)",200.3,"N/A","Available",4,"SONY",74.52992125984252,"Other"
158724,"SONY","K-85XR70",214.783,"LCD (LED)",227.9,"N/A","Available",4.5,"SONY",84.56023622047243,"Other"
158741,"SAMSUNG ELECTRONICS","QA85QN800DW",214.783,"LCD (LED)",294,"N/A","Available",3.5,"SAMSUNG ELECTRONICS",84.56023622047243,"Other"
158741,"SAMSUNG ELECTRONICS","QA85QN800DS",214.783,"LCD (LED)",294,"N/A","Available",3.5,"SAMSUNG ELECTRONICS",84.56023622047243,"Other"
158741,"SAMSUNG ELECTRONICS","QA85QN800D*",214.783,"LCD (LED)",294,"N/A","Available",3.5,"SAMSUNG ELECTRONICS",84.56023622047243,"Other"
158742,"SAMSUNG ELECTRONICS","UA85DU8000W",214.783,"LCD (LED)",195,"N/A","Available",5,"SAMSUNG ELECTRONICS",84.56023622047243,"Other"
158742,"SAMSUNG ELECTRONICS","UA85DU8000S",214.783,"LCD (LED)",195,"N/A","Available",5,"SAMSUNG ELECTRONICS",84.56023622047243,"Other"
158742,"SAMSUNG ELECTRONICS","UA85DU8000*",214.783,"LCD (LED)",195,"N/A","Available",5,"SAMSUNG ELECTRONICS",84.56023622047243,"Other"
158743,"SAMSUNG ELECTRONICS","QA55Q80DAW",138.783,"LCD (LED)",108,"N/A","Available",4,"SAMSUNG ELECTRONICS",54.63897637795275,"Other"
158743,"SAMSUNG ELECTRONICS","QA55Q80DAS",138.783,"LCD (LED)",108,"N/A","Available",4,"SAMSUNG ELECTRONICS",54.63897637795275,"Other"
158743,"SAMSUNG ELECTRONICS","QA55Q80DA*",138.783,"LCD (LED)",108,"N/A","Available",4,"SAMSUNG ELECTRONICS",54.63897637795275,"Other"
158744,"SAMSUNG ELECTRONICS","QA85Q70DAW",214.783,"LCD (LED)",200,"N/A","Available",5,"SAMSUNG ELECTRONICS",84.56023622047243,"Other"
158744,"SAMSUNG ELECTRONICS","QA85Q70DAS",214.783,"LCD (LED)",200,"N/A","Available",5,"SAMSUNG ELECTRONICS",84.56023622047243,"Other"
158744,"SAMSUNG ELECTRONICS","QA85Q70DA*",214.783,"LCD (LED)",200,"N/A","Available",5,"SAMSUNG ELECTRONICS",84.56023622047243,"Other"
158746,"SAMSUNG ELECTRONICS","QA77S95DAW",195.177,"LCD (LED)",216,"N/A","Available",4,"SAMSUNG ELECTRONICS",76.84133858267717,"Other"
158746,"SAMSUNG ELECTRONICS","QA77S95DAS",195.177,"LCD (LED)",216,"N/A","Available",4,"SAMSUNG ELECTRONICS",76.84133858267717,"Other"
158746,"SAMSUNG ELECTRONICS","QA77S95DA*",195.177,"LCD (LED)",216,"N/A","Available",4,"SAMSUNG ELECTRONICS",76.84133858267717,"Other"
158750,"Kogan","KALED50U94VA",125.731,"LCD (LED)",47.3,"N/A","Available",6,"KOGAN",49.5003937007874,"Other"
158750,"Kogan","KALED50U94VB",125.731,"LCD (LED)",47.3,"N/A","Available",6,"KOGAN",49.5003937007874,"Other"
158750,"Kogan","KALED50U94VC",125.731,"LCD (LED)",47.3,"N/A","Available",6,"KOGAN",49.5003937007874,"Other"
158750,"Kogan","KALED50U94V*",125.731,"LCD (LED)",47.3,"N/A","Available",6,"KOGAN",49.5003937007874,"Other"
158767,"KOGAN","KALED43F98VA",107.947,"LCD (LED)",39.24,"N/A","Available",4.5,"KOGAN",42.4988188976378,"Other"
158767,"KOGAN","KALED43F98VB",107.947,"LCD (LED)",39.24,"N/A","Available",4.5,"KOGAN",42.4988188976378,"Other"
158767,"KOGAN","KALED43F98VC",107.947,"LCD (LED)",39.24,"N/A","Available",4.5,"KOGAN",42.4988188976378,"Other"
158836,"LG","43UT8050PSB",107.987,"LCD (LED)",70,"N/A","Available",4,"LG",42.514566929133856,"Other"
158837,"LG","43UT80506LA",107.987,"LCD (LED)",73,"N/A","Available",4,"LG",42.514566929133856,"Other"
158838,"LG","43UT81006LA",107.987,"LCD (LED)",73,"N/A","Available",4,"LG",42.514566929133856,"Other"
158839,"LG","50UT8050PSB",125.727,"LCD (LED)",83,"N/A","Available",4.5,"LG",49.4988188976378,"Other"
158840,"LG","50UT80506LA",125.727,"LCD (LED)",83,"N/A","Available",4.5,"LG",49.4988188976378,"Other"
158841,"LG","50UT81006LA",125.727,"LCD (LED)",83,"N/A","Available",4.5,"LG",49.4988188976378,"Other"
158842,"LG","55UT8050PSB",138.783,"LCD (LED)",97,"N/A","Available",4.5,"LG",54.63897637795275,"Other"
158843,"LG","55UT80506LA",138.783,"LCD (LED)",97,"N/A","Available",4.5,"LG",54.63897637795275,"Other"
158844,"LG","55UT81006LA",138.783,"LCD (LED)",97,"N/A","Available",4.5,"LG",54.63897637795275,"Other"
158845,"LG","65UT8050PSB",163.897,"LCD (LED)",120,"N/A","Available",5,"LG",64.52637795275591,"65-inch"
158846,"LG","65UT80506LA",163.897,"LCD (LED)",120,"N/A","Available",5,"LG",64.52637795275591,"65-inch"
158847,"LG","65UT81006LA",163.897,"LCD (LED)",120,"N/A","Available",5,"LG",64.52637795275591,"65-inch"
158848,"LG","75UT8050PSB",189.275,"LCD (LED)",165,"N/A","Available",5,"LG",74.51771653543307,"Other"
158849,"LG","75UT81006LA",189.275,"LCD (LED)",165,"N/A","Available",5,"LG",74.51771653543307,"Other"
158851,"LG","86UT8050PSB",217.425,"LCD (LED)",212,"N/A","Available",5,"LG",85.60039370078741,"Other"
158852,"LG","86UT80506LA",217.425,"LCD (LED)",212,"N/A","Available",5,"LG",85.60039370078741,"Other"
158853,"LG","86UT81006LA",217.425,"LCD (LED)",212,"N/A","Available",5,"LG",85.60039370078741,"Other"
158854,"LG","50QNED86TSA",125.727,"LCD (LED)",80,"N/A","Available",4.5,"LG",49.4988188976378,"Other"
158855,"LG","65QNED86TSA",163.897,"LCD (LED)",118,"N/A","Available",5,"LG",64.52637795275591,"65-inch"
158856,"LG","65QNED91TSA",163.897,"LCD (LED)",125,"N/A","Available",5,"LG",64.52637795275591,"65-inch"
158857,"LG","75QNED86TSA",189.275,"LCD (LED)",134,"N/A","Available",5.5,"LG",74.51771653543307,"Other"
158858,"LG","75QNED91TSA",189.275,"LCD (LED)",150,"N/A","Available",5,"LG",74.51771653543307,"Other"
158859,"LG","86QNED91TSA",217.425,"LCD (LED)",206,"N/A","Available",5,"LG",85.60039370078741,"Other"
158860,"LG","OLED48B46LA",120.721,"OLED",78,"N/A","Available",4.5,"LG",47.52795275590551,"Other"
158861,"LG","OLED55B4PSA",138.783,"OLED",92,"N/A","Available",5,"LG",54.63897637795275,"Other"
158862,"LG","OLED55B46LA",138.783,"OLED",92,"N/A","Available",5,"LG",54.63897637795275,"Other"
158863,"LG","OLED65C4PSA",163.897,"OLED",122,"N/A","Available",5,"LG",64.52637795275591,"65-inch"
158864,"LG","OLED77B4PSA",194.738,"OLED",143,"N/A","Available",5.5,"LG",76.66850393700787,"Other"
158865,"LG","OLED77C4PSA",194.738,"OLED",154,"N/A","Available",5.5,"LG",76.66850393700787,"Other"
158866,"LG","OLED83G4PSA",209.585,"OLED",217,"N/A","Available",4.5,"LG",82.51377952755905,"Other"
158870,"AKAI","AK7523S7WOS",189.344,"LCD (LED)",117.61,"N/A","Available",6,"AKAI",74.54488188976377,"Other"
158914,"EKO","K32HSW2",80.039,"LCD (LED)",34.8,"N/A","Available",5,"EKO",31.511417322834646,"32-inch"
158915,"Q.Bell","QT32WY8A",80.039,"LCD (LED)",34.8,"N/A","Available",5,"Q.BELL",31.511417322834646,"32-inch"
158932,"LG","50QNED86T6A",125.727,"LCD (LED)",80,"N/A","Available",4.5,"LG",49.4988188976378,"Other"
158934,"LG","65QNED86T6A",163.896,"LCD (LED)",118,"N/A","Available",5,"LG",64.5259842519685,"65-inch"
158935,"LG","65QNED91T6A",163.896,"LCD (LED)",125,"N/A","Available",5,"LG",64.5259842519685,"65-inch"
158936,"LG","86QNED86T6A",217.427,"LCD (LED)",156,"N/A","Available",6,"LG",85.6011811023622,"Other"
158937,"LG","86QNED86TSA",217.427,"LCD (LED)",156,"N/A","Available",6,"LG",85.6011811023622,"Other"
158938,"LG","86QNED91T6A",217.427,"LCD (LED)",206,"N/A","Available",5,"LG",85.6011811023622,"Other"
158939,"LG","OLED65C46LA",163.896,"OLED",122,"N/A","Available",5,"LG",64.5259842519685,"65-inch"
158940,"TCL","85X925 PRO",214.783,"LCD (LED)",408.9,"7.0","Available",1.5,"TCL",84.56023622047243,"Other"
158941,"LG","OLED77B46LA",194.737,"OLED",143,"N/A","Available",5.5,"LG",76.66811023622047,"Other"
158942,"LG","OLED77C46LA",194.737,"OLED",154,"N/A","Available",5.5,"LG",76.66811023622047,"Other"
158943,"LG","OLED83G46LA",209.584,"OLED",217,"N/A","Available",4.5,"LG",82.51338582677165,"Other"
158944,"LG","75QNED86T6A",189.275,"LCD (LED)",134,"N/A","Available",5.5,"LG",74.51771653543307,"Other"
158949,"LG","75QNED91T6A",189.275,"LCD (LED)",150,"N/A","Available",5,"LG",74.51771653543307,"Other"
158971,"SAMSUNG ELECTRONICS","QA75Q80DAW",189.338,"LCD (LED)",198,"N/A","Available",4,"SAMSUNG ELECTRONICS",74.54251968503937,"Other"
158971,"SAMSUNG ELECTRONICS","QA75Q80DAS",189.338,"LCD (LED)",198,"N/A","Available",4,"SAMSUNG ELECTRONICS",74.54251968503937,"Other"
158971,"SAMSUNG ELECTRONICS","QA75Q80DA*",189.338,"LCD (LED)",198,"N/A","Available",4,"SAMSUNG ELECTRONICS",74.54251968503937,"Other"
158972,"SAMSUNG ELECTRONICS","QA85Q80DAW",214.783,"LCD (LED)",258,"N/A","Available",4,"SAMSUNG ELECTRONICS",84.56023622047243,"Other"
158972,"SAMSUNG ELECTRONICS","QA85Q80DAS",214.783,"LCD (LED)",258,"N/A","Available",4,"SAMSUNG ELECTRONICS",84.56023622047243,"Other"
158972,"SAMSUNG ELECTRONICS","QA85Q80DA*",214.783,"LCD (LED)",258,"N/A","Available",4,"SAMSUNG ELECTRONICS",84.56023622047243,"Other"
158973,"SAMSUNG ELECTRONICS","QA65Q80DAW",163.897,"LCD (LED)",147,"N/A","Available",4,"SAMSUNG ELECTRONICS",64.52637795275591,"65-inch"
158973,"SAMSUNG ELECTRONICS","QA65Q80DAS",163.897,"LCD (LED)",147,"N/A","Available",4,"SAMSUNG ELECTRONICS",64.52637795275591,"65-inch"
158973,"SAMSUNG ELECTRONICS","QA65Q80DA*",163.897,"LCD (LED)",147,"N/A","Available",4,"SAMSUNG ELECTRONICS",64.52637795275591,"65-inch"
158974,"SAMSUNG ELECTRONICS","QA50Q80DAW",125.727,"LCD (LED)",82,"N/A","Available",4.5,"SAMSUNG ELECTRONICS",49.4988188976378,"Other"
158974,"SAMSUNG ELECTRONICS","QA50Q80DAS",125.727,"LCD (LED)",82,"N/A","Available",4.5,"SAMSUNG ELECTRONICS",49.4988188976378,"Other"
158974,"SAMSUNG ELECTRONICS","QA50Q80DA*",125.727,"LCD (LED)",82,"N/A","Available",4.5,"SAMSUNG ELECTRONICS",49.4988188976378,"Other"
158975,"SAMSUNG ELECTRONICS","QA65S90DAW",163.897,"LCD (LED)",146,"N/A","Available",4,"SAMSUNG ELECTRONICS",64.52637795275591,"65-inch"
158975,"SAMSUNG ELECTRONICS","QA65S90DAS",163.897,"LCD (LED)",146,"N/A","Available",4,"SAMSUNG ELECTRONICS",64.52637795275591,"65-inch"
158975,"SAMSUNG ELECTRONICS","QA65S90DA*",163.897,"LCD (LED)",146,"N/A","Available",4,"SAMSUNG ELECTRONICS",64.52637795275591,"65-inch"
158976,"SAMSUNG ELECTRONICS","QA65S95DAW",163.897,"LCD (LED)",153,"N/A","Available",4,"SAMSUNG ELECTRONICS",64.52637795275591,"65-inch"
158976,"SAMSUNG ELECTRONICS","QA65S95DAS",163.897,"LCD (LED)",153,"N/A","Available",4,"SAMSUNG ELECTRONICS",64.52637795275591,"65-inch"
158976,"SAMSUNG ELECTRONICS","QA65S95DA*",163.897,"LCD (LED)",153,"N/A","Available",4,"SAMSUNG ELECTRONICS",64.52637795275591,"65-inch"
158980,"SAMSUNG ELECTRONICS","QA55S95DAW",138.783,"LCD (LED)",110,"N/A","Available",4,"SAMSUNG ELECTRONICS",54.63897637795275,"Other"
158980,"SAMSUNG ELECTRONICS","QA55S95DAS",138.783,"LCD (LED)",110,"N/A","Available",4,"SAMSUNG ELECTRONICS",54.63897637795275,"Other"
158980,"SAMSUNG ELECTRONICS","QA55S95DA*",138.783,"LCD (LED)",110,"N/A","Available",4,"SAMSUNG ELECTRONICS",54.63897637795275,"Other"
158984,"SAMSUNG ELECTRONICS","QA55Q70DAW",138.783,"LCD (LED)",108,"N/A","Available",4,"SAMSUNG ELECTRONICS",54.63897637795275,"Other"
158984,"SAMSUNG ELECTRONICS","QA55Q70DAS",138.783,"LCD (LED)",108,"N/A","Available",4,"SAMSUNG ELECTRONICS",54.63897637795275,"Other"
158984,"SAMSUNG ELECTRONICS","QA55Q70DA*",138.783,"LCD (LED)",108,"N/A","Available",4,"SAMSUNG ELECTRONICS",54.63897637795275,"Other"
158985,"SAMSUNG ELECTRONICS","QA65Q70DAW",163.897,"LCD (LED)",142,"N/A","Available",4,"SAMSUNG ELECTRONICS",64.52637795275591,"65-inch"
158985,"SAMSUNG ELECTRONICS","QA65Q70DAS",163.897,"LCD (LED)",142,"N/A","Available",4,"SAMSUNG ELECTRONICS",64.52637795275591,"65-inch"
158985,"SAMSUNG ELECTRONICS","QA65Q70DA*",163.897,"LCD (LED)",142,"N/A","Available",4,"SAMSUNG ELECTRONICS",64.52637795275591,"65-inch"
158986,"SAMSUNG ELECTRONICS","QA75Q70DAW",189.338,"LCD (LED)",157,"N/A","Available",5,"SAMSUNG ELECTRONICS",74.54251968503937,"Other"
158986,"SAMSUNG ELECTRONICS","QA75Q70DAS",189.338,"LCD (LED)",157,"N/A","Available",5,"SAMSUNG ELECTRONICS",74.54251968503937,"Other"
158986,"SAMSUNG ELECTRONICS","QA75Q70DA*",189.338,"LCD (LED)",157,"N/A","Available",5,"SAMSUNG ELECTRONICS",74.54251968503937,"Other"
159005,"SAMSUNG ELECTRONICS","QA55QE1DAS",138.783,"LCD (LED)",78,"N/A","Available",5.5,"SAMSUNG ELECTRONICS",54.63897637795275,"Other"
159007,"SAMSUNG ELECTRONICS","QA43LS03DAW",107.987,"LCD (LED)",92,"N/A","Available",3,"SAMSUNG ELECTRONICS",42.514566929133856,"Other"
159007,"SAMSUNG ELECTRONICS","QA43LS03DAS",107.987,"LCD (LED)",92,"N/A","Available",3,"SAMSUNG ELECTRONICS",42.514566929133856,"Other"
159007,"SAMSUNG ELECTRONICS","QA43LS03DA*",107.987,"LCD (LED)",92,"N/A","Available",3,"SAMSUNG ELECTRONICS",42.514566929133856,"Other"
159010,"SAMSUNG ELECTRONICS","QA75QN900DW",189.338,"LCD (LED)",286,"N/A","Available",2.5,"SAMSUNG ELECTRONICS",74.54251968503937,"Other"
159010,"SAMSUNG ELECTRONICS","QA75QN900DS",189.338,"LCD (LED)",286,"N/A","Available",2.5,"SAMSUNG ELECTRONICS",74.54251968503937,"Other"
159010,"SAMSUNG ELECTRONICS","QA75QN900D*",189.338,"LCD (LED)",286,"N/A","Available",2.5,"SAMSUNG ELECTRONICS",74.54251968503937,"Other"
159034,"SAMSUNG ELECTRONICS","QA55QN85DBW",138.783,"LCD (LED)",112,"N/A","Available",4,"SAMSUNG ELECTRONICS",54.63897637795275,"Other"
159034,"SAMSUNG ELECTRONICS","QA55QN85DBS",138.783,"LCD (LED)",112,"N/A","Available",4,"SAMSUNG ELECTRONICS",54.63897637795275,"Other"
159034,"SAMSUNG ELECTRONICS","QA55QN85DB*",138.783,"LCD (LED)",112,"N/A","Available",4,"SAMSUNG ELECTRONICS",54.63897637795275,"Other"
159036,"SAMSUNG ELECTRONICS","QA55QN87DAW",138.783,"LCD (LED)",109,"N/A","Available",4,"SAMSUNG ELECTRONICS",54.63897637795275,"Other"
159036,"SAMSUNG ELECTRONICS","QA55QN87DAS",138.783,"LCD (LED)",109,"N/A","Available",4,"SAMSUNG ELECTRONICS",54.63897637795275,"Other"
159036,"SAMSUNG ELECTRONICS","QA55QN87DA*",138.783,"LCD (LED)",109,"N/A","Available",4,"SAMSUNG ELECTRONICS",54.63897637795275,"Other"
159044,"SAMSUNG ELECTRONICS","QA50LS03DAW",125.727,"LCD (LED)",93,"N/A","Available",4,"SAMSUNG ELECTRONICS",49.4988188976378,"Other"
159044,"SAMSUNG ELECTRONICS","QA50LS03DAS",125.727,"LCD (LED)",93,"N/A","Available",4,"SAMSUNG ELECTRONICS",49.4988188976378,"Other"
159044,"SAMSUNG ELECTRONICS","QA50LS03DA*",125.727,"LCD (LED)",93,"N/A","Available",4,"SAMSUNG ELECTRONICS",49.4988188976378,"Other"
159051,"SAMSUNG ELECTRONICS","QA55LS03DAW",138.783,"LCD (LED)",119,"N/A","Available",3.5,"SAMSUNG ELECTRONICS",54.63897637795275,"Other"
159051,"SAMSUNG ELECTRONICS","QA55LS03DAS",138.783,"LCD (LED)",119,"N/A","Available",3.5,"SAMSUNG ELECTRONICS",54.63897637795275,"Other"
159051,"SAMSUNG ELECTRONICS","QA55LS03DA*",138.783,"LCD (LED)",119,"N/A","Available",3.5,"SAMSUNG ELECTRONICS",54.63897637795275,"Other"
159052,"SAMSUNG ELECTRONICS","QA65LS03DAW",163.897,"LCD (LED)",154,"N/A","Available",4,"SAMSUNG ELECTRONICS",64.52637795275591,"65-inch"
159052,"SAMSUNG ELECTRONICS","QA65LS03DAS",163.897,"LCD (LED)",154,"N/A","Available",4,"SAMSUNG ELECTRONICS",64.52637795275591,"65-inch"
159052,"SAMSUNG ELECTRONICS","QA65LS03DA*",163.897,"LCD (LED)",154,"N/A","Available",4,"SAMSUNG ELECTRONICS",64.52637795275591,"65-inch"
159054,"SAMSUNG ELECTRONICS","QA75LS03DAW",189.338,"LCD (LED)",190,"N/A","Available",4,"SAMSUNG ELECTRONICS",74.54251968503937,"Other"
159054,"SAMSUNG ELECTRONICS","QA75LS03DAS",189.338,"LCD (LED)",190,"N/A","Available",4,"SAMSUNG ELECTRONICS",74.54251968503937,"Other"
159054,"SAMSUNG ELECTRONICS","QA75LS03DA*",189.338,"LCD (LED)",190,"N/A","Available",4,"SAMSUNG ELECTRONICS",74.54251968503937,"Other"
159075,"SAMSUNG ELECTRONICS","QA65QN900DW",163.897,"LCD (LED)",260,"N/A","Available",1.5,"SAMSUNG ELECTRONICS",64.52637795275591,"65-inch"
159075,"SAMSUNG ELECTRONICS","QA65QN900DS",163.897,"LCD (LED)",260,"N/A","Available",1.5,"SAMSUNG ELECTRONICS",64.52637795275591,"65-inch"
159075,"SAMSUNG ELECTRONICS","QA65QN900D*",163.897,"LCD (LED)",260,"N/A","Available",1.5,"SAMSUNG ELECTRONICS",64.52637795275591,"65-inch"
159076,"SAMSUNG ELECTRONICS","QA85LS03DAW",214.783,"LCD (LED)",220,"N/A","Available",4.5,"SAMSUNG ELECTRONICS",84.56023622047243,"Other"
159076,"SAMSUNG ELECTRONICS","QA85LS03DAS",214.783,"LCD (LED)",220,"N/A","Available",4.5,"SAMSUNG ELECTRONICS",84.56023622047243,"Other"
159076,"SAMSUNG ELECTRONICS","QA85LS03DA*",214.783,"LCD (LED)",220,"N/A","Available",4.5,"SAMSUNG ELECTRONICS",84.56023622047243,"Other"
159090,"LG","43NANO81TSA",107.987,"LCD (LED)",70,"N/A","Available",4,"LG",42.514566929133856,"Other"
159093,"LG","50NANO81TSA",125.727,"LCD (LED)",90,"N/A","Available",4,"LG",49.4988188976378,"Other"
159095,"LG","55NANO81TSA",138.783,"LCD (LED)",112,"N/A","Available",4,"LG",54.63897637795275,"Other"
159098,"LG","65NANO81TSA",163.897,"LCD (LED)",144,"N/A","Available",4,"LG",64.52637795275591,"65-inch"
159102,"LG","75NANO81TSA",189.275,"LCD (LED)",181,"N/A","Available",4.5,"LG",74.51771653543307,"Other"
159106,"LG","86NANO81TSA",217.427,"LCD (LED)",250,"N/A","Available",4,"LG",85.6011811023622,"Other"
159109,"LG","86QNED80T6A",217.427,"LCD (LED)",154,"N/A","Available",6,"LG",85.6011811023622,"Other"
159111,"LG","86QNED81TSA",217.427,"LCD (LED)",154,"N/A","Available",6,"LG",85.6011811023622,"Other"
159112,"LG","OLED83C4PSA",209.585,"OLED",193,"N/A","Available",5,"LG",82.51377952755905,"Other"
159113,"LG","OLED83C46LA",209.585,"OLED",193,"N/A","Available",5,"LG",82.51377952755905,"Other"
159127,"SAMSUNG ELECTRONICS","QA85QN87DAW",214.783,"LCD (LED)",192,"N/A","Available",5,"SAMSUNG ELECTRONICS",84.56023622047243,"Other"
159127,"SAMSUNG ELECTRONICS","QA85QN87DAS",214.783,"LCD (LED)",192,"N/A","Available",5,"SAMSUNG ELECTRONICS",84.56023622047243,"Other"
159127,"SAMSUNG ELECTRONICS","QA85QN87DA*",214.783,"LCD (LED)",192,"N/A","Available",5,"SAMSUNG ELECTRONICS",84.56023622047243,"Other"
159131,"SAMSUNG ELECTRONICS","QA75QN87DAW",189.338,"LCD (LED)",144,"N/A","Available",5.5,"SAMSUNG ELECTRONICS",74.54251968503937,"Other"
159131,"SAMSUNG ELECTRONICS","QA75QN87DAS",189.338,"LCD (LED)",144,"N/A","Available",5.5,"SAMSUNG ELECTRONICS",74.54251968503937,"Other"
159131,"SAMSUNG ELECTRONICS","QA75QN87DA*",189.338,"LCD (LED)",144,"N/A","Available",5.5,"SAMSUNG ELECTRONICS",74.54251968503937,"Other"
159153,"SONY","K-55S30",138.798,"LCD (LED)",119,"N/A","Available",3.5,"SONY",54.64488188976378,"Other"
159152,"SONY","K-65S30",163.878,"LCD (LED)",140,"N/A","Available",4.5,"SONY",64.51889763779526,"65-inch"
159160,"SAMSUNG ELECTRONICS","QA75QN85DBW",189.338,"LCD (LED)",178,"N/A","Available",4.5,"SAMSUNG ELECTRONICS",74.54251968503937,"Other"
159160,"SAMSUNG ELECTRONICS","QA75QN85DBS",189.338,"LCD (LED)",178,"N/A","Available",4.5,"SAMSUNG ELECTRONICS",74.54251968503937,"Other"
159160,"SAMSUNG ELECTRONICS","QA75QN85DB*",189.338,"LCD (LED)",178,"N/A","Available",4.5,"SAMSUNG ELECTRONICS",74.54251968503937,"Other"
159164,"SAMSUNG ELECTRONICS","QA85QN85DBW",214.783,"LCD (LED)",215,"N/A","Available",4.5,"SAMSUNG ELECTRONICS",84.56023622047243,"Other"
159164,"SAMSUNG ELECTRONICS","QA85QN85DBS",214.783,"LCD (LED)",215,"N/A","Available",4.5,"SAMSUNG ELECTRONICS",84.56023622047243,"Other"
159164,"SAMSUNG ELECTRONICS","QA85QN85DB*",214.783,"LCD (LED)",215,"N/A","Available",4.5,"SAMSUNG ELECTRONICS",84.56023622047243,"Other"
159165,"Dynalink","S 8866",59.823,"LCD",19.8,"N/A","Available",5.5,"DYNALINK",23.55236220472441,"Other"
159173,"TECO","LED65AUSRC",163.829,"LCD (LED)",94,"N/A","Available",5.5,"TECO",64.4996062992126,"65-inch"
159179,"AIWA","AW240DVD",59.824,"LCD",24.2,"N/A","Available",4.5,"AIWA",23.55275590551181,"Other"
159188,"Q.Bell","QT50WX8A",125.743,"LCD (LED)",83.3,"N/A","Available",4.5,"Q.BELL",49.50511811023622,"Other"
159228,"SAMSUNG ELECTRONICS","QA75QE1DAW",189.338,"LCD (LED)",124,"N/A","Available",6,"SAMSUNG ELECTRONICS",74.54251968503937,"Other"
159228,"SAMSUNG ELECTRONICS","QA75QE1DAS",189.338,"LCD (LED)",124,"N/A","Available",6,"SAMSUNG ELECTRONICS",74.54251968503937,"Other"
159228,"SAMSUNG ELECTRONICS","QA75QE1DA*",189.338,"LCD (LED)",124,"N/A","Available",6,"SAMSUNG ELECTRONICS",74.54251968503937,"Other"
159229,"SAMSUNG ELECTRONICS","QA85QE1DAS",214.783,"LCD (LED)",172,"N/A","Available",5.5,"SAMSUNG ELECTRONICS",84.56023622047243,"Other"
159230,"SAMSUNG ELECTRONICS","UA65DU7000S",163.897,"LCD (LED)",114,"N/A","Available",5,"SAMSUNG ELECTRONICS",64.52637795275591,"65-inch"
159232,"SAMSUNG ELECTRONICS","UA75DU7000S",189.338,"LCD (LED)",137,"N/A","Available",5.5,"SAMSUNG ELECTRONICS",74.54251968503937,"Other"
159233,"HISENSE","75U7NAU",189.34,"LCD (LED)",156.29,"N/A","Available",4.5,"HISENSE",74.54330708661418,"Other"
159233,"HISENSE","75U7NNZ",189.34,"LCD (LED)",156.29,"N/A","Available",4.5,"HISENSE",74.54330708661418,"Other"
159234,"HISENSE","65U7NAU",163.829,"LCD (LED)",110.54,"N/A","Available",5,"HISENSE",64.4996062992126,"65-inch"
159234,"HISENSE","65U7NNZ",163.829,"LCD (LED)",110.54,"N/A","Available",5,"HISENSE",64.4996062992126,"65-inch"
159235,"HISENSE","55U7NAU",138.783,"LCD (LED)",91.26,"N/A","Available",4.5,"HISENSE",54.63897637795275,"Other"
159235,"HISENSE","55U7NNZ",138.783,"LCD (LED)",91.26,"N/A","Available",4.5,"HISENSE",54.63897637795275,"Other"
159234,"HISENSE","65U7N series",163.829,"LCD (LED)",110.54,"N/A","Available",5,"HISENSE",64.4996062992126,"65-inch"
159233,"HISENSE","75U7N series",189.34,"LCD (LED)",156.29,"N/A","Available",4.5,"HISENSE",74.54330708661418,"Other"
159237,"BAUHN","ATV50UHDW-0424",127.259,"LCD (LED)",57.06,"N/A","Available",6,"BAUHN",50.10196850393701,"Other"
159231,"SAMSUNG ELECTRONICS","UA85DU7000S",214.783,"LCD (LED)",143,"N/A","Available",6,"SAMSUNG ELECTRONICS",84.56023622047243,"Other"
159275,"Kogan","KAQL85W94QA",214.783,"LCD (LED)",292.93,"N/A","Available",3.5,"KOGAN",84.56023622047243,"Other"
159286,"SAMSUNG ELECTRONICS","QA55QN80DAW",138.783,"LCD (LED)",109,"N/A","Available",4,"SAMSUNG ELECTRONICS",54.63897637795275,"Other"
159286,"SAMSUNG ELECTRONICS","QA55QN80DAS",138.783,"LCD (LED)",109,"N/A","Available",4,"SAMSUNG ELECTRONICS",54.63897637795275,"Other"
159286,"SAMSUNG ELECTRONICS","QA55QN80DA*",138.783,"LCD (LED)",109,"N/A","Available",4,"SAMSUNG ELECTRONICS",54.63897637795275,"Other"
159287,"SONY","K-75S30",189.306,"LCD (LED)",179.2,"N/A","Available",4.5,"SONY",74.52992125984252,"Other"
159288,"SAMSUNG ELECTRONICS","QA65QN87DAW",163.897,"LCD (LED)",130,"N/A","Available",4.5,"SAMSUNG ELECTRONICS",64.52637795275591,"65-inch"
159288,"SAMSUNG ELECTRONICS","QA65QN87DAS",163.897,"LCD (LED)",130,"N/A","Available",4.5,"SAMSUNG ELECTRONICS",64.52637795275591,"65-inch"
159288,"SAMSUNG ELECTRONICS","QA65QN87DA*",163.897,"LCD (LED)",130,"N/A","Available",4.5,"SAMSUNG ELECTRONICS",64.52637795275591,"65-inch"
159289,"SONY","K-85S30",214.783,"LCD (LED)",229.8,"N/A","Available",4.5,"SONY",84.56023622047243,"Other"
159290,"SAMSUNG ELECTRONICS","QA85QN900DW",214.783,"LCD (LED)",338,"N/A","Available",2.5,"SAMSUNG ELECTRONICS",84.56023622047243,"Other"
159290,"SAMSUNG ELECTRONICS","QA85QN900DS",214.783,"LCD (LED)",338,"N/A","Available",2.5,"SAMSUNG ELECTRONICS",84.56023622047243,"Other"
159290,"SAMSUNG ELECTRONICS","QA85QN900D*",214.783,"LCD (LED)",338,"N/A","Available",2.5,"SAMSUNG ELECTRONICS",84.56023622047243,"Other"
159230,"SAMSUNG ELECTRONICS","UA65DU7000W",163.897,"LCD (LED)",114,"N/A","Available",5,"SAMSUNG ELECTRONICS",64.52637795275591,"65-inch"
159230,"SAMSUNG ELECTRONICS","UA65DU7700S",163.897,"LCD (LED)",114,"N/A","Available",5,"SAMSUNG ELECTRONICS",64.52637795275591,"65-inch"
159230,"SAMSUNG ELECTRONICS","UA65DU7700W",163.897,"LCD (LED)",114,"N/A","Available",5,"SAMSUNG ELECTRONICS",64.52637795275591,"65-inch"
159232,"SAMSUNG ELECTRONICS","UA75DU7000W",189.338,"LCD (LED)",137,"N/A","Available",5.5,"SAMSUNG ELECTRONICS",74.54251968503937,"Other"
159232,"SAMSUNG ELECTRONICS","UA75DU7700S",189.338,"LCD (LED)",137,"N/A","Available",5.5,"SAMSUNG ELECTRONICS",74.54251968503937,"Other"
159232,"SAMSUNG ELECTRONICS","UA75DU7700W",189.338,"LCD (LED)",137,"N/A","Available",5.5,"SAMSUNG ELECTRONICS",74.54251968503937,"Other"
159232,"SAMSUNG ELECTRONICS","UA75DU7*00*",189.338,"LCD (LED)",137,"N/A","Available",5.5,"SAMSUNG ELECTRONICS",74.54251968503937,"Other"
159231,"SAMSUNG ELECTRONICS","UA85DU7000W",214.783,"LCD (LED)",143,"N/A","Available",6,"SAMSUNG ELECTRONICS",84.56023622047243,"Other"
159231,"SAMSUNG ELECTRONICS","UA85DU7700S",214.783,"LCD (LED)",143,"N/A","Available",6,"SAMSUNG ELECTRONICS",84.56023622047243,"Other"
159231,"SAMSUNG ELECTRONICS","UA85DU7700W",214.783,"LCD (LED)",143,"N/A","Available",6,"SAMSUNG ELECTRONICS",84.56023622047243,"Other"
159231,"SAMSUNG ELECTRONICS","UA85DU7*00*",214.783,"LCD (LED)",143,"N/A","Available",6,"SAMSUNG ELECTRONICS",84.56023622047243,"Other"
159305,"EKO","K42FSW3",105.422,"LCD",53.12,"N/A","Available",5,"EKO",41.50472440944882,"Other"
159315,"SONY","K-85XR90",214.783,"LCD (LED)",272.5,"N/A","Available",3.5,"SONY",84.56023622047243,"Other"
159318,"SONY","K-75XR90",189.306,"LCD (LED)",238.4,"N/A","Available",3,"SONY",74.52992125984252,"Other"
159321,"SAMSUNG ELECTRONICS","UA75DU8000W",189.338,"LCD (LED)",163,"N/A","Available",5,"SAMSUNG ELECTRONICS",74.54251968503937,"Other"
159321,"SAMSUNG ELECTRONICS","UA75DU8000S",189.338,"LCD (LED)",163,"N/A","Available",5,"SAMSUNG ELECTRONICS",74.54251968503937,"Other"
159321,"SAMSUNG ELECTRONICS","UA75DU8500S",189.338,"LCD (LED)",163,"N/A","Available",5,"SAMSUNG ELECTRONICS",74.54251968503937,"Other"
159321,"SAMSUNG ELECTRONICS","UA75DU8*00*",189.338,"LCD (LED)",163,"N/A","Available",5,"SAMSUNG ELECTRONICS",74.54251968503937,"Other"
159326,"KOGAN","KALED24DH65NA",59.824,"LCD",25.3,"N/A","Available",4.5,"KOGAN",23.55275590551181,"Other"
159326,"KOGAN","KALED24DH65NB",59.824,"LCD",25.3,"N/A","Available",4.5,"KOGAN",23.55275590551181,"Other"
159326,"KOGAN","KALED24DH65NC",59.824,"LCD",25.3,"N/A","Available",4.5,"KOGAN",23.55275590551181,"Other"
159326,"KOGAN","KALED24DH65ND",59.824,"LCD",25.3,"N/A","Available",4.5,"KOGAN",23.55275590551181,"Other"
159326,"KOGAN","KALED24DH65NE",59.824,"LCD",25.3,"N/A","Available",4.5,"KOGAN",23.55275590551181,"Other"
159326,"KOGAN","D236GV68C-T2C",59.824,"LCD",25.3,"N/A","Available",4.5,"KOGAN",23.55275590551181,"Other"
159326,"KOGAN","*24*",59.824,"LCD",25.3,"N/A","Available",4.5,"KOGAN",23.55275590551181,"Other"
159333,"SAMSUNG ELECTRONICS","QA50QE1DAS",125.727,"LCD (LED)",73,"N/A","Available",5,"SAMSUNG ELECTRONICS",49.4988188976378,"Other"
159338,"KOGAN","KALED24D95SNA",59.824,"LCD",22.1,"N/A","Available",5,"KOGAN",23.55275590551181,"Other"
159338,"KOGAN","KALED24D95SNB",59.824,"LCD",22.1,"N/A","Available",5,"KOGAN",23.55275590551181,"Other"
159338,"KOGAN","KALED24D95SNC",59.824,"LCD",22.1,"N/A","Available",5,"KOGAN",23.55275590551181,"Other"
159338,"KOGAN","KALED24D95SND",59.824,"LCD",22.1,"N/A","Available",5,"KOGAN",23.55275590551181,"Other"
159338,"KOGAN","KALED24D95SNE",59.824,"LCD",22.1,"N/A","Available",5,"KOGAN",23.55275590551181,"Other"
159338,"KOGAN","D236GV66C-T2C-W",59.824,"LCD",22.1,"N/A","Available",5,"KOGAN",23.55275590551181,"Other"
159338,"KOGAN","*24*",59.824,"LCD",22.1,"N/A","Available",5,"KOGAN",23.55275590551181,"Other"
159389,"S VISION","SVU550WOS",140.219,"LCD (LED)",103.3,"N/A","Available",4.5,"S VISION",55.204330708661416,"Other"
159406,"CHiQ","U85F8TG",214.783,"LCD (LED)",248.9,"N/A","Available",4,"CHIQ",84.56023622047243,"Other"
159420,"EKO","K650UGT",163.896,"LCD (LED)",143.934,"N/A","Available",4,"EKO",64.5259842519685,"65-inch"
159490,"KOGAN","KALED32D95SNA",80.039,"LCD",35.2,"N/A","Available",5,"KOGAN",31.511417322834646,"32-inch"
159490,"KOGAN","KALED32D95SNB",80.039,"LCD",35.2,"N/A","Available",5,"KOGAN",31.511417322834646,"32-inch"
159490,"KOGAN","KALED32D95SNC",80.039,"LCD",35.2,"N/A","Available",5,"KOGAN",31.511417322834646,"32-inch"
159490,"KOGAN","KALED32D95SND",80.039,"LCD",35.2,"N/A","Available",5,"KOGAN",31.511417322834646,"32-inch"
159490,"KOGAN","KALED32D95SNE",80.039,"LCD",35.2,"N/A","Available",5,"KOGAN",31.511417322834646,"32-inch"
159490,"KOGAN","D32GV66C-T2C-W",80.039,"LCD",35.2,"N/A","Available",5,"KOGAN",31.511417322834646,"32-inch"
159490,"KOGAN","*32*",80.039,"LCD",35.2,"N/A","Available",5,"KOGAN",31.511417322834646,"32-inch"
159494,"BLAUPUNKT","BP3200HDV8100",80.039,"LCD (LED)",35.8,"N/A","Available",4.5,"BLAUPUNKT",31.511417322834646,"32-inch"
159510,"SAMSUNG ELECTRONICS","QA48S90DAE",120.712,"LCD (LED)",80,"N/A","Available",4.5,"SAMSUNG ELECTRONICS",47.5244094488189,"Other"
159526,"EKO","K750UGT",189.306,"LCD",204.81,"N/A","Available",3.5,"EKO",74.52992125984252,"Other"
159526,"EKO","K750UGT2",189.306,"LCD",204.81,"N/A","Available",3.5,"EKO",74.52992125984252,"Other"
159529,"EKO","K700UGT",176.539,"LCD",161.454,"N/A","Available",4.5,"EKO",69.5035433070866,"Other"
159529,"EKO","K700UGT2",176.539,"LCD",161.454,"N/A","Available",4.5,"EKO",69.5035433070866,"Other"
159535,"LG","55LX1T6LA",138.783,"OLED",100,"N/A","Available",4.5,"LG",54.63897637795275,"Other"
159537,"LG","55LX1TPSA",138.783,"OLED",100,"N/A","Available",4.5,"LG",54.63897637795275,"Other"
159538,"LG","OLED97G46LA",245.145,"OLED",219,"N/A","Available",6,"LG",96.51377952755905,"Other"
159230,"SAMSUNG ELECTRONICS","UA65DU7*00*",163.897,"LCD (LED)",114,"N/A","Available",5,"SAMSUNG ELECTRONICS",64.52637795275591,"65-inch"
158415,"SAMSUNG ELECTRONICS","UA65DU8000W",163.897,"LCD (LED)",122,"N/A","Available",5,"SAMSUNG ELECTRONICS",64.52637795275591,"65-inch"
158415,"SAMSUNG ELECTRONICS","UA65DU8000S",163.897,"LCD (LED)",122,"N/A","Available",5,"SAMSUNG ELECTRONICS",64.52637795275591,"65-inch"
158415,"SAMSUNG ELECTRONICS","UA65DU8500S",163.897,"LCD (LED)",122,"N/A","Available",5,"SAMSUNG ELECTRONICS",64.52637795275591,"65-inch"
158415,"SAMSUNG ELECTRONICS","UA65DU8*00*",163.897,"LCD (LED)",122,"N/A","Available",5,"SAMSUNG ELECTRONICS",64.52637795275591,"65-inch"
158085,"SAMSUNG ELECTRONICS","UA43DU8000W",107.987,"LCD (LED)",71,"N/A","Available",4,"SAMSUNG ELECTRONICS",42.514566929133856,"Other"
158085,"SAMSUNG ELECTRONICS","UA43DU8000S",107.987,"LCD (LED)",71,"N/A","Available",4,"SAMSUNG ELECTRONICS",42.514566929133856,"Other"
158085,"SAMSUNG ELECTRONICS","UA43DU8500S",107.987,"LCD (LED)",71,"N/A","Available",4,"SAMSUNG ELECTRONICS",42.514566929133856,"Other"
158085,"SAMSUNG ELECTRONICS","UA43DU8*00*",107.987,"LCD (LED)",71,"N/A","Available",4,"SAMSUNG ELECTRONICS",42.514566929133856,"Other"
159037,"SAMSUNG ELECTRONICS","UA55DU7000S",138.783,"LCD (LED)",79,"N/A","Available",5.5,"SAMSUNG ELECTRONICS",54.63897637795275,"Other"
159037,"SAMSUNG ELECTRONICS","UA55DU7000W",138.783,"LCD (LED)",79,"N/A","Available",5.5,"SAMSUNG ELECTRONICS",54.63897637795275,"Other"
159037,"SAMSUNG ELECTRONICS","UA55DU7700S",138.783,"LCD (LED)",79,"N/A","Available",5.5,"SAMSUNG ELECTRONICS",54.63897637795275,"Other"
159037,"SAMSUNG ELECTRONICS","UA55DU7700W",138.783,"LCD (LED)",79,"N/A","Available",5.5,"SAMSUNG ELECTRONICS",54.63897637795275,"Other"
159037,"SAMSUNG ELECTRONICS","UA55DU7*00*",138.783,"LCD (LED)",79,"N/A","Available",5.5,"SAMSUNG ELECTRONICS",54.63897637795275,"Other"
159059,"SAMSUNG ELECTRONICS","UA50DU7000S",125.727,"LCD (LED)",71,"N/A","Available",5,"SAMSUNG ELECTRONICS",49.4988188976378,"Other"
159059,"SAMSUNG ELECTRONICS","UA50DU7000W",125.727,"LCD (LED)",71,"N/A","Available",5,"SAMSUNG ELECTRONICS",49.4988188976378,"Other"
159059,"SAMSUNG ELECTRONICS","UA50DU7700S",125.727,"LCD (LED)",71,"N/A","Available",5,"SAMSUNG ELECTRONICS",49.4988188976378,"Other"
159059,"SAMSUNG ELECTRONICS","UA50DU7700W",125.727,"LCD (LED)",71,"N/A","Available",5,"SAMSUNG ELECTRONICS",49.4988188976378,"Other"
159059,"SAMSUNG ELECTRONICS","UA50DU7*00*",125.727,"LCD (LED)",71,"N/A","Available",5,"SAMSUNG ELECTRONICS",49.4988188976378,"Other"
158216,"SAMSUNG ELECTRONICS","UA55DU8000W",138.783,"LCD (LED)",97,"N/A","Available",4.5,"SAMSUNG ELECTRONICS",54.63897637795275,"Other"
158216,"SAMSUNG ELECTRONICS","UA55DU8000S",138.783,"LCD (LED)",97,"N/A","Available",4.5,"SAMSUNG ELECTRONICS",54.63897637795275,"Other"
158216,"SAMSUNG ELECTRONICS","UA55DU8500S",138.783,"LCD (LED)",97,"N/A","Available",4.5,"SAMSUNG ELECTRONICS",54.63897637795275,"Other"
158216,"SAMSUNG ELECTRONICS","UA55DU8*00*",138.783,"LCD (LED)",97,"N/A","Available",4.5,"SAMSUNG ELECTRONICS",54.63897637795275,"Other"
159579,"KOGAN","KAQL85XQ98GSTA",214.783,"LCD (LED)",250.7,"N/A","Available",4,"KOGAN",84.56023622047243,"Other"
159579,"KOGAN","KAQL85XQ98GSTB",214.783,"LCD (LED)",250.7,"N/A","Available",4,"KOGAN",84.56023622047243,"Other"
159579,"KOGAN","KAQL85XQ98GSTC",214.783,"LCD (LED)",250.7,"N/A","Available",4,"KOGAN",84.56023622047243,"Other"
159579,"KOGAN","KAQL85XQ98GSTD",214.783,"LCD (LED)",250.7,"N/A","Available",4,"KOGAN",84.56023622047243,"Other"
159579,"KOGAN","KAQL85XQ98GSTE",214.783,"LCD (LED)",250.7,"N/A","Available",4,"KOGAN",84.56023622047243,"Other"
159579,"KOGAN","KAQL85XQ98GST*",214.783,"LCD (LED)",250.7,"N/A","Available",4,"KOGAN",84.56023622047243,"Other"
159584,"KOGAN","KAQL75XQ98GSTA",189.306,"LCD (LED)",172.1,"N/A","Available",4.5,"KOGAN",74.52992125984252,"Other"
159584,"KOGAN","KAQL75XQ98GSTB",189.306,"LCD (LED)",172.1,"N/A","Available",4.5,"KOGAN",74.52992125984252,"Other"
159584,"KOGAN","KAQL75XQ98GSTC",189.306,"LCD (LED)",172.1,"N/A","Available",4.5,"KOGAN",74.52992125984252,"Other"
159584,"KOGAN","KAQL75XQ98GSTD",189.306,"LCD (LED)",172.1,"N/A","Available",4.5,"KOGAN",74.52992125984252,"Other"
159584,"KOGAN","KAQL75XQ98GSTE",189.306,"LCD (LED)",172.1,"N/A","Available",4.5,"KOGAN",74.52992125984252,"Other"
159584,"KOGAN","KAQL75XQ98GST*",189.306,"LCD (LED)",172.1,"N/A","Available",4.5,"KOGAN",74.52992125984252,"Other"
158215,"SAMSUNG ELECTRONICS","UA50DU8000W",125.736,"LCD (LED)",83,"N/A","Available",4.5,"SAMSUNG ELECTRONICS",49.50236220472441,"Other"
158215,"SAMSUNG ELECTRONICS","UA50DU8000S",125.736,"LCD (LED)",83,"N/A","Available",4.5,"SAMSUNG ELECTRONICS",49.50236220472441,"Other"
158215,"SAMSUNG ELECTRONICS","UA50DU8500S",125.736,"LCD (LED)",83,"N/A","Available",4.5,"SAMSUNG ELECTRONICS",49.50236220472441,"Other"
158215,"SAMSUNG ELECTRONICS","UA50DU8*00*",125.736,"LCD (LED)",83,"N/A","Available",4.5,"SAMSUNG ELECTRONICS",49.50236220472441,"Other"
159665,"TECO","LED58AUSRC",146.039,"LCD (LED)",86.5,"N/A","Available",5,"TECO",57.49566929133858,"Other"
159666,"TECO","LED43AUSRC",107.95,"LCD (LED)",52.9,"N/A","Available",5,"TECO",42.5,"Other"
159706,"AIWA","AWS400G",100.305,"LCD",46.8,"N/A","Available",5,"AIWA",39.49015748031496,"Other"
159710,"AIWA","AWS650G",163.829,"LCD",90.1,"N/A","Available",5.5,"AIWA",64.4996062992126,"65-inch"
159741,"Kogan","KAQL70W94QA",176.538,"LCD (LED)",142.43,"N/A","Available",5,"KOGAN",69.50314960629922,"Other"
159741,"Kogan","KAQL70W94QB",176.538,"LCD (LED)",142.43,"N/A","Available",5,"KOGAN",69.50314960629922,"Other"
159741,"Kogan","KAQL70W94QC",176.538,"LCD (LED)",142.43,"N/A","Available",5,"KOGAN",69.50314960629922,"Other"
159741,"Kogan","KAQL70W94QD",176.538,"LCD (LED)",142.43,"N/A","Available",5,"KOGAN",69.50314960629922,"Other"
159741,"Kogan","KAQL70W94QE",176.538,"LCD (LED)",142.43,"N/A","Available",5,"KOGAN",69.50314960629922,"Other"
159741,"Kogan","KAQL70W94QF",176.538,"LCD (LED)",142.43,"N/A","Available",5,"KOGAN",69.50314960629922,"Other"
159742,"SAMSUNG ELECTRONICS","UA98DU9000W",247.688,"LCD (LED)",332,"N/A","Available",4,"SAMSUNG ELECTRONICS",97.51496062992125,"Other"
159742,"SAMSUNG ELECTRONICS","UA98DU9000S",247.688,"LCD (LED)",332,"N/A","Available",4,"SAMSUNG ELECTRONICS",97.51496062992125,"Other"
159742,"SAMSUNG ELECTRONICS","UA98DU9000*",247.688,"LCD (LED)",332,"N/A","Available",4,"SAMSUNG ELECTRONICS",97.51496062992125,"Other"
159751,"EKO","K500UGT",125.725,"LCD",96.56,"N/A","Available",3.5,"EKO",49.49803149606299,"Other"
159778,"KOGAN","KAQL43XQ98GSVA",107.95,"LCD (LED)",87.66,"N/A","Available",3,"KOGAN",42.5,"Other"
159778,"KOGAN","KAQL43XQ98GSVB",107.95,"LCD (LED)",87.66,"N/A","Available",3,"KOGAN",42.5,"Other"
159778,"KOGAN","KAQL43XQ98GSVC",107.95,"LCD (LED)",87.66,"N/A","Available",3,"KOGAN",42.5,"Other"
159790,"EKO","K650UGT2",163.896,"LCD (LED)",132.27,"N/A","Available",4.5,"EKO",64.5259842519685,"65-inch"
159792,"TCL","43C655",107.95,"LCD (LED)",58.2,"7.0","Available",4.5,"TCL",42.5,"Other"
159804,"Linsar","LS40FHDNF23",100.332,"LCD (LED)",38.946,"N/A","Available",6,"LINSAR",39.5007874015748,"Other"
159811,"TCL","50C655",125.638,"LCD (LED)",58.4,"7.0","Available",4.5,"TCL",49.463779527559055,"Other"
159820,"TCL","55C655",138.711,"LCD (LED)",86.9,"7.0","Available",4.5,"TCL",54.61062992125985,"Other"
159827,"TCL","65C655",163.829,"LCD (LED)",106.6,"7.0","Available",5,"TCL",64.4996062992126,"65-inch"
159828,"TCL","75C655",189.306,"LCD (LED)",122,"7.0","Available",5.5,"TCL",74.52992125984252,"Other"
159830,"TCL","65C855",163.829,"LCD (LED)",176.1,"7.0","Available",3,"TCL",64.4996062992126,"65-inch"
159832,"TCL","75C855",189.306,"LCD (LED)",208.1,"7.0","Available",3,"TCL",74.52992125984252,"Other"
159833,"TCL","85C855",214.783,"LCD (LED)",212.4,"7.0","Available",4,"TCL",84.56023622047243,"Other"
159846,"TCL","98C855",247.604,"LCD (LED)",191.2,"7.0","Available",5.5,"TCL",97.48188976377953,"Other"
159848,"FFALCON","FF43U64",107.95,"LCD (LED)",41.8,"7.0","Available",6,"FFALCON",42.5,"Other"
159849,"FFALCON","FF50U64",125.638,"LCD (LED)",49.2,"7.0","Available",6,"FFALCON",49.463779527559055,"Other"
159850,"FFALCON","FF55U64",138.711,"LCD (LED)",58.4,"7.0","Available",6,"FFALCON",54.61062992125985,"Other"
159851,"FFALCON","FF65U64",163.829,"LCD (LED)",77.6,"7.0","Available",6,"FFALCON",64.4996062992126,"65-inch"
159853,"FFALCON","FF75U64",189.306,"LCD (LED)",111.2,"7.0","Available",6,"FFALCON",74.52992125984252,"Other"
159857,"LG","98QNED89TSA",247.695,"LCD (LED)",245.5,"N/A","Available",5,"LG",97.51771653543307,"Other"
159857,"LG","98QNED89T6A",247.695,"LCD (LED)",245.5,"N/A","Available",5,"LG",97.51771653543307,"Other"
159857,"LG","98QNED89TUA",247.695,"LCD (LED)",245.5,"N/A","Available",5,"LG",97.51771653543307,"Other"
159857,"LG","98QNED#####",247.695,"LCD (LED)",245.5,"N/A","Available",5,"LG",97.51771653543307,"Other"
159858,"SAMSUNG ELECTRONICS","QA77S90DAE",194.738,"LCD (LED)",175,"N/A","Available",5,"SAMSUNG ELECTRONICS",76.66850393700787,"Other"
159864,"SAMSUNG ELECTRONICS","QA83S90DAE",209.585,"LCD (LED)",217,"N/A","Available",4.5,"SAMSUNG ELECTRONICS",82.51377952755905,"Other"
159896,"SONY","K-55XR80",138.798,"OLED",100,"N/A","Available",4.5,"SONY",54.64488188976378,"Other"
159898,"SONY","K-65XR80",163.878,"OLED",117.9,"N/A","Available",5,"SONY",64.51889763779526,"65-inch"
159901,"LG","OLED65M46LA",163.896,"OLED",172,"N/A","Available",3.5,"LG",64.5259842519685,"65-inch"
159902,"LG","OLED77M46LA",194.738,"OLED",220,"N/A","Available",4,"LG",76.66850393700787,"Other"
159903,"LG","OLED83M46LA",209.585,"OLED",242,"N/A","Available",4,"LG",82.51377952755905,"Other"
159904,"LG","OLED97G4PSA",245.145,"OLED",219,"N/A","Available",6,"LG",96.51377952755905,"Other"
159905,"LG","OLED97M4PSA",245.145,"OLED",244,"N/A","Available",5.5,"LG",96.51377952755905,"Other"
159906,"LG","OLED97M46LA",245.145,"OLED",244,"N/A","Available",5.5,"LG",96.51377952755905,"Other"
156535,"EKO","K550UGT",138.798,"LCD",94.96,"N/A","Available",4.5,"EKO",54.64488188976378,"Other"
156535,"EKO","K550UGT2",138.798,"LCD",94.96,"N/A","Available",4.5,"EKO",54.64488188976378,"Other"
159914,"TCL","50C755",125.638,"LCD (LED)",91.4,"7.0","Available",3.5,"TCL",49.463779527559055,"Other"
159916,"TCL","55C755",138.711,"LCD (LED)",89.1,"7.0","Available",4.5,"TCL",54.61062992125985,"Other"
159918,"TCL","65C755",163.829,"LCD (LED)",105.7,"7.0","Available",5,"TCL",64.4996062992126,"65-inch"
159919,"TCL","75C755",189.306,"LCD (LED)",134.6,"7.0","Available",5,"TCL",74.52992125984252,"Other"
159920,"TCL","85C755",214.783,"LCD (LED)",148.2,"7.0","Available",5.5,"TCL",84.56023622047243,"Other"
159921,"TCL","98C755",247.604,"LCD (LED)",197.4,"7.0","Available",5.5,"TCL",97.48188976377953,"Other"
159933,"SONY","K-77XR80",194.726,"OLED",152.2,"N/A","Available",5.5,"SONY",76.66377952755906,"Other"
159961,"TCL","98C655",247.604,"LCD (LED)",226,"7.0","Available",5.5,"TCL",97.48188976377953,"Other"
159962,"LG","43UR761H0TA",107.987,"LCD (LED)",67,"N/A","Available",4,"LG",42.514566929133856,"Other"
159963,"LG","43UT90506LB",107.987,"LCD (LED)",67,"N/A","Available",4,"LG",42.514566929133856,"Other"
159964,"LG","50UT90506LB",125.727,"LCD (LED)",68,"N/A","Available",5.5,"LG",49.4988188976378,"Other"
159965,"LG","55UT90506LB",138.783,"LCD (LED)",91,"N/A","Available",5,"LG",54.63897637795275,"Other"
159966,"LG","65UT90506LB",163.897,"LCD (LED)",114,"N/A","Available",5,"LG",64.52637795275591,"65-inch"
159967,"LG","75UT90506LB",189.275,"LCD (LED)",126,"N/A","Available",6,"LG",74.51771653543307,"Other"
160037,"BLAUPUNKT","BP2400HDV7100",60.47,"LCD",25.3,"N/A","Available",4.5,"BLAUPUNKT",23.807086614173226,"Other"
160039,"BLAUPUNKT","BP24WOSDVD",60.47,"LCD",28.7,"N/A","Available",4,"BLAUPUNKT",23.807086614173226,"Other"
160040,"BLAUPUNKT","BP650USG9800",163.132,"LCD",94.65,"N/A","Available",6,"BLAUPUNKT",64.2251968503937,"65-inch"
160051,"BAUHN","ATV60UHDW-0824",152.663,"LCD",81.288,"N/A","Available",6,"BAUHN",60.10354330708662,"Other"
160009,"Yokohama","YTV240Z",59.774,"LCD (LED)",20.24,"8.0","Available",5.5,"YOKOHAMA",23.53307086614173,"Other"
160101,"Kogan","KAQL55W94QB",138.783,"LCD (LED)",111.7,"N/A","Available",4,"KOGAN",54.63897637795275,"Other"
160101,"Kogan","KAQL55W94QC",138.783,"LCD (LED)",111.7,"N/A","Available",4,"KOGAN",54.63897637795275,"Other"
160101,"Kogan","KAQL55W94QD",138.783,"LCD (LED)",111.7,"N/A","Available",4,"KOGAN",54.63897637795275,"Other"
160101,"Kogan","KAQL55W94QE",138.783,"LCD (LED)",111.7,"N/A","Available",4,"KOGAN",54.63897637795275,"Other"
160101,"Kogan","KAQL55W94QF",138.783,"LCD (LED)",111.7,"N/A","Available",4,"KOGAN",54.63897637795275,"Other"
160102,"Kogan","KAQL65W94QB",163.881,"LCD (LED)",150.64,"N/A","Available",4,"KOGAN",64.52007874015747,"65-inch"
160102,"Kogan","KAQL65W94QC",163.881,"LCD (LED)",150.64,"N/A","Available",4,"KOGAN",64.52007874015747,"65-inch"
160102,"Kogan","KAQL65W94QD",163.881,"LCD (LED)",150.64,"N/A","Available",4,"KOGAN",64.52007874015747,"65-inch"
160102,"Kogan","KAQL65W94QE",163.881,"LCD (LED)",150.64,"N/A","Available",4,"KOGAN",64.52007874015747,"65-inch"
160102,"Kogan","KAQL65W94QF",163.881,"LCD (LED)",150.64,"N/A","Available",4,"KOGAN",64.52007874015747,"65-inch"
160103,"Kogan","KAQL75W94QB",189.34,"LCD (LED)",187.1,"N/A","Available",4,"KOGAN",74.54330708661418,"Other"
160103,"Kogan","KAQL75W94QC",189.34,"LCD (LED)",187.1,"N/A","Available",4,"KOGAN",74.54330708661418,"Other"
160103,"Kogan","KAQL75W94QD",189.34,"LCD (LED)",187.1,"N/A","Available",4,"KOGAN",74.54330708661418,"Other"
160103,"Kogan","KAQL75W94QE",189.34,"LCD (LED)",187.1,"N/A","Available",4,"KOGAN",74.54330708661418,"Other"
160103,"Kogan","KAQL75W94QF",189.34,"LCD (LED)",187.1,"N/A","Available",4,"KOGAN",74.54330708661418,"Other"
160104,"Kogan","KAQL50W94QB",125.731,"LCD (LED)",101.23,"N/A","Available",3.5,"KOGAN",49.5003937007874,"Other"
160104,"Kogan","KAQL50W94QC",125.731,"LCD (LED)",101.23,"N/A","Available",3.5,"KOGAN",49.5003937007874,"Other"
160104,"Kogan","KAQL50W94QD",125.731,"LCD (LED)",101.23,"N/A","Available",3.5,"KOGAN",49.5003937007874,"Other"
160104,"Kogan","KAQL50W94QE",125.731,"LCD (LED)",101.23,"N/A","Available",3.5,"KOGAN",49.5003937007874,"Other"
160104,"Kogan","KAQL50W94QF",125.731,"LCD (LED)",101.23,"N/A","Available",3.5,"KOGAN",49.5003937007874,"Other"
160109,"AIWA","AWS650W",163.896,"LCD (LED)",115.94,"N/A","Available",4.5,"AIWA",64.5259842519685,"65-inch"
160114,"JVC","LT-50N7145AE",125.638,"LCD (LED)",47.5,"N/A","Available",6,"JVC",49.463779527559055,"Other"
160117,"THOMSON","STVLED43FHD-W",107.95,"LCD (LED)",49.14,"N/A","Available",5.5,"THOMSON",42.5,"Other"
160148,"CHiQ","U65G7PG",163.829,"LCD (LED)",90.1,"N/A","Available",5.5,"CHIQ",64.4996062992126,"65-inch"
160151,"SAMSUNG ELECTRONICS","BE43D-H",107.987,"LCD (LED)",68,"N/A","Available",4,"SAMSUNG ELECTRONICS",42.514566929133856,"Other"
160152,"SAMSUNG ELECTRONICS","BE50D-H",125.727,"LCD (LED)",71,"N/A","Available",5,"SAMSUNG ELECTRONICS",49.4988188976378,"Other"
160153,"SAMSUNG ELECTRONICS","BE55D-H",138.783,"LCD (LED)",79,"N/A","Available",5.5,"SAMSUNG ELECTRONICS",54.63897637795275,"Other"
160154,"SAMSUNG ELECTRONICS","BE65D-H",163.897,"LCD (LED)",114,"N/A","Available",5,"SAMSUNG ELECTRONICS",64.52637795275591,"65-inch"
160155,"SAMSUNG ELECTRONICS","BE75D-H",189.338,"LCD (LED)",137,"N/A","Available",5.5,"SAMSUNG ELECTRONICS",74.54251968503937,"Other"
160179,"BLAUPUNKT","BP50WOS3",125.731,"LCD (LED)",94.37,"N/A","Available",3,"BLAUPUNKT",49.5003937007874,"Other"
160180,"BLAUPUNKT","BP70WOS3",176.538,"LCD (LED)",128.9,"N/A","Available",4.5,"BLAUPUNKT",69.50314960629922,"Other"
160194,"SAMSUNG ELECTRONICS","BE85D-H",214.783,"LCD (LED)",143,"N/A","Available",6,"SAMSUNG ELECTRONICS",84.56023622047243,"Other"
160257,"TECO","LED24AHSRC",59.774,"LCD (LED)",16.2,"N/A","Available",6,"TECO",23.53307086614173,"Other"
160266,"SAMSUNG ELECTRONICS","QA43LS01DAW",107.987,"LCD (LED)",79,"N/A","Available",3.5,"SAMSUNG ELECTRONICS",42.514566929133856,"Other"
160266,"SAMSUNG ELECTRONICS","QA43LS01DAS",107.987,"LCD (LED)",79,"N/A","Available",3.5,"SAMSUNG ELECTRONICS",42.514566929133856,"Other"
160266,"SAMSUNG ELECTRONICS","QA43LS01DA*",107.987,"LCD (LED)",79,"N/A","Available",3.5,"SAMSUNG ELECTRONICS",42.514566929133856,"Other"
160267,"SAMSUNG ELECTRONICS","QA55LS01DAW",138.783,"LCD (LED)",89,"N/A","Available",5,"SAMSUNG ELECTRONICS",54.63897637795275,"Other"
160267,"SAMSUNG ELECTRONICS","QA55LS01DAS",138.783,"LCD (LED)",89,"N/A","Available",5,"SAMSUNG ELECTRONICS",54.63897637795275,"Other"
160267,"SAMSUNG ELECTRONICS","QA55LS01DA*",138.783,"LCD (LED)",89,"N/A","Available",5,"SAMSUNG ELECTRONICS",54.63897637795275,"Other"
160274,"SAMSUNG ELECTRONICS","QA65LS01DAW",163.897,"LCD (LED)",126,"N/A","Available",5,"SAMSUNG ELECTRONICS",64.52637795275591,"65-inch"
160274,"SAMSUNG ELECTRONICS","QA65LS01DAS",163.897,"LCD (LED)",126,"N/A","Available",5,"SAMSUNG ELECTRONICS",64.52637795275591,"65-inch"
160274,"SAMSUNG ELECTRONICS","QA65LS01DA*",163.897,"LCD (LED)",126,"N/A","Available",5,"SAMSUNG ELECTRONICS",64.52637795275591,"65-inch"
160282,"TECO","LED32AHSRC",80.054,"LCD (LED)",26.3,"N/A","Available",6,"TECO",31.517322834645668,"32-inch"
160314,"Sylvox","RT27R2KECA",68.642,"LCD",15.3,"N/A","Available",7,"SYLVOX",27.024409448818897,"Other"
159235,"HISENSE","55U7N series",138.783,"LCD (LED)",91.26,"N/A","Available",4.5,"HISENSE",54.63897637795275,"Other"
160319,"LG","32LT340CBTB",80.043,"LCD (LED)",25.5,"N/A","Available",6,"LG",31.512992125984255,"32-inch"
160333,"Kogan","KALED50R95TA",125.725,"LCD (LED)",66.8,"N/A","Available",5,"KOGAN",49.49803149606299,"Other"
160333,"Kogan","KALED50R95TB",125.725,"LCD (LED)",66.8,"N/A","Available",5,"KOGAN",49.49803149606299,"Other"
160333,"Kogan","KALED50R95TC",125.725,"LCD (LED)",66.8,"N/A","Available",5,"KOGAN",49.49803149606299,"Other"
160333,"Kogan","KALED50R95TD",125.725,"LCD (LED)",66.8,"N/A","Available",5,"KOGAN",49.49803149606299,"Other"
160333,"Kogan","KALED50R95TE",125.725,"LCD (LED)",66.8,"N/A","Available",5,"KOGAN",49.49803149606299,"Other"
160334,"Kogan","KALED65R95TA",163.829,"LCD (LED)",94.2,"N/A","Available",6,"KOGAN",64.4996062992126,"65-inch"
160334,"Kogan","KALED65R95TB",163.829,"LCD (LED)",94.2,"N/A","Available",6,"KOGAN",64.4996062992126,"65-inch"
160334,"Kogan","KALED65R95TC",163.829,"LCD (LED)",94.2,"N/A","Available",6,"KOGAN",64.4996062992126,"65-inch"
160334,"Kogan","KALED65R95TD",163.829,"LCD (LED)",94.2,"N/A","Available",6,"KOGAN",64.4996062992126,"65-inch"
160334,"Kogan","KALED65R95TE",163.829,"LCD (LED)",94.2,"N/A","Available",6,"KOGAN",64.4996062992126,"65-inch"
160335,"Kogan","KALED75R95TA",189.306,"LCD (LED)",109.4,"N/A","Available",6,"KOGAN",74.52992125984252,"Other"
160335,"Kogan","KALED75R95TB",189.306,"LCD (LED)",109.4,"N/A","Available",6,"KOGAN",74.52992125984252,"Other"
160335,"Kogan","KALED75R95TC",189.306,"LCD (LED)",109.4,"N/A","Available",6,"KOGAN",74.52992125984252,"Other"
160335,"Kogan","KALED75R95TD",189.306,"LCD (LED)",109.4,"N/A","Available",6,"KOGAN",74.52992125984252,"Other"
160335,"Kogan","KALED75R95TE",189.306,"LCD (LED)",109.4,"N/A","Available",6,"KOGAN",74.52992125984252,"Other"
160336,"Kogan","KALED55R95TA",138.711,"LCD (LED)",70.8,"N/A","Available",5.5,"KOGAN",54.61062992125985,"Other"
160336,"Kogan","KALED55R95TB",138.711,"LCD (LED)",70.8,"N/A","Available",5.5,"KOGAN",54.61062992125985,"Other"
160336,"Kogan","KALED55R95TC",138.711,"LCD (LED)",70.8,"N/A","Available",5.5,"KOGAN",54.61062992125985,"Other"
160336,"Kogan","KALED55R95TD",138.711,"LCD (LED)",70.8,"N/A","Available",5.5,"KOGAN",54.61062992125985,"Other"
160336,"Kogan","KALED55R95TE",138.711,"LCD (LED)",70.8,"N/A","Available",5.5,"KOGAN",54.61062992125985,"Other"
160381,"Kogan","KALED32R95TA",79.967,"LCD (LED)",22.9,"N/A","Available",6,"KOGAN",31.48307086614173,"32-inch"
160381,"Kogan","KALED32R95TB",79.967,"LCD (LED)",22.9,"N/A","Available",6,"KOGAN",31.48307086614173,"32-inch"
160381,"Kogan","KALED32R95TC",79.967,"LCD (LED)",22.9,"N/A","Available",6,"KOGAN",31.48307086614173,"32-inch"
160381,"Kogan","KALED32R95TD",79.967,"LCD (LED)",22.9,"N/A","Available",6,"KOGAN",31.48307086614173,"32-inch"
160381,"Kogan","KALED32R95TE",79.967,"LCD (LED)",22.9,"N/A","Available",6,"KOGAN",31.48307086614173,"32-inch"
160385,"SAMSUNG ELECTRONICS","QA50LS01DAS",125.727,"LCD (LED)",93,"N/A","Available",4,"SAMSUNG ELECTRONICS",49.4988188976378,"Other"
160387,"Kogan","KALED40R95TA",100.305,"LCD (LED)",36.5,"N/A","Available",6,"KOGAN",39.49015748031496,"Other"
160387,"Kogan","KALED40R95TB",100.305,"LCD (LED)",36.5,"N/A","Available",6,"KOGAN",39.49015748031496,"Other"
160387,"Kogan","KALED40R95TC",100.305,"LCD (LED)",36.5,"N/A","Available",6,"KOGAN",39.49015748031496,"Other"
160387,"Kogan","KALED40R95TD",100.305,"LCD (LED)",36.5,"N/A","Available",6,"KOGAN",39.49015748031496,"Other"
160387,"Kogan","KALED40R95TE",100.305,"LCD (LED)",36.5,"N/A","Available",6,"KOGAN",39.49015748031496,"Other"
160391,"Kogan","KALED43R95TA",107.863,"LCD (LED)",52.9,"N/A","Available",5,"KOGAN",42.46574803149606,"Other"
160391,"Kogan","KALED43R95TB",107.863,"LCD (LED)",52.9,"N/A","Available",5,"KOGAN",42.46574803149606,"Other"
160391,"Kogan","KALED43R95TC",107.863,"LCD (LED)",52.9,"N/A","Available",5,"KOGAN",42.46574803149606,"Other"
160391,"Kogan","KALED43R95TD",107.863,"LCD (LED)",52.9,"N/A","Available",5,"KOGAN",42.46574803149606,"Other"
160391,"Kogan","KALED43R95TE",107.863,"LCD (LED)",52.9,"N/A","Available",5,"KOGAN",42.46574803149606,"Other"
160333,"Kogan","KALED50R95T*",125.725,"LCD (LED)",66.8,"N/A","Available",5,"KOGAN",49.49803149606299,"Other"
160334,"Kogan","KALED65R95T*",163.829,"LCD (LED)",94.2,"N/A","Available",6,"KOGAN",64.4996062992126,"65-inch"
160335,"Kogan","KALED75R95T*",189.306,"LCD (LED)",109.4,"N/A","Available",6,"KOGAN",74.52992125984252,"Other"
160336,"Kogan","KALED55R95T*",138.711,"LCD (LED)",70.8,"N/A","Available",5.5,"KOGAN",54.61062992125985,"Other"
160391,"Kogan","KALED43R95T*",107.863,"LCD (LED)",52.9,"N/A","Available",5,"KOGAN",42.46574803149606,"Other"
160387,"Kogan","KALED40R95T*",100.305,"LCD (LED)",36.5,"N/A","Available",6,"KOGAN",39.49015748031496,"Other"
160381,"Kogan","KALED32R95T*",79.967,"LCD (LED)",22.9,"N/A","Available",6,"KOGAN",31.48307086614173,"32-inch"
156876,"EKO","K65USW2",163.896,"LCD",111.438,"N/A","Available",5.5,"EKO",64.5259842519685,"65-inch"
156876,"EKO","K65USW3",163.896,"LCD",111.438,"N/A","Available",5.5,"EKO",64.5259842519685,"65-inch"
156874,"EKO","K55USW2",138.783,"LCD",82.242,"N/A","Available",5.5,"EKO",54.63897637795275,"Other"
156874,"EKO","K55USW3",138.783,"LCD",82.242,"N/A","Available",5.5,"EKO",54.63897637795275,"Other"
160490,"Kogan","KAQL65MQ9TA",165.513,"LCD (LED)",136.1,"N/A","Available",4.5,"KOGAN",65.16259842519685,"65-inch"
160490,"Kogan","KAQL65MQ9TB",165.513,"LCD (LED)",136.1,"N/A","Available",4.5,"KOGAN",65.16259842519685,"65-inch"
160490,"Kogan","KAQL65MQ9TC",165.513,"LCD (LED)",136.1,"N/A","Available",4.5,"KOGAN",65.16259842519685,"65-inch"
160490,"Kogan","KAQL65MQ9TD",165.513,"LCD (LED)",136.1,"N/A","Available",4.5,"KOGAN",65.16259842519685,"65-inch"
160490,"Kogan","KAQL65MQ9TE",165.513,"LCD (LED)",136.1,"N/A","Available",4.5,"KOGAN",65.16259842519685,"65-inch"
160490,"Kogan","KAQL65MQ9T*",165.513,"LCD (LED)",136.1,"N/A","Available",4.5,"KOGAN",65.16259842519685,"65-inch"
160504,"JVC","LT-32ND35AS",80.039,"LCD (LED)",36.9,"N/A","Available",4.5,"JVC",31.511417322834646,"32-inch"
160542,"TOSHIBA","43C350NP",107.954,"LCD (LED)",59.91,"N/A","Available",4.5,"TOSHIBA",42.5015748031496,"Other"
160543,"TOSHIBA","50C350NP",125.731,"LCD (LED)",61.1,"N/A","Available",5.5,"TOSHIBA",49.5003937007874,"Other"
160544,"TOSHIBA","55C350NP",138.783,"LCD (LED)",63.7,"N/A","Available",6,"TOSHIBA",54.63897637795275,"Other"
160545,"TOSHIBA","65C350NP",163.829,"LCD (LED)",89.74,"N/A","Available",6,"TOSHIBA",64.4996062992126,"65-inch"
160546,"TOSHIBA","75C350NP",189.34,"LCD (LED)",95.06,"N/A","Available",7,"TOSHIBA",74.54330708661418,"Other"
160557,"TOSHIBA","85C350NP",214.783,"LCD (LED)",150.59,"N/A","Available",6,"TOSHIBA",84.56023622047243,"Other"
160616,"TECO","LED70AUSRC",176.537,"LCD (LED)",135.9,"N/A","Available",5,"TECO",69.50275590551182,"Other"
160618,"EKO","K70USW3",176.538,"LCD (LED)",161,"N/A","Available",4,"EKO",69.50314960629922,"Other"
160621,"Sylvox","KT16A0KOGA",39.487,"LCD (LED)",15.1,"N/A","Available",4.5,"SYLVOX",15.546062992125984,"Other"
160645,"JVC","LT-40N5155A",100.332,"LCD (LED)",48.76,"N/A","Available",4.5,"JVC",39.5007874015748,"Other"
159056,"SAMSUNG ELECTRONICS","UA43DU7000S",107.987,"LCD (LED)",68,"N/A","Available",4,"SAMSUNG ELECTRONICS",42.514566929133856,"Other"
159056,"SAMSUNG ELECTRONICS","UA43DU7700S",107.987,"LCD (LED)",68,"N/A","Available",4,"SAMSUNG ELECTRONICS",42.514566929133856,"Other"
159056,"SAMSUNG ELECTRONICS","UA43DU7700W",107.987,"LCD (LED)",68,"N/A","Available",4,"SAMSUNG ELECTRONICS",42.514566929133856,"Other"
159056,"SAMSUNG ELECTRONICS","UA43DU7*00*",107.987,"LCD (LED)",68,"N/A","Available",4,"SAMSUNG ELECTRONICS",42.514566929133856,"Other"
159006,"SAMSUNG ELECTRONICS","QA65QE1DAS",163.897,"LCD (LED)",103,"N/A","Available",5.5,"SAMSUNG ELECTRONICS",64.52637795275591,"65-inch"
159006,"SAMSUNG ELECTRONICS","QA65QE1DA*",163.897,"LCD (LED)",103,"N/A","Available",5.5,"SAMSUNG ELECTRONICS",64.52637795275591,"65-inch"
159006,"SAMSUNG ELECTRONICS","QA65QE1DAW",163.897,"LCD (LED)",103,"N/A","Available",5.5,"SAMSUNG ELECTRONICS",64.52637795275591,"65-inch"
160729,"JVC","JV100A5D",252.79,"LCD (LED)",295.9,"7.0","Available",4.5,"JVC",99.52362204724409,"Other"
160785,"JVC","LT-65N7115A11E",163.829,"LCD (LED)",104.2,"N/A","Available",5.5,"JVC",64.4996062992126,"65-inch"
160788,"EKO","K650UGT2",163.896,"LCD (LED)",108.132,"N/A","Available",5,"EKO",64.5259842519685,"65-inch"
160808,"Hubbl","LT065A-04-FXTL",163.897,"LCD (LED)",64.71,"N/A","Available",7,"HUBBL",64.52637795275591,"65-inch"
160817,"SYLVOX","RT40G3KOFA",100.353,"LCD",24.48,"N/A","Available",8,"SYLVOX",39.50905511811023,"Other"
160834,"CHiQ","U70M9Q",176.539,"LCD (LED)",123.6,"N/A","Available",5.5,"CHIQ",69.5035433070866,"Other"
160850,"TCL","115X955 Max",290.719,"LCD (LED)",600,"7.0","Available",2,"TCL",114.45629921259842,"Other"
160854,"CHiQ","L32G7KPG",80.043,"LCD (LED)",23.3,"N/A","Available",5.5,"CHIQ",31.512992125984255,"32-inch"
153313,"EKO","K420FAT",105.348,"LCD",48.96,"N/A","Available",5.5,"EKO",41.4755905511811,"Other"
153313,"EKO","K420FSG",105.348,"LCD",48.96,"N/A","Available",5.5,"EKO",41.4755905511811,"Other"
160920,"BLAUPUNKT","BP750USG9800",189.34,"LCD (LED)",158,"N/A","Available",4.5,"BLAUPUNKT",74.54330708661418,"Other"
160933,"EKO","K70USW3",176.538,"LCD (LED)",128.9,"N/A","Available",4.5,"EKO",69.50314960629922,"Other"
160979,"AIWA","AWC240G",59.774,"LCD (LED)",19.8,"N/A","Available",5,"AIWA",23.53307086614173,"Other"
160985,"HISENSE","85U7NAU",214.783,"LCD (LED)",204.59,"N/A","Available",4.5,"HISENSE",84.56023622047243,"Other"
160985,"HISENSE","85U7NNZ",214.783,"LCD (LED)",204.59,"N/A","Available",4.5,"HISENSE",84.56023622047243,"Other"
160985,"HISENSE","85U7N series",214.783,"LCD (LED)",204.59,"N/A","Available",4.5,"HISENSE",84.56023622047243,"Other"
161017,"Blaupunkt","BP650USG9800",163.896,"LCD (LED)",108.132,"N/A","Available",5,"BLAUPUNKT",64.5259842519685,"65-inch"
161047,"TELEFUNKEN","TL24HSWDTA",60.47,"LCD",28.7,"N/A","Available",4,"TELEFUNKEN",23.807086614173226,"Other"
161060,"EKO","K430FGT",107.825,"LCD (LED)",50.67,"N/A","Available",5,"EKO",42.4507874015748,"Other"
161084,"BLAUPUNKT","BP500USG9800",125.731,"LCD (LED)",91,"N/A","Available",3.5,"BLAUPUNKT",49.5003937007874,"Other"
161085,"BLAUPUNKT","BP650USG9900",165.633,"LCD (LED)",120,"N/A","Available",4.5,"BLAUPUNKT",65.20984251968504,"65-inch"
159148,"BAUHN","ATV32HDW-0424",80.043,"LCD (LED)",27.2,"N/A","Available",6,"BAUHN",31.512992125984255,"32-inch"
159148,"BAUHN","ATV32HDW-0824",80.043,"LCD (LED)",27.2,"N/A","Available",6,"BAUHN",31.512992125984255,"32-inch"
159148,"BAUHN","ATV32HDW-****",80.043,"LCD (LED)",27.2,"N/A","Available",6,"BAUHN",31.512992125984255,"32-inch"
159148,"BAUHN","ATV32HDW-0624",80.043,"LCD (LED)",27.2,"N/A","Available",6,"BAUHN",31.512992125984255,"32-inch"
161103,"AIWA","AWS500W",125.731,"LCD (LED)",57.2,"N/A","Available",6,"AIWA",49.5003937007874,"Other"
161124,"BLAUPUNKT","BP430FSG9800",107.825,"LCD (LED)",50.67,"N/A","Available",5,"BLAUPUNKT",42.4507874015748,"Other"
161139,"BLAUPUNKT","BP550USG9800",138.783,"LCD",75.18,"N/A","Available",5.5,"BLAUPUNKT",54.63897637795275,"Other"
161150,"BLAUPUNKT","BP400FSG9800",100.332,"LCD (LED)",41,"N/A","Available",5,"BLAUPUNKT",39.5007874015748,"Other"
161192,"SAMSUNG ELECTRONICS","QA55LST7DAW",138.783,"LCD (LED)",206,"N/A","Available",1,"SAMSUNG ELECTRONICS",54.63897637795275,"Other"
161192,"SAMSUNG ELECTRONICS","QA55LST7DAS",138.783,"LCD (LED)",206,"N/A","Available",1,"SAMSUNG ELECTRONICS",54.63897637795275,"Other"
161192,"SAMSUNG ELECTRONICS","QA55LST7DA*",138.783,"LCD (LED)",206,"N/A","Available",1,"SAMSUNG ELECTRONICS",54.63897637795275,"Other"
161213,"TELEFUNKEN","TL320GQ",80.131,"LCD (LED)",32.5,"N/A","Available",5,"TELEFUNKEN",31.54763779527559,"32-inch"
161247,"Kogan","KAQL75MQ9TA",189.306,"LCD (LED)",145.4,"N/A","Available",5,"KOGAN",74.52992125984252,"Other"
161247,"Kogan","KAQL75MQ9TB",189.306,"LCD (LED)",145.4,"N/A","Available",5,"KOGAN",74.52992125984252,"Other"
161247,"Kogan","KAQL75MQ9TC",189.306,"LCD (LED)",145.4,"N/A","Available",5,"KOGAN",74.52992125984252,"Other"
161247,"Kogan","KAQL75MQ9TD",189.306,"LCD (LED)",145.4,"N/A","Available",5,"KOGAN",74.52992125984252,"Other"
161247,"Kogan","KAQL75MQ9TE",189.306,"LCD (LED)",145.4,"N/A","Available",5,"KOGAN",74.52992125984252,"Other"
161247,"Kogan","KAQL75MQ9T*",189.306,"LCD (LED)",145.4,"N/A","Available",5,"KOGAN",74.52992125984252,"Other"
161254,"BLAUPUNKT","BP32WOSDVD",80.039,"LCD (LED)",33.5,"N/A","Available",5,"BLAUPUNKT",31.511417322834646,"32-inch"
161317,"Panasonic","TV-42Z85AGZ",105.52,"OLED",73,"6.0","Available",3.5,"PANASONIC",41.54330708661417,"Other"
161318,"Panasonic","TV-48Z85AGZ",120.703,"OLED",84,"7.0","Available",4,"PANASONIC",47.520866141732284,"Other"
161333,"Panasonic","TV-55Z85AGZ",138.818,"OLED",103,"7.0","Available",4.5,"PANASONIC",54.65275590551182,"Other"
161335,"Panasonic","TV-65Z85AGZ",163.853,"OLED",140,"7.0","Available",4.5,"PANASONIC",64.50905511811024,"65-inch"
161338,"Panasonic","TV-55Z95AGZ",138.818,"OLED",122,"6.0","Available",3.5,"PANASONIC",54.65275590551182,"Other"
161342,"Panasonic","TV-65Z95AGZ",163.853,"OLED",146,"7.0","Available",4,"PANASONIC",64.50905511811024,"65-inch"
161347,"Panasonic","TV-77Z93AGZ",194.712,"OLED",170,"8.0","Available",5,"PANASONIC",76.65826771653543,"Other"
161449,"EKO","K550UGT2",138.783,"LCD",75.18,"N/A","Available",5.5,"EKO",54.63897637795275,"Other"
161493,"LG","32LN660HBSD",80.043,"LCD (LED)",24,"N/A","Available",6,"LG",31.512992125984255,"32-inch"
161547,"TELEFUNKEN","TL55QGG",138.783,"LCD (LED)",103,"N/A","Available",4.5,"TELEFUNKEN",54.63897637795275,"Other"
161603,"Kogan","KAOD48X98JSTA",120.719,"OLED",80.3,"N/A","Available",4,"KOGAN",47.527165354330705,"Other"
161603,"Kogan","KAOD48X98JSTB",120.719,"OLED",80.3,"N/A","Available",4,"KOGAN",47.527165354330705,"Other"
161603,"Kogan","KAOD48X98JSTC",120.719,"OLED",80.3,"N/A","Available",4,"KOGAN",47.527165354330705,"Other"
161603,"Kogan","KAOD48X98JSTD",120.719,"OLED",80.3,"N/A","Available",4,"KOGAN",47.527165354330705,"Other"
161603,"Kogan","KAOD48X98JSTE",120.719,"OLED",80.3,"N/A","Available",4,"KOGAN",47.527165354330705,"Other"
161603,"Kogan","KAOD48X98JST*",120.719,"OLED",80.3,"N/A","Available",4,"KOGAN",47.527165354330705,"Other"
161688,"SVISION","SV43FWOS",107.953,"LCD",40.1,"N/A","Available",6,"SVISION",42.5011811023622,"Other"
161755,"BLAUPUNKT","BP100WOSQ",247.695,"LCD (LED)",350,"N/A","Available",4,"BLAUPUNKT",97.51771653543307,"Other"
161761,"HISENSE","55U6NAU",138.783,"LCD (LED)",79.98,"N/A","Available",5,"HISENSE",54.63897637795275,"Other"
161761,"HISENSE","55U6NNZ",138.783,"LCD (LED)",79.98,"N/A","Available",5,"HISENSE",54.63897637795275,"Other"
161762,"HISENSE","65U6NAU",163.896,"LCD (LED)",99.95,"N/A","Available",5.5,"HISENSE",64.5259842519685,"65-inch"
161762,"HISENSE","65U6NNZ",163.896,"LCD (LED)",99.95,"N/A","Available",5.5,"HISENSE",64.5259842519685,"65-inch"
161763,"HISENSE","75U6NAU",189.34,"LCD (LED)",133.76,"N/A","Available",5.5,"HISENSE",74.54330708661418,"Other"
161763,"HISENSE","75U6NNZ",189.34,"LCD (LED)",133.76,"N/A","Available",5.5,"HISENSE",74.54330708661418,"Other"
161764,"HISENSE","85U6NAU",214.783,"LCD (LED)",189.93,"N/A","Available",5,"HISENSE",84.56023622047243,"Other"
161764,"HISENSE","85U6NNZ",214.783,"LCD (LED)",189.93,"N/A","Available",5,"HISENSE",84.56023622047243,"Other"
161761,"HISENSE","55U6N series",138.783,"LCD (LED)",79.98,"N/A","Available",5,"HISENSE",54.63897637795275,"Other"
161762,"HISENSE","65U6N series",163.896,"LCD (LED)",99.95,"N/A","Available",5.5,"HISENSE",64.5259842519685,"65-inch"
161763,"HISENSE","75U6N series",189.34,"LCD (LED)",133.76,"N/A","Available",5.5,"HISENSE",74.54330708661418,"Other"
161764,"HISENSE","85U6N series",214.783,"LCD (LED)",189.93,"N/A","Available",5,"HISENSE",84.56023622047243,"Other"
161767,"HISENSE","43Q6NAU",107.95,"LCD (LED)",55.02,"N/A","Available",4.5,"HISENSE",42.5,"Other"
161767,"HISENSE","43Q6NNZ",107.95,"LCD (LED)",55.02,"N/A","Available",4.5,"HISENSE",42.5,"Other"
161768,"HISENSE","50Q6NAU",125.731,"LCD (LED)",55.49,"N/A","Available",6,"HISENSE",49.5003937007874,"Other"
161768,"HISENSE","50Q6NNZ",125.731,"LCD (LED)",55.49,"N/A","Available",6,"HISENSE",49.5003937007874,"Other"
161769,"HISENSE","55Q6NAU",138.783,"LCD (LED)",59.97,"N/A","Available",6,"HISENSE",54.63897637795275,"Other"
161769,"HISENSE","55Q6NNZ",138.783,"LCD (LED)",59.97,"N/A","Available",6,"HISENSE",54.63897637795275,"Other"
161770,"HISENSE","65Q6NAU",163.896,"LCD (LED)",90.42,"N/A","Available",6,"HISENSE",64.5259842519685,"65-inch"
161770,"HISENSE","65Q6NNZ",163.896,"LCD (LED)",90.42,"N/A","Available",6,"HISENSE",64.5259842519685,"65-inch"
161771,"HISENSE","75Q6NAU",189.34,"LCD (LED)",120.56,"N/A","Available",6,"HISENSE",74.54330708661418,"Other"
161771,"HISENSE","75Q6NNZ",189.34,"LCD (LED)",120.56,"N/A","Available",6,"HISENSE",74.54330708661418,"Other"
161772,"HISENSE","85Q6NAU",214.783,"LCD (LED)",172.13,"N/A","Available",5.5,"HISENSE",84.56023622047243,"Other"
161772,"HISENSE","85Q6NNZ",214.783,"LCD (LED)",172.13,"N/A","Available",5.5,"HISENSE",84.56023622047243,"Other"
161802,"SAMSUNG ELECTRONICS","QA65LST7DAW",163.897,"LCD (LED)",260,"N/A","Available",1.5,"SAMSUNG ELECTRONICS",64.52637795275591,"65-inch"
161802,"SAMSUNG ELECTRONICS","QA65LST7DAS",163.897,"LCD (LED)",260,"N/A","Available",1.5,"SAMSUNG ELECTRONICS",64.52637795275591,"65-inch"
161802,"SAMSUNG ELECTRONICS","QA65LST7DA*",163.897,"LCD (LED)",260,"N/A","Available",1.5,"SAMSUNG ELECTRONICS",64.52637795275591,"65-inch"
161804,"SAMSUNG ELECTRONICS","QA75LST7DAW",189.338,"LCD (LED)",322,"N/A","Available",2,"SAMSUNG ELECTRONICS",74.54251968503937,"Other"
161804,"SAMSUNG ELECTRONICS","QA75LST7DAS",189.338,"LCD (LED)",322,"N/A","Available",2,"SAMSUNG ELECTRONICS",74.54251968503937,"Other"
161804,"SAMSUNG ELECTRONICS","QA75LST7DA*",189.338,"LCD (LED)",322,"N/A","Available",2,"SAMSUNG ELECTRONICS",74.54251968503937,"Other"
161837,"WINTAL","19LED19HD",47.013,"LCD (LED)",19.4,"N/A","Available",4,"WINTAL",18.509055118110236,"Other"
161849,"AIWA","AWC320G",80.054,"LCD (LED)",28.6,"N/A","Available",5.5,"AIWA",31.517322834645668,"32-inch"
161867,"Kogan","KAOD55X98JSTA",138.783,"OLED",88.3,"N/A","Available",4.5,"KOGAN",54.63897637795275,"Other"
161867,"Kogan","KAOD55X98JSTB",138.783,"OLED",88.3,"N/A","Available",4.5,"KOGAN",54.63897637795275,"Other"
161867,"Kogan","KAOD55X98JSTC",138.783,"OLED",88.3,"N/A","Available",4.5,"KOGAN",54.63897637795275,"Other"
161867,"Kogan","KAOD55X98JSTD",138.783,"OLED",88.3,"N/A","Available",4.5,"KOGAN",54.63897637795275,"Other"
161867,"Kogan","KAOD55X98JSTE",138.783,"OLED",88.3,"N/A","Available",4.5,"KOGAN",54.63897637795275,"Other"
161867,"Kogan","KAOD55X98JST*",138.783,"OLED",88.3,"N/A","Available",4.5,"KOGAN",54.63897637795275,"Other"
162012,"Sylvox","KT16K0KOGA",39.487,"LCD (LED)",14.7,"N/A","Available",4.5,"SYLVOX",15.546062992125984,"Other"
162059,"TCL","85C745 Pro",214.783,"LCD (LED)",160.8,"7.0","Available",5,"TCL",84.56023622047243,"Other"
161820,"KOGAN","KALED19PRIZE",47.013,"LCD",15.8718,"N/A","Available",5,"KOGAN",18.509055118110236,"Other"
161767,"HISENSE","43Q6N series",107.95,"LCD (LED)",55.02,"N/A","Available",4.5,"HISENSE",42.5,"Other"
161768,"HISENSE","50Q6N series",125.731,"LCD (LED)",55.49,"N/A","Available",6,"HISENSE",49.5003937007874,"Other"
161770,"HISENSE","65Q6N series",163.896,"LCD (LED)",90.42,"N/A","Available",6,"HISENSE",64.5259842519685,"65-inch"
161771,"HISENSE","75Q6N series",189.34,"LCD (LED)",120.56,"N/A","Available",6,"HISENSE",74.54330708661418,"Other"
161772,"HISENSE","85Q6N series",214.783,"LCD (LED)",172.13,"N/A","Available",5.5,"HISENSE",84.56023622047243,"Other"
162078,"TOSHIBA","55Z870NP",138.783,"LCD (LED)",106.46,"N/A","Available",4,"TOSHIBA",54.63897637795275,"Other"
162079,"TOSHIBA","65Z870NP",163.896,"LCD (LED)",157.4,"N/A","Available",3.5,"TOSHIBA",64.5259842519685,"65-inch"
162080,"TOSHIBA","75Z870NP",189.34,"LCD (LED)",169.46,"N/A","Available",4.5,"TOSHIBA",74.54330708661418,"Other"
162081,"TOSHIBA","85Z870NP",214.783,"LCD (LED)",236.68,"N/A","Available",4,"TOSHIBA",84.56023622047243,"Other"
162082,"TOSHIBA","100Z670NP",252.784,"LCD (LED)",264.81,"N/A","Available",5,"TOSHIBA",99.52125984251968,"Other"
162085,"BAUHN","ATV70UHDW-0624",176.555,"LCD (LED)",109.038,"N/A","Available",6,"BAUHN",69.50984251968504,"Other"
161769,"HISENSE","55Q6N series",138.783,"LCD (LED)",59.97,"N/A","Available",6,"HISENSE",54.63897637795275,"Other"
162156,"BLAUPUNKT","BP850WOSQ",214.783,"LCD",257.2,"N/A","Available",3.5,"BLAUPUNKT",84.56023622047243,"Other"
162190,"KOGAN","KALED55U94VA",138.711,"LCD (LED)",73.6,"N/A","Available",4.5,"KOGAN",54.61062992125985,"Other"
162190,"KOGAN","KALED55U94VB",138.711,"LCD (LED)",73.6,"N/A","Available",4.5,"KOGAN",54.61062992125985,"Other"
162190,"KOGAN","KALED55U94VC",138.711,"LCD (LED)",73.6,"N/A","Available",4.5,"KOGAN",54.61062992125985,"Other"
162190,"KOGAN","KALED55U94V Series",138.711,"LCD (LED)",73.6,"N/A","Available",4.5,"KOGAN",54.61062992125985,"Other"
162206,"SVISION","SVU50WOS",125.731,"LCD",85.767,"N/A","Available",4.5,"SVISION",49.5003937007874,"Other"
162209,"BLAUPUNKT","BP85WOS2",214.696,"LCD (LED)",197.27,"N/A","Available",5,"BLAUPUNKT",84.5259842519685,"Other"
162230,"Kogan","KALED55T96QA",138.783,"LCD (LED)",115,"N/A","Available",4,"KOGAN",54.63897637795275,"Other"
162230,"Kogan","KALED55T96QB",138.783,"LCD (LED)",115,"N/A","Available",4,"KOGAN",54.63897637795275,"Other"
162230,"Kogan","KALED55T96QC",138.783,"LCD (LED)",115,"N/A","Available",4,"KOGAN",54.63897637795275,"Other"
162230,"Kogan","KAQL55T96QA",138.783,"LCD (LED)",115,"N/A","Available",4,"KOGAN",54.63897637795275,"Other"
162230,"Kogan","KAQL55T96QB",138.783,"LCD (LED)",115,"N/A","Available",4,"KOGAN",54.63897637795275,"Other"
162230,"Kogan","KAQL55T96QC",138.783,"LCD (LED)",115,"N/A","Available",4,"KOGAN",54.63897637795275,"Other"
162231,"Kogan","KALED32T96QA",80.147,"LCD (LED)",35.2,"N/A","Available",4.5,"KOGAN",31.55393700787402,"32-inch"
162231,"Kogan","KALED32T96QB",80.147,"LCD (LED)",35.2,"N/A","Available",4.5,"KOGAN",31.55393700787402,"32-inch"
162231,"Kogan","KALED32T96QC",80.147,"LCD (LED)",35.2,"N/A","Available",4.5,"KOGAN",31.55393700787402,"32-inch"
162231,"Kogan","KALED32T96QD",80.147,"LCD (LED)",35.2,"N/A","Available",4.5,"KOGAN",31.55393700787402,"32-inch"
162234,"Kogan","KALED50T96QA",125.731,"LCD (LED)",99.42,"N/A","Available",3.5,"KOGAN",49.5003937007874,"Other"
162234,"Kogan","KALED50T96QB",125.731,"LCD (LED)",99.42,"N/A","Available",3.5,"KOGAN",49.5003937007874,"Other"
162234,"Kogan","KALED50T96QC",125.731,"LCD (LED)",99.42,"N/A","Available",3.5,"KOGAN",49.5003937007874,"Other"
162234,"Kogan","KAQL50T96QA",125.731,"LCD (LED)",99.42,"N/A","Available",3.5,"KOGAN",49.5003937007874,"Other"
162234,"Kogan","KAQL50T96QB",125.731,"LCD (LED)",99.42,"N/A","Available",3.5,"KOGAN",49.5003937007874,"Other"
162234,"Kogan","KAQL50T96QC",125.731,"LCD (LED)",99.42,"N/A","Available",3.5,"KOGAN",49.5003937007874,"Other"
162235,"Kogan","KALED65T96QA",163.896,"LCD (LED)",147.44,"N/A","Available",4,"KOGAN",64.5259842519685,"65-inch"
162235,"Kogan","KALED65T96QB",163.896,"LCD (LED)",147.44,"N/A","Available",4,"KOGAN",64.5259842519685,"65-inch"
162235,"Kogan","KALED65T96QC",163.896,"LCD (LED)",147.44,"N/A","Available",4,"KOGAN",64.5259842519685,"65-inch"
162235,"Kogan","KAQL65T96QA",163.896,"LCD (LED)",147.44,"N/A","Available",4,"KOGAN",64.5259842519685,"65-inch"
162235,"Kogan","KAQL65T96QB",163.896,"LCD (LED)",147.44,"N/A","Available",4,"KOGAN",64.5259842519685,"65-inch"
162235,"Kogan","KAQL65T96QC",163.896,"LCD (LED)",147.44,"N/A","Available",4,"KOGAN",64.5259842519685,"65-inch"
162237,"Kogan","KALED75T96QA",189.34,"LCD (LED)",180,"N/A","Available",4.5,"KOGAN",74.54330708661418,"Other"
162237,"Kogan","KALED75T96QB",189.34,"LCD (LED)",180,"N/A","Available",4.5,"KOGAN",74.54330708661418,"Other"
162237,"Kogan","KALED75T96QC",189.34,"LCD (LED)",180,"N/A","Available",4.5,"KOGAN",74.54330708661418,"Other"
162237,"Kogan","KAQL75T96QA",189.34,"LCD (LED)",180,"N/A","Available",4.5,"KOGAN",74.54330708661418,"Other"
162237,"Kogan","KAQL75T96QB",189.34,"LCD (LED)",180,"N/A","Available",4.5,"KOGAN",74.54330708661418,"Other"
162237,"Kogan","KAQL75T96QC",189.34,"LCD (LED)",180,"N/A","Available",4.5,"KOGAN",74.54330708661418,"Other"
162239,"Kogan","KALED42T96QA",105.055,"LCD (LED)",54.39,"N/A","Available",5,"KOGAN",41.360236220472444,"Other"
162239,"Kogan","KALED42T96QB",105.055,"LCD (LED)",54.39,"N/A","Available",5,"KOGAN",41.360236220472444,"Other"
162239,"Kogan","KALED42T96QC",105.055,"LCD (LED)",54.39,"N/A","Available",5,"KOGAN",41.360236220472444,"Other"
162239,"Kogan","KALED42T96QD",105.055,"LCD (LED)",54.39,"N/A","Available",5,"KOGAN",41.360236220472444,"Other"
162368,"EKO","K65USTW",163.896,"LCD",126.1,"N/A","Available",5,"EKO",64.5259842519685,"65-inch"
162367,"Kogan","KAOD65X98JSTA",163.897,"OLED",112.7,"N/A","Available",5,"KOGAN",64.52637795275591,"65-inch"
162367,"Kogan","KAOD65X98JSTB",163.897,"OLED",112.7,"N/A","Available",5,"KOGAN",64.52637795275591,"65-inch"
162367,"Kogan","KAOD65X98JSTC",163.897,"OLED",112.7,"N/A","Available",5,"KOGAN",64.52637795275591,"65-inch"
162367,"Kogan","KAOD65X98JSTD",163.897,"OLED",112.7,"N/A","Available",5,"KOGAN",64.52637795275591,"65-inch"
162367,"Kogan","KAOD65X98JSTE",163.897,"OLED",112.7,"N/A","Available",5,"KOGAN",64.52637795275591,"65-inch"
162367,"Kogan","KAOD65X98JST*",163.897,"OLED",112.7,"N/A","Available",5,"KOGAN",64.52637795275591,"65-inch"
162374,"EKO","K55USTW",138.783,"LCD",115.9,"N/A","Available",4,"EKO",54.63897637795275,"Other"
162231,"Kogan","KALED32T96Q*",80.147,"LCD (LED)",35.2,"N/A","Available",4.5,"KOGAN",31.55393700787402,"32-inch"
162239,"Kogan","KALED42T96Q*",105.055,"LCD (LED)",54.39,"N/A","Available",5,"KOGAN",41.360236220472444,"Other"
162441,"JVC","LT-55N7115A11E",138.711,"LCD (LED)",60.9,"N/A","Available",6,"JVC",54.61062992125985,"Other"
162443,"CHiQ","U98F8TG PRO",247.691,"LCD (LED)",299.4,"N/A","Available",4,"CHIQ",97.51614173228346,"Other"
162445,"LOEWE","BILD S.77",194.738,"OLED",220,"N/A","Available",3.5,"LOEWE",76.66850393700787,"Other"
162457,"LG","75UT80506LA",189.275,"LCD (LED)",165,"N/A","Available",5,"LG",74.51771653543307,"Other"
162484,"Linsar","LS24HDNF-12V",59.774,"LCD",15.1,"N/A","Available",6,"LINSAR",23.53307086614173,"Other"
162485,"BAUHN","ATV75UHDW-0924",189.34,"LCD",133.54,"N/A","Available",6,"BAUHN",74.54330708661418,"Other"
162494,"KONKA","KUD65XG684AN",163.896,"LCD (LED)",114.354,"8.0","Available",5,"KONKA",64.5259842519685,"65-inch"
162496,"KONKA","KUD55XG684AN",138.783,"LCD (LED)",82.11,"8.0","Available",5,"KONKA",54.63897637795275,"Other"
162498,"KONKA","KUD50XG684AN",125.731,"LCD (LED)",60.564,"8.0","Available",5.5,"KONKA",49.5003937007874,"Other"
162499,"KONKA","KDL40GA683AN",100.332,"LCD (LED)",36.91,"9.0","Available",6,"KONKA",39.5007874015748,"Other"
162501,"KONKA","KDL32GA683AN",80.039,"LCD (LED)",29.55,"8.0","Available",5,"KONKA",31.511417322834646,"32-inch"
162547,"EKO","K50USW3",125.731,"LCD (LED)",86,"N/A","Available",4.5,"EKO",49.5003937007874,"Other"
162553,"Kogan","KAQL55XQ98GSTA",138.783,"LCD (LED)",92.8,"7.0","Available",4.5,"KOGAN",54.63897637795275,"Other"
162553,"Kogan","KAQL55XQ98GSTB",138.783,"LCD (LED)",92.8,"7.0","Available",4.5,"KOGAN",54.63897637795275,"Other"
162553,"Kogan","KAQL55XQ98GSTC",138.783,"LCD (LED)",92.8,"7.0","Available",4.5,"KOGAN",54.63897637795275,"Other"
162553,"Kogan","KAQL55XQ98GSTD",138.783,"LCD (LED)",92.8,"7.0","Available",4.5,"KOGAN",54.63897637795275,"Other"
162553,"Kogan","KAQL55XQ98GSTE",138.783,"LCD (LED)",92.8,"7.0","Available",4.5,"KOGAN",54.63897637795275,"Other"
162553,"Kogan","KAQL55XQ98GST*",138.783,"LCD (LED)",92.8,"7.0","Available",4.5,"KOGAN",54.63897637795275,"Other"
162237,"Kogan","75T96 series",189.34,"LCD (LED)",180,"N/A","Available",4.5,"KOGAN",74.54330708661418,"Other"
162640,"AIWA","AWS400W",100.332,"LCD (LED)",48.76,"N/A","Available",4.5,"AIWA",39.5007874015748,"Other"
162651,"HISENSE","32A4NAU",80.04,"LCD (LED)",22.8,"N/A","Available",6,"HISENSE",31.511811023622048,"32-inch"
162652,"HISENSE","40A4NAU",100.332,"LCD (LED)",29.07,"N/A","Available",7,"HISENSE",39.5007874015748,"Other"
162651,"HISENSE","32A4NNZ",80.04,"LCD (LED)",22.8,"N/A","Available",6,"HISENSE",31.511811023622048,"32-inch"
162651,"HISENSE","32A4N",80.04,"LCD (LED)",22.8,"N/A","Available",6,"HISENSE",31.511811023622048,"32-inch"
162652,"HISENSE","40A4NNZ",100.332,"LCD (LED)",29.07,"N/A","Available",7,"HISENSE",39.5007874015748,"Other"
162652,"HISENSE","40A4N",100.332,"LCD (LED)",29.07,"N/A","Available",7,"HISENSE",39.5007874015748,"Other"
162653,"EKO","K320HGT",80.039,"LCD",29.6,"N/A","Available",5,"EKO",31.511417322834646,"32-inch"
162083,"HISENSE","100Q7NAU",252.784,"LCD (LED)",252.1,"N/A","Available",5,"HISENSE",99.52125984251968,"Other"
162656,"HISENSE","75U8NAU",189.34,"LCD (LED)",177.17,"N/A","Available",4,"HISENSE",74.54330708661418,"Other"
162654,"HISENSE","85U8NAU",214.783,"LCD (LED)",262.49,"N/A","Available",3.5,"HISENSE",84.56023622047243,"Other"
162667,"HISENSE","65UXAU",163.896,"LCD (LED)",137.97,"N/A","Available",4,"HISENSE",64.5259842519685,"65-inch"
162688,"Brooklyn","BM32WOSDVD",80.039,"LCD (LED)",33.5,"N/A","Available",5,"BROOKLYN",31.511417322834646,"32-inch"
162697,"Linsar","LS60UHDNF23",152.663,"LCD",81.288,"N/A","Available",6,"LINSAR",60.10354330708662,"Other"
162737,"BLAUPUNKT","BP320HSG9700",80.039,"LCD (LED)",24.687,"N/A","Available",5,"BLAUPUNKT",31.511417322834646,"32-inch"
162752,"EKO","K55USW3",138.783,"LCD",87.3,"N/A","Available",5,"EKO",54.63897637795275,"Other"
162755,"Panasonic","TV-55W95AGZ",138.783,"LCD (LED)",72.6,"8.0","Available",5.5,"PANASONIC",54.63897637795275,"Other"
162760,"Panasonic","TV-65W95AGZ",163.897,"LCD (LED)",93.25,"8.0","Available",5.5,"PANASONIC",64.52637795275591,"65-inch"
162769,"SAMSUNG ELECTRONICS","UA43DUE800W",107.987,"LCD (LED)",71,"N/A","Available",4,"SAMSUNG ELECTRONICS",42.514566929133856,"Other"
162769,"SAMSUNG ELECTRONICS","UA43DUE800S",107.987,"LCD (LED)",71,"N/A","Available",4,"SAMSUNG ELECTRONICS",42.514566929133856,"Other"
162769,"SAMSUNG ELECTRONICS","UA43DUE800*",107.987,"LCD (LED)",71,"N/A","Available",4,"SAMSUNG ELECTRONICS",42.514566929133856,"Other"
162770,"SAMSUNG ELECTRONICS","UA50DUE800W",125.727,"LCD (LED)",83,"N/A","Available",4.5,"SAMSUNG ELECTRONICS",49.4988188976378,"Other"
162770,"SAMSUNG ELECTRONICS","UA50DUE800S",125.727,"LCD (LED)",83,"N/A","Available",4.5,"SAMSUNG ELECTRONICS",49.4988188976378,"Other"
162770,"SAMSUNG ELECTRONICS","UA50DUE800*",125.727,"LCD (LED)",83,"N/A","Available",4.5,"SAMSUNG ELECTRONICS",49.4988188976378,"Other"
162772,"Panasonic","TV-75W95AGZ",189.321,"LCD (LED)",109.77,"9.0","Available",6,"PANASONIC",74.53582677165355,"Other"
162773,"SAMSUNG ELECTRONICS","UA55DUE800W",138.783,"LCD (LED)",97,"N/A","Available",4.5,"SAMSUNG ELECTRONICS",54.63897637795275,"Other"
162773,"SAMSUNG ELECTRONICS","UA55DUE800S",138.783,"LCD (LED)",97,"N/A","Available",4.5,"SAMSUNG ELECTRONICS",54.63897637795275,"Other"
162773,"SAMSUNG ELECTRONICS","UA55DUE800*",138.783,"LCD (LED)",97,"N/A","Available",4.5,"SAMSUNG ELECTRONICS",54.63897637795275,"Other"
162775,"SAMSUNG ELECTRONICS","UA65DUE800W",163.897,"LCD (LED)",122,"N/A","Available",5,"SAMSUNG ELECTRONICS",64.52637795275591,"65-inch"
162775,"SAMSUNG ELECTRONICS","UA65DUE800S",163.897,"LCD (LED)",122,"N/A","Available",5,"SAMSUNG ELECTRONICS",64.52637795275591,"65-inch"
162775,"SAMSUNG ELECTRONICS","UA65DUE800*",163.897,"LCD (LED)",122,"N/A","Available",5,"SAMSUNG ELECTRONICS",64.52637795275591,"65-inch"
162776,"SAMSUNG ELECTRONICS","UA75DUE800W",189.338,"LCD (LED)",163,"N/A","Available",5,"SAMSUNG ELECTRONICS",74.54251968503937,"Other"
162778,"SAMSUNG ELECTRONICS","UA85DUE800W",214.783,"LCD (LED)",195,"N/A","Available",5,"SAMSUNG ELECTRONICS",84.56023622047243,"Other"
162825,"AIWA","AWS700W",176.563,"LCD (LED)",140.89,"N/A","Available",4.5,"AIWA",69.51299212598424,"Other"
162831,"Kogan","KAQL85T96QA",215.329,"LCD (LED)",280.55,"N/A","Available",3.5,"KOGAN",84.7751968503937,"Other"
162831,"Kogan","KAQL85T96QB",215.329,"LCD (LED)",280.55,"N/A","Available",3.5,"KOGAN",84.7751968503937,"Other"
162831,"Kogan","KAQL85T96QC",215.329,"LCD (LED)",280.55,"N/A","Available",3.5,"KOGAN",84.7751968503937,"Other"
162831,"Kogan","KAQL85T96QD",215.329,"LCD (LED)",280.55,"N/A","Available",3.5,"KOGAN",84.7751968503937,"Other"
162831,"Kogan","**********85**********",215.329,"LCD (LED)",280.55,"N/A","Available",3.5,"KOGAN",84.7751968503937,"Other"
162888,"LG","43UT801C0LA",107.987,"LCD (LED)",73,"N/A","Available",4,"LG",42.514566929133856,"Other"
162889,"LG","43UT801C0SB",107.987,"LCD (LED)",70,"N/A","Available",4,"LG",42.514566929133856,"Other"
162891,"LG","50UT801C0LA",125.727,"LCD (LED)",83,"N/A","Available",4.5,"LG",49.4988188976378,"Other"
162896,"LG","50UT801C0SB",125.727,"LCD (LED)",83,"N/A","Available",4.5,"LG",49.4988188976378,"Other"
162898,"LG","55UT801C0LA",138.783,"LCD (LED)",97,"N/A","Available",4.5,"LG",54.63897637795275,"Other"
162899,"LG","55UT801C0SB",138.783,"LCD (LED)",97,"N/A","Available",4.5,"LG",54.63897637795275,"Other"
162901,"LG","65UT801C0LA",163.897,"LCD (LED)",120,"N/A","Available",5,"LG",64.52637795275591,"65-inch"
162903,"LG","65UT801C0SB",163.897,"LCD (LED)",120,"N/A","Available",5,"LG",64.52637795275591,"65-inch"
162904,"LG","75UT801C0SB",189.275,"LCD (LED)",165,"N/A","Available",5,"LG",74.51771653543307,"Other"
162906,"LG","75UT811C0LA",189.275,"LCD (LED)",165,"N/A","Available",5,"LG",74.51771653543307,"Other"
162907,"LG","86UT801C0SB",217.425,"LCD (LED)",212,"N/A","Available",5,"LG",85.60039370078741,"Other"
162908,"LG","86UT811C0LA",217.425,"LCD (LED)",212,"N/A","Available",5,"LG",85.60039370078741,"Other"
162926,"EKO","K70USW3",176.538,"LCD",143.1,"N/A","Available",5,"EKO",69.50314960629922,"Other"
162964,"EKO","K750UGT2",189.34,"LCD",163.1,"N/A","Available",5,"EKO",74.54330708661418,"Other"
162967,"EKO","K75USWW",189.34,"LCD",162.1,"N/A","Available",5,"EKO",74.54330708661418,"Other"
162968,"EKO","K700UGT2",176.538,"LCD",142.1,"N/A","Available",5,"EKO",69.50314960629922,"Other"
162999,"AOA","LTW40FHD",100.336,"LCD",47.23,"N/A","Available",5,"AOA",39.502362204724406,"Other"
163000,"AOA","LTW32HD",80.039,"LCD",31.92,"N/A","Available",5,"AOA",31.511417322834646,"32-inch"
163030,"AIWA","AWS500G",125.731,"OLED",64.6,"N/A","Available",5,"AIWA",49.5003937007874,"Other"
156534,"EKO","K550UAT",138.798,"LCD",110.12,"N/A","Available",4,"EKO",54.64488188976378,"Other"
156534,"EKO","K550UATW",138.798,"LCD",110.12,"N/A","Available",4,"EKO",54.64488188976378,"Other"
162834,"Kogan","KALED100T96QA",253.136,"LCD (LED)",379.07,"N/A","Available",3.5,"KOGAN",99.65984251968504,"Other"
162834,"Kogan","KALED100T96QB",253.136,"LCD (LED)",379.07,"N/A","Available",3.5,"KOGAN",99.65984251968504,"Other"
162834,"Kogan","KALED100T96QC",253.136,"LCD (LED)",379.07,"N/A","Available",3.5,"KOGAN",99.65984251968504,"Other"
162834,"Kogan","KAQL100T96QA",253.136,"LCD (LED)",379.07,"N/A","Available",3.5,"KOGAN",99.65984251968504,"Other"
162834,"Kogan","KAQL100T96QB",253.136,"LCD (LED)",379.07,"N/A","Available",3.5,"KOGAN",99.65984251968504,"Other"
162834,"Kogan","KAQL100T96QC",253.136,"LCD (LED)",379.07,"N/A","Available",3.5,"KOGAN",99.65984251968504,"Other"
162834,"Kogan","**********100**********",253.136,"LCD (LED)",379.07,"N/A","Available",3.5,"KOGAN",99.65984251968504,"Other"
163413,"Kogan","KAQL65XQ98GSTB",163.896,"LCD (LED)",144.5,"N/A","Available",4,"KOGAN",64.5259842519685,"65-inch"
163413,"Kogan","KAQL65XQ98GSTC",163.896,"LCD (LED)",144.5,"N/A","Available",4,"KOGAN",64.5259842519685,"65-inch"
163413,"Kogan","KAQL65XQ98GSTD",163.896,"LCD (LED)",144.5,"N/A","Available",4,"KOGAN",64.5259842519685,"65-inch"
163413,"Kogan","KAQL65XQ98GSTE",163.896,"LCD (LED)",144.5,"N/A","Available",4,"KOGAN",64.5259842519685,"65-inch"
163413,"Kogan","KAQL65XQ98GST*",163.896,"LCD (LED)",144.5,"N/A","Available",4,"KOGAN",64.5259842519685,"65-inch"
163478,"Kogan","KAQL70T96QA",176.538,"LCD (LED)",138.82,"N/A","Available",5,"KOGAN",69.50314960629922,"Other"
163478,"Kogan","KAQL70T96QB",176.538,"LCD (LED)",138.82,"N/A","Available",5,"KOGAN",69.50314960629922,"Other"
163478,"Kogan","KAQL70T96QC",176.538,"LCD (LED)",138.82,"N/A","Available",5,"KOGAN",69.50314960629922,"Other"
163478,"Kogan","KAQL70T96QD",176.538,"LCD (LED)",138.82,"N/A","Available",5,"KOGAN",69.50314960629922,"Other"
163478,"Kogan","**********70**********",176.538,"LCD (LED)",138.82,"N/A","Available",5,"KOGAN",69.50314960629922,"Other"
163494,"EKO","K550UGT2",138.783,"LCD",88.8,"N/A","Available",5,"EKO",54.63897637795275,"Other"
163518,"Blaupunkt","BP550USG9800",138.783,"LCD",88.8,"N/A","Available",5,"BLAUPUNKT",54.63897637795275,"Other"
163530,"EKO","K65USW3",165.366,"LCD",120,"N/A","Available",5,"EKO",65.10472440944882,"65-inch"
159829,"TCL","85C655",214.783,"LCD (LED)",191,"7.0","Available",4.5,"TCL",84.56023622047243,"Other"
163618,"HISENSE","70A6NNZ",176.537,"LCD (LED)",103.99,"N/A","Available",6,"HISENSE",69.50275590551182,"Other"
163618,"HISENSE","70A6NAU",176.537,"LCD (LED)",103.99,"N/A","Available",6,"HISENSE",69.50275590551182,"Other"
163618,"HISENSE","70A6N Series",176.537,"LCD (LED)",103.99,"N/A","Available",6,"HISENSE",69.50275590551182,"Other"
163621,"TOSHIBA","32V35NP",80.039,"LCD (LED)",24.17,"N/A","Available",6,"TOSHIBA",31.511417322834646,"32-inch"
163622,"TOSHIBA","43V35NP",107.954,"LCD (LED)",33.62,"N/A","Available",7,"TOSHIBA",42.5015748031496,"Other"
162655,"HISENSE","65U8NAU",163.896,"LCD (LED)",151.8,"N/A","Available",3.5,"HISENSE",64.5259842519685,"65-inch"
162655,"HISENSE","65U8NNZ",163.896,"LCD (LED)",151.8,"N/A","Available",3.5,"HISENSE",64.5259842519685,"65-inch"
162655,"HISENSE","65U8N Series",163.896,"LCD (LED)",151.8,"N/A","Available",3.5,"HISENSE",64.5259842519685,"65-inch"
163671,"JVC","AV-J193152A",47.013,"LCD",19.4,"N/A","Available",4,"JVC",18.509055118110236,"Other"
163671,"JVC","AV-J193155A",47.013,"LCD",19.4,"N/A","Available",4,"JVC",18.509055118110236,"Other"
163671,"JVC","19"" smart",47.013,"LCD",19.4,"N/A","Available",4,"JVC",18.509055118110236,"Other"
163703,"LG","43UM662H4LC",107.987,"LCD (LED)",36,"N/A","Available",7,"LG",42.514566929133856,"Other"
163734,"LG","50UM662H4LC",125.727,"LCD (LED)",40,"N/A","Available",7,"LG",49.4988188976378,"Other"
163735,"LG","55UM662H4LC",138.783,"LCD (LED)",49,"N/A","Available",7,"LG",54.63897637795275,"Other"
163736,"LG","65UM662H4LC",163.897,"LCD (LED)",56,"N/A","Available",8,"LG",64.52637795275591,"65-inch"
163739,"TCL","85A300W",214.783,"LCD (LED)",143.6,"7.0","Available",6,"TCL",84.56023622047243,"Other"
163755,"TCL","75A300W",189.306,"LCD (LED)",115.4,"7.0","Available",5.5,"TCL",74.52992125984252,"Other"
163758,"TCL","65A300W",163.829,"LCD (LED)",103.5,"7.0","Available",5,"TCL",64.4996062992126,"65-inch"
163759,"TCL","55A300W",138.711,"LCD (LED)",90.7,"7.0","Available",4.5,"TCL",54.61062992125985,"Other"
163784,"EKO","K400FAT",100.332,"LCD (LED)",40,"N/A","Available",5.5,"EKO",39.5007874015748,"Other"
163822,"LG","98UT9050PSA",247.695,"LCD (LED)",354.9,"N/A","Available",3.5,"LG",97.51771653543307,"Other"
163822,"LG","98UT91006LA",247.695,"LCD (LED)",354.9,"N/A","Available",3.5,"LG",97.51771653543307,"Other"
163822,"LG","98UT90006LA",247.695,"LCD (LED)",354.9,"N/A","Available",3.5,"LG",97.51771653543307,"Other"
163822,"LG","98UT9000PUA",247.695,"LCD (LED)",354.9,"N/A","Available",3.5,"LG",97.51771653543307,"Other"
163822,"LG","98UT9300KNA",247.695,"LCD (LED)",354.9,"N/A","Available",3.5,"LG",97.51771653543307,"Other"
163822,"LG","98UT9######",247.695,"LCD (LED)",354.9,"N/A","Available",3.5,"LG",97.51771653543307,"Other"
163852,"JVC","JVG3B5523Q",138.711,"LCD (LED)",76.8,"8.0","Available",5.5,"JVC",54.61062992125985,"Other"
164012,"AIWA","AWC240WZ",59.774,"LCD (LED)",26.3,"N/A","Available",4,"AIWA",23.53307086614173,"Other"
164013,"AIWA","AWC320WZ",79.967,"LCD (LED)",38.6,"N/A","Available",4.5,"AIWA",31.48307086614173,"32-inch"
164014,"KOGAN","KAQL75XQ98GSVA",189.306,"LCD (LED)",159.6,"N/A","Available",4.5,"KOGAN",74.52992125984252,"Other"
164014,"KOGAN","KAQL75XQ98GSVB",189.306,"LCD (LED)",159.6,"N/A","Available",4.5,"KOGAN",74.52992125984252,"Other"
164014,"KOGAN","KAQL75XQ98GSVC",189.306,"LCD (LED)",159.6,"N/A","Available",4.5,"KOGAN",74.52992125984252,"Other"
164193,"QBELL","QT50WX8A",125.731,"LCD (LED)",94.37,"N/A","Available",3,"QBELL",49.5003937007874,"Other"
164195,"QBELL","QT70WX8A",176.538,"LCD (LED)",128.9,"N/A","Available",4.5,"QBELL",69.50314960629922,"Other"
164202,"Sphere","S924TVSB",60.47,"LCD (LED)",19.64,"N/A","Available",5.5,"SPHERE",23.807086614173226,"Other"
164202,"Sphere","S924TVDVDSB",60.47,"LCD (LED)",19.64,"N/A","Available",5.5,"SPHERE",23.807086614173226,"Other"
164205,"Sphere","S927TVSB",68.599,"LCD (LED)",24.6,"N/A","Available",5.5,"SPHERE",27.00748031496063,"Other"
164205,"Sphere","S927TVDVDSB",68.599,"LCD (LED)",24.6,"N/A","Available",5.5,"SPHERE",27.00748031496063,"Other"
164202,"Sphere","S924",60.47,"LCD (LED)",19.64,"N/A","Available",5.5,"SPHERE",23.807086614173226,"Other"
164205,"Sphere","S927",68.599,"LCD (LED)",24.6,"N/A","Available",5.5,"SPHERE",27.00748031496063,"Other"
164261,"BAUHN","ATV32HDW-0824",80.043,"LCD (LED)",27.14,"N/A","Available",6,"BAUHN",31.512992125984255,"32-inch"
164014,"KOGAN","KAQL75XQ98GSVA series",189.306,"LCD (LED)",159.6,"N/A","Available",4.5,"KOGAN",74.52992125984252,"Other"
164267,"KOGAN","KAQL85XQ98GSVA",214.783,"LCD (LED)",226.38,"N/A","Available",4.5,"KOGAN",84.56023622047243,"Other"
164267,"KOGAN","KAQL85XQ98GSVB",214.783,"LCD (LED)",226.38,"N/A","Available",4.5,"KOGAN",84.56023622047243,"Other"
164267,"KOGAN","KAQL85XQ98GSVC",214.783,"LCD (LED)",226.38,"N/A","Available",4.5,"KOGAN",84.56023622047243,"Other"
164267,"KOGAN","KAQL85XQ98GS series",214.783,"LCD (LED)",226.38,"N/A","Available",4.5,"KOGAN",84.56023622047243,"Other"
164364,"KOGAN","KALED32F98VA",79.967,"LCD (LED)",37.86,"N/A","Available",4,"KOGAN",31.48307086614173,"32-inch"
164364,"KOGAN","KALED32F98VB",79.967,"LCD (LED)",37.86,"N/A","Available",4,"KOGAN",31.48307086614173,"32-inch"
164364,"KOGAN","KALED32F98VC",79.967,"LCD (LED)",37.86,"N/A","Available",4,"KOGAN",31.48307086614173,"32-inch"
164364,"KOGAN","KALED32F98 series",79.967,"LCD (LED)",37.86,"N/A","Available",4,"KOGAN",31.48307086614173,"32-inch"
164495,"TECO","LED32IHRK",79.88,"LCD (LED)",35.6,"N/A","Available",4.5,"TECO",31.448818897637793,"32-inch"
164513,"HYUNDAI","H50UHDQLDZEN",125.731,"LCD (LED)",61.524,"N/A","Available",6,"HYUNDAI",49.5003937007874,"Other"
164519,"HYUNDAI","H55UHDQLDZEN",138.783,"LCD (LED)",72.83,"N/A","Available",6,"HYUNDAI",54.63897637795275,"Other"
164532,"HYUNDAI","H65UHDQLDZEN",165.332,"LCD (LED)",101.54,"N/A","Available",6,"HYUNDAI",65.09133858267717,"65-inch"
164534,"HYUNDAI","H75UHDQLDZEN",189.34,"LCD (LED)",130.146,"N/A","Available",6,"HYUNDAI",74.54330708661418,"Other"
164539,"Altius","AT32HDW2-BCF",80.043,"LCD (LED)",27.036,"N/A","Available",6,"ALTIUS",31.512992125984255,"32-inch"
164582,"AIWA","AWS420W",105.415,"LCD (LED)",51.78,"N/A","Available",4.5,"AIWA",41.50196850393701,"Other"
164586,"Kogan","KAQL86T96QA",217.518,"LCD (LED)",298.5,"N/A","Available",3.5,"KOGAN",85.63700787401575,"Other"
164586,"Kogan","KAQL86T96QB",217.518,"LCD (LED)",298.5,"N/A","Available",3.5,"KOGAN",85.63700787401575,"Other"
164586,"Kogan","KAQL86T96QC",217.518,"LCD (LED)",298.5,"N/A","Available",3.5,"KOGAN",85.63700787401575,"Other"
164586,"Kogan","KAQL86T96QD",217.518,"LCD (LED)",298.5,"N/A","Available",3.5,"KOGAN",85.63700787401575,"Other"
164586,"Kogan","**********86**********",217.518,"LCD (LED)",298.5,"N/A","Available",3.5,"KOGAN",85.63700787401575,"Other"
164636,"BAUHN","ATV43FHDW-1124",107.978,"LCD",44.2,"N/A","Available",6,"BAUHN",42.51102362204724,"Other"
164639,"EKO","K55USW3",138.783,"LCD (LED)",102,"N/A","Available",4.5,"EKO",54.63897637795275,"Other"
156532,"EKO","K650UAT",163.878,"LCD",147.21,"N/A","Available",4,"EKO",64.51889763779526,"65-inch"
156532,"EKO","K650UATW",163.878,"LCD",147.21,"N/A","Available",4,"EKO",64.51889763779526,"65-inch"
164636,"BAUHN","ATV43FHDW-0125",107.978,"LCD",44.2,"N/A","Available",6,"BAUHN",42.51102362204724,"Other"
164636,"BAUHN","ATV43FHDW-****",107.978,"LCD",44.2,"N/A","Available",6,"BAUHN",42.51102362204724,"Other"
163516,"BAUHN","ATV55UHDW-1024",138.783,"LCD (LED)",69.65,"N/A","Available",6,"BAUHN",54.63897637795275,"Other"
163516,"BAUHN","ATV55UHDW-0125",138.783,"LCD (LED)",69.65,"N/A","Available",6,"BAUHN",54.63897637795275,"Other"
163516,"BAUHN","ATV55UHDW-****",138.783,"LCD (LED)",69.65,"N/A","Available",6,"BAUHN",54.63897637795275,"Other"
164838,"ENGLAON","LED24X90",59.822,"LCD (LED)",28.3,"1.0","Available",4,"ENGLAON",23.551968503937008,"Other"
164843,"ENGLAON","LED32X90",80.131,"LCD (LED)",37.1,"N/A","Available",4.5,"ENGLAON",31.54763779527559,"32-inch"
164845,"ENGLAON","LED40X90",100.332,"LCD (LED)",38.6,"N/A","Available",5.5,"ENGLAON",39.5007874015748,"Other"
164862,"EKO","K70USW3",176.57,"LCD (LED)",182.3,"N/A","Available",2.5,"EKO",69.51574803149606,"Other"
164907,"HYUNDAI","H55UHDMLDGTV",138.798,"LCD (LED)",92.2,"N/A","Available",4.5,"HYUNDAI",54.64488188976378,"Other"
164908,"Kogan","KALED24D96SQA",59.816,"LCD (LED)",23.98,"N/A","Available",4.5,"KOGAN",23.5496062992126,"Other"
164908,"Kogan","KALED24D96SQB",59.816,"LCD (LED)",23.98,"N/A","Available",4.5,"KOGAN",23.5496062992126,"Other"
164908,"Kogan","KALED24D96SQC",59.816,"LCD (LED)",23.98,"N/A","Available",4.5,"KOGAN",23.5496062992126,"Other"
164908,"Kogan","KALED24D96SQD",59.816,"LCD (LED)",23.98,"N/A","Available",4.5,"KOGAN",23.5496062992126,"Other"
164908,"Kogan","**********24**********",59.816,"LCD (LED)",23.98,"N/A","Available",4.5,"KOGAN",23.5496062992126,"Other"
164909,"Kogan","KALED32D96SQA",80.029,"LCD (LED)",31.84,"N/A","Available",5,"KOGAN",31.507480314960628,"32-inch"
164909,"Kogan","KALED32D96SQB",80.029,"LCD (LED)",31.84,"N/A","Available",5,"KOGAN",31.507480314960628,"32-inch"
164909,"Kogan","KALED32D96SQC",80.029,"LCD (LED)",31.84,"N/A","Available",5,"KOGAN",31.507480314960628,"32-inch"
164909,"Kogan","KALED32D96SQD",80.029,"LCD (LED)",31.84,"N/A","Available",5,"KOGAN",31.507480314960628,"32-inch"
164909,"Kogan","**********32**********",80.029,"LCD (LED)",31.84,"N/A","Available",5,"KOGAN",31.507480314960628,"32-inch"
164926,"KONIC","KUD55GS677AM",138.783,"LCD (LED)",93.1,"7.0","Available",4.5,"KONIC",54.63897637795275,"Other"
164955,"Blaupunkt","BP58WOS",146.068,"LCD",112.086,"N/A","Available",4,"BLAUPUNKT",57.50708661417323,"Other"
164996,"JVC","LT-42NQ5155A",105.422,"LCD",38.2,"N/A","Available",6,"JVC",41.50472440944882,"Other"
164999,"PHILIPS","85BFL2214/97",214.783,"LCD (LED)",114.6,"N/A","Available",7,"PHILIPS",84.56023622047243,"Other"
165022,"PHILIPS","32HFL4518/97",80.054,"LCD (LED)",24.9,"N/A","Available",5.5,"PHILIPS",31.517322834645668,"32-inch"
165017,"PHILIPS","65PUT7129/98",163.896,"LCD (LED)",122,"N/A","Available",4.5,"PHILIPS",64.5259842519685,"65-inch"
165026,"PHILIPS","24HFL4518/97",59.774,"LCD (LED)",16.9,"N/A","Available",5.5,"PHILIPS",23.53307086614173,"Other"
165027,"PHILIPS","55PUT7129/98",138.736,"LCD (LED)",105,"N/A","Available",4,"PHILIPS",54.62047244094488,"Other"
165028,"Kogan","KALED65U95TA",163.896,"LCD (LED)",94.14,"N/A","Available",6,"KOGAN",64.5259842519685,"65-inch"
165028,"Kogan","KALED65U95TB",163.896,"LCD (LED)",94.14,"N/A","Available",6,"KOGAN",64.5259842519685,"65-inch"
165028,"Kogan","KALED65U95TC",163.896,"LCD (LED)",94.14,"N/A","Available",6,"KOGAN",64.5259842519685,"65-inch"
165028,"Kogan","KALED65U95TD",163.896,"LCD (LED)",94.14,"N/A","Available",6,"KOGAN",64.5259842519685,"65-inch"
165028,"Kogan","KALED65U95TE",163.896,"LCD (LED)",94.14,"N/A","Available",6,"KOGAN",64.5259842519685,"65-inch"
165028,"Kogan","KALED65U95T*",163.896,"LCD (LED)",94.14,"N/A","Available",6,"KOGAN",64.5259842519685,"65-inch"
165029,"PHILIPS","50PUT7129/98",125.731,"LCD (LED)",96,"N/A","Available",3.5,"PHILIPS",49.5003937007874,"Other"
165030,"Kogan","KALED75U95TA",189.34,"LCD (LED)",154.03,"N/A","Available",5,"KOGAN",74.54330708661418,"Other"
165030,"Kogan","KALED75U95TB",189.34,"LCD (LED)",154.03,"N/A","Available",5,"KOGAN",74.54330708661418,"Other"
165030,"Kogan","KALED75U95TC",189.34,"LCD (LED)",154.03,"N/A","Available",5,"KOGAN",74.54330708661418,"Other"
165030,"Kogan","KALED75U95TD",189.34,"LCD (LED)",154.03,"N/A","Available",5,"KOGAN",74.54330708661418,"Other"
165030,"Kogan","KALED75U95TE",189.34,"LCD (LED)",154.03,"N/A","Available",5,"KOGAN",74.54330708661418,"Other"
165030,"Kogan","KALED75U95TF",189.34,"LCD (LED)",154.03,"N/A","Available",5,"KOGAN",74.54330708661418,"Other"
165030,"Kogan","KALED75U95TG",189.34,"LCD (LED)",154.03,"N/A","Available",5,"KOGAN",74.54330708661418,"Other"
165030,"Kogan","KALED75U95T*",189.34,"LCD (LED)",154.03,"N/A","Available",5,"KOGAN",74.54330708661418,"Other"
165051,"PHILIPS","55PML8969/98",138.783,"LCD (LED)",120,"N/A","Available",3.5,"PHILIPS",54.63897637795275,"Other"
165071,"KONIC","KUD50GS677AM",125.731,"LCD (LED)",88.8,"7.0","Available",4,"KONIC",49.5003937007874,"Other"
165072,"KONIC","KUD65GS677AM",163.896,"LCD (LED)",117.3,"8.0","Available",5,"KONIC",64.5259842519685,"65-inch"
165089,"PHILIPS","65PML8969/98",163.896,"LCD (LED)",168,"N/A","Available",3.5,"PHILIPS",64.5259842519685,"65-inch"
165119,"SAMSUNG ELECTRONICS","BE98D-H",247.688,"LCD (LED)",332,"N/A","Available",4,"SAMSUNG ELECTRONICS",97.51496062992125,"Other"
165123,"BAUHN","ATV70UHDW-1124",176.535,"LCD",108.294,"N/A","Available",6,"BAUHN",69.50196850393701,"Other"
165152,"Palsonic","PT6515SU",163.896,"LCD (LED)",105.43,"N/A","Available",5,"PALSONIC",64.5259842519685,"65-inch"
165159,"HYUNDAI","H65UHDMLDGTV",163.829,"LCD (LED)",149.6,"N/A","Available",4,"HYUNDAI",64.4996062992126,"65-inch"
165232,"AOA","LTD19FT",47.013,"LCD (LED)",15.3,"N/A","Available",5,"AOA",18.509055118110236,"Other"
165321,"BLAUPUNKT","BP24PTVW",60.469,"LCD (LED)",16.33,"N/A","Available",5.5,"BLAUPUNKT",23.806692913385827,"Other"
165321,"BLAUPUNKT","BP24PTVP",60.469,"LCD (LED)",16.33,"N/A","Available",5.5,"BLAUPUNKT",23.806692913385827,"Other"
165321,"BLAUPUNKT","BP24PTVBL",60.469,"LCD (LED)",16.33,"N/A","Available",5.5,"BLAUPUNKT",23.806692913385827,"Other"
165321,"BLAUPUNKT","BP24PTVG",60.469,"LCD (LED)",16.33,"N/A","Available",5.5,"BLAUPUNKT",23.806692913385827,"Other"
165321,"BLAUPUNKT","BP24****（*=Blank, 0-9,A-Z,a-z for marketing purpose, no technical difference)",60.469,"LCD (LED)",16.33,"N/A","Available",5.5,"BLAUPUNKT",23.806692913385827,"Other"
165324,"EKO","K700UATW",176.539,"LCD",153.11,"N/A","Available",4.5,"EKO",69.5035433070866,"Other"
165339,"Linsar","LS32HDNF-12V",80.039,"LCD (LED)",27.036,"N/A","Available",6,"LINSAR",31.511417322834646,"32-inch"
165404,"AKAI","AK3223S7WOS",80.043,"LCD (LED)",27.14,"N/A","Available",6,"AKAI",31.512992125984255,"32-inch"
165405,"AKAI","AK4324S7WOS",107.978,"LCD",44.2,"N/A","Available",6,"AKAI",42.51102362204724,"Other"
165408,"AKAI","AK55324S7WOS",138.783,"LCD (LED)",68.12,"N/A","Available",6,"AKAI",54.63897637795275,"Other"
165429,"SONIQ","G65UV50A",163.896,"LCD",92.076,"N/A","Available",6,"SONIQ",64.5259842519685,"65-inch"
165430,"Polaroid","PL7024WOS",176.535,"LCD",108.294,"N/A","Available",6,"POLAROID",69.50196850393701,"Other"
165432,"EKO","K32HST",80.039,"LCD (LED)",31,"N/A","Available",5,"EKO",31.511417322834646,"32-inch"
165465,"AIWA","AWS320DVD",80.039,"LCD (LED)",33.5,"N/A","Available",5,"AIWA",31.511417322834646,"32-inch"
165499,"QBELL","QTH32T",80.039,"LCD (LED)",35.3,"N/A","Available",5,"QBELL",31.511417322834646,"32-inch"
165561,"SVISION","SV43FWOS",108.593,"LCD (LED)",43,"N/A","Available",6,"SVISION",42.75314960629921,"Other"
165566,"SAMSUNG ELECTRONICS","UA50TU8000",125.725,"LCD (LED)",91,"N/A","Available",4,"SAMSUNG ELECTRONICS",49.49803149606299,"Other"
165566,"SAMSUNG ELECTRONICS","UA50TU8000S",125.725,"LCD (LED)",91,"N/A","Available",4,"SAMSUNG ELECTRONICS",49.49803149606299,"Other"
165566,"SAMSUNG ELECTRONICS","UA50TU8000W",125.725,"LCD (LED)",91,"N/A","Available",4,"SAMSUNG ELECTRONICS",49.49803149606299,"Other"
165568,"SAMSUNG ELECTRONICS","UA65TU8000",163.878,"LCD (LED)",116,"N/A","Available",5,"SAMSUNG ELECTRONICS",64.51889763779526,"65-inch"
165568,"SAMSUNG ELECTRONICS","UA65TU8000S",163.878,"LCD (LED)",116,"N/A","Available",5,"SAMSUNG ELECTRONICS",64.51889763779526,"65-inch"
165568,"SAMSUNG ELECTRONICS","UA65TU8000W",163.878,"LCD (LED)",116,"N/A","Available",5,"SAMSUNG ELECTRONICS",64.51889763779526,"65-inch"
165569,"SAMSUNG ELECTRONICS","UA55TU8000W",138.798,"LCD (LED)",102,"N/A","Available",4.5,"SAMSUNG ELECTRONICS",54.64488188976378,"Other"
165569,"SAMSUNG ELECTRONICS","UA55TU8000S",138.798,"LCD (LED)",102,"N/A","Available",4.5,"SAMSUNG ELECTRONICS",54.64488188976378,"Other"
165569,"SAMSUNG ELECTRONICS","UA55TU8000",138.798,"LCD (LED)",102,"N/A","Available",4.5,"SAMSUNG ELECTRONICS",54.64488188976378,"Other"
165597,"Kogan","KAQL50R96KA",125.812,"LCD (LED)",56.9,"N/A","Available",5.5,"KOGAN",49.53228346456693,"Other"
165599,"KOGAN","KAOD77X98JSVA",194.677,"OLED",131.1,"N/A","Available",5.5,"KOGAN",76.64448818897637,"Other"
165599,"KOGAN","KAOD77X98JSVB",194.677,"OLED",131.1,"N/A","Available",5.5,"KOGAN",76.64448818897637,"Other"
165599,"KOGAN","KAOD77X98JSVC",194.677,"OLED",131.1,"N/A","Available",5.5,"KOGAN",76.64448818897637,"Other"
165599,"KOGAN","KAOD77X98JSV series",194.677,"OLED",131.1,"N/A","Available",5.5,"KOGAN",76.64448818897637,"Other"
165603,"KOGAN","KAQL100XQ98GSVA",252.751,"OLED",446.3,"N/A","Available",3,"KOGAN",99.50826771653543,"Other"
165603,"KOGAN","KAQL100XQ98GSVB",252.751,"OLED",446.3,"N/A","Available",3,"KOGAN",99.50826771653543,"Other"
165603,"KOGAN","KAQL100XQ98GSVC",252.751,"OLED",446.3,"N/A","Available",3,"KOGAN",99.50826771653543,"Other"
165603,"KOGAN","KAQL100XQ98GSV series",252.751,"OLED",446.3,"N/A","Available",3,"KOGAN",99.50826771653543,"Other"
165604,"Kogan","KAQL55R96KA",138.783,"LCD (LED)",69.4,"N/A","Available",5.5,"KOGAN",54.63897637795275,"Other"
165605,"Kogan","KAQL65R96KA",163.897,"LCD (LED)",92.9,"N/A","Available",5.5,"KOGAN",64.52637795275591,"65-inch"
165627,"LG","86NANO80A6A",217.425,"LCD (LED)",212,"N/A","Available",5,"LG",85.60039370078741,"Other"
165628,"LG","86NANO80ASA",217.425,"LCD (LED)",212,"N/A","Available",5,"LG",85.60039370078741,"Other"
165629,"LG","OLED55C5PSA",138.783,"OLED",101,"N/A","Available",4.5,"LG",54.63897637795275,"Other"
165630,"LG","OLED55C56LA",138.783,"OLED",101,"N/A","Available",4.5,"LG",54.63897637795275,"Other"
165631,"LG","OLED55G5PSA",138.783,"OLED",96,"N/A","Available",4.5,"LG",54.63897637795275,"Other"
165632,"LG","OLED55G55LW",138.783,"OLED",96,"N/A","Available",4.5,"LG",54.63897637795275,"Other"
165633,"LG","OLED65C5PSA",163.897,"OLED",124,"N/A","Available",5,"LG",64.52637795275591,"65-inch"
165634,"LG","OLED65C56LA",163.897,"OLED",124,"N/A","Available",5,"LG",64.52637795275591,"65-inch"
165635,"LG","OLED77C5PSA",194.738,"OLED",163,"N/A","Available",5,"LG",76.66850393700787,"Other"
165636,"LG","OLED77C56LA",194.738,"OLED",163,"N/A","Available",5,"LG",76.66850393700787,"Other"
165637,"LG","OLED83G5PSA",209.585,"OLED",189,"N/A","Available",5,"LG",82.51377952755905,"Other"
165638,"LG","OLED83G56LA",209.585,"OLED",189,"N/A","Available",5,"LG",82.51377952755905,"Other"
165639,"BAUHN","ATV24HDW-0225",59.824,"LCD",17.766,"N/A","Available",6,"BAUHN",23.55275590551181,"Other"
165650,"JVC","JV5524M",138.783,"LCD (LED)",65.9,"9.0","Available",6,"JVC",54.63897637795275,"Other"
165651,"JVC","JV6524M",163.897,"LCD (LED)",97.7,"8.0","Available",5,"JVC",64.52637795275591,"65-inch"
165660,"CHiQ","U75M9",189.34,"LCD",154.23,"N/A","Available",5,"CHIQ",74.54330708661418,"Other"
165703,"Linsar","LS24HDNF-12V",59.824,"LCD",17.766,"N/A","Available",6,"LINSAR",23.55275590551181,"Other"
165713,"DGTEC","DG24HDDVD12V",59.827,"LCD (LED)",20.96,"8.0","Available",5,"DGTEC",23.553937007874016,"Other"
165764,"EKO","K65USTW",163.896,"LCD",113.2,"N/A","Available",5.5,"EKO",64.5259842519685,"65-inch"
165765,"EKO","K55USTW",138.783,"LCD",92.1,"N/A","Available",5,"EKO",54.63897637795275,"Other"
165767,"QBELL","QTU55T",138.783,"LCD",92.1,"N/A","Available",5,"QBELL",54.63897637795275,"Other"
165774,"SONY","K-55XR80M2",138.798,"OLED",91.6,"N/A","Available",5,"SONY",54.64488188976378,"Other"
165775,"SONY","K-65XR80M2",163.878,"OLED",102.9,"N/A","Available",5.5,"SONY",64.51889763779526,"65-inch"
165788,"EKO","K50UST",125.731,"LCD (LED)",76.8,"N/A","Available",5,"EKO",49.5003937007874,"Other"
165789,"QBELL","QTU50T",125.731,"LCD (LED)",76.8,"N/A","Available",5,"QBELL",49.5003937007874,"Other"
165793,"LG","50QNED80A6A",125.727,"LCD (LED)",68,"N/A","Available",5.5,"LG",49.4988188976378,"Other"
165794,"LG","50QNED81ASA",125.727,"LCD (LED)",68,"N/A","Available",5.5,"LG",49.4988188976378,"Other"
165795,"LG","OLED48C5PSA",120.721,"OLED",76,"N/A","Available",4.5,"LG",47.52795275590551,"Other"
165796,"LG","OLED48C56LA",120.721,"OLED",76,"N/A","Available",4.5,"LG",47.52795275590551,"Other"
165797,"LG","OLED55B5PSA",138.783,"OLED",88,"N/A","Available",5,"LG",54.63897637795275,"Other"
165798,"LG","OLED55B56LA",138.783,"OLED",88,"N/A","Available",5,"LG",54.63897637795275,"Other"
165799,"LG","OLED65B5PSA",163.897,"OLED",106,"N/A","Available",5.5,"LG",64.52637795275591,"65-inch"
165800,"LG","OLED65B56LA",163.897,"OLED",106,"N/A","Available",5.5,"LG",64.52637795275591,"65-inch"
165816,"QBELL","QTF40T",100.337,"LCD (LED)",51.3,"N/A","Available",5,"QBELL",39.50275590551181,"Other"
165831,"PHILIPS","40PFT6529/79",100.332,"LCD (LED)",41.6,"N/A","Available",5.5,"PHILIPS",39.5007874015748,"Other"
165872,"EKO","K42FST",105.422,"LCD (LED)",55,"N/A","Available",5,"EKO",41.50472440944882,"Other"
165875,"PHILIPS","32PHT6529/79",80.039,"LCD (LED)",35.8,"N/A","Available",4.5,"PHILIPS",31.511417322834646,"32-inch"
165906,"LG","OLED42C5PSA",105.52,"OLED",65,"N/A","Available",4,"LG",41.54330708661417,"Other"
165907,"LG","OLED42C54LA",105.52,"OLED",65,"N/A","Available",4,"LG",41.54330708661417,"Other"
165908,"LG","OLED77G5PSA",194.738,"OLED",153,"N/A","Available",5.5,"LG",76.66850393700787,"Other"
165909,"LG","OLED77G56LA",194.738,"OLED",153,"N/A","Available",5.5,"LG",76.66850393700787,"Other"
165958,"LG","55QNED86A6A",138.783,"LCD (LED)",82,"N/A","Available",5.5,"LG",54.63897637795275,"Other"
165959,"LG","55QNED86ASA",138.783,"LCD (LED)",82,"N/A","Available",5.5,"LG",54.63897637795275,"Other"
165960,"LG","65QNED86A6A",163.897,"LCD (LED)",105,"N/A","Available",5.5,"LG",64.52637795275591,"65-inch"
165961,"LG","65QNED86ASA",163.897,"LCD (LED)",105,"N/A","Available",5.5,"LG",64.52637795275591,"65-inch"
166021,"AOA","LTW50UHD",125.731,"LCD (LED)",73.4,"N/A","Available",5,"AOA",49.5003937007874,"Other"
166046,"PHILIPS","77OLED720/79",198.546,"OLED",188.5,"N/A","Available",4,"PHILIPS",78.16771653543307,"Other"
166054,"LG","65NANO80A6A",163.897,"LCD (LED)",118,"N/A","Available",5,"LG",64.52637795275591,"65-inch"
166055,"LG","65NANO80ASA",163.897,"LCD (LED)",118,"N/A","Available",5,"LG",64.52637795275591,"65-inch"
166056,"LG","65QNED80A6A",163.897,"LCD (LED)",98,"N/A","Available",6,"LG",64.52637795275591,"65-inch"
166057,"LG","65QNED81ASA",163.897,"LCD (LED)",98,"N/A","Available",6,"LG",64.52637795275591,"65-inch"
166058,"LG","75NANO80A6A",189.275,"LCD (LED)",165,"N/A","Available",5,"LG",74.51771653543307,"Other"
166059,"LG","75NANO80ASA",189.275,"LCD (LED)",165,"N/A","Available",5,"LG",74.51771653543307,"Other"
166060,"LG","75QNED80A6A",189.275,"LCD (LED)",106,"N/A","Available",7,"LG",74.51771653543307,"Other"
166061,"LG","75QNED81ASA",189.275,"LCD (LED)",106,"N/A","Available",7,"LG",74.51771653543307,"Other"
166062,"LG","75QNED86ASA",189.275,"LCD (LED)",106,"N/A","Available",7,"LG",74.51771653543307,"Other"
166063,"LG","86QNED80A6A",217.425,"LCD (LED)",132,"N/A","Available",7,"LG",85.60039370078741,"Other"
166064,"AIWA","AWS580G",146.088,"LCD",82.5,"N/A","Available",5.5,"AIWA",57.514960629921255,"Other"
166074,"JVC","LT-70NQ7155A",176.539,"LCD",141.1,"N/A","Available",4.5,"JVC",69.5035433070866,"Other"
166077,"LG","86QNED81ASA",217.425,"LCD (LED)",132,"N/A","Available",7,"LG",85.60039370078741,"Other"
166078,"LG","OLED48B5PSA",120.721,"OLED",74,"N/A","Available",4.5,"LG",47.52795275590551,"Other"
166079,"LG","43NANO80A6B",107.987,"LCD (LED)",70,"N/A","Available",4,"LG",42.514566929133856,"Other"
166080,"LG","43NANO80ASA",107.987,"LCD (LED)",70,"N/A","Available",4,"LG",42.514566929133856,"Other"
166081,"LG","43QNED80A6A",107.987,"LCD (LED)",64,"N/A","Available",4.5,"LG",42.514566929133856,"Other"
166082,"LG","43QNED81ASA",107.987,"LCD (LED)",64,"N/A","Available",4.5,"LG",42.514566929133856,"Other"
166083,"LG","50NANO80A6A",125.727,"LCD (LED)",83,"N/A","Available",4.5,"LG",49.4988188976378,"Other"
166084,"LG","50NANO80ASA",125.727,"LCD (LED)",83,"N/A","Available",4.5,"LG",49.4988188976378,"Other"
166085,"LG","55NANO80A6A",138.783,"LCD (LED)",92,"N/A","Available",5,"LG",54.63897637795275,"Other"
166086,"LG","55NANO80ASA",138.783,"LCD (LED)",92,"N/A","Available",5,"LG",54.63897637795275,"Other"
166087,"LG","55QNED80A6A",138.783,"LCD (LED)",82,"N/A","Available",5.5,"LG",54.63897637795275,"Other"
166088,"LG","55QNED81ASA",138.783,"LCD (LED)",82,"N/A","Available",5.5,"LG",54.63897637795275,"Other"
166097,"PHILIPS","50PUT7039/79",125.731,"LCD (LED)",91.5,"N/A","Available",3.5,"PHILIPS",49.5003937007874,"Other"
166098,"PHILIPS","55PUT7039/79",138.783,"LCD (LED)",99.2,"N/A","Available",4,"PHILIPS",54.63897637795275,"Other"
166107,"SAMSUNG","UA43F6000FS",107.987,"LCD (LED)",49,"N/A","Available",5.5,"SAMSUNG",42.514566929133856,"Other"
166110,"Linsar","LS24HDNF-12V",59.774,"LCD",17.766,"N/A","Available",6,"LINSAR",23.53307086614173,"Other"
166115,"PRISM+","M55",138.783,"LCD (LED)",79.3,"N/A","Available",5,"PRISM+",54.63897637795275,"Other"
166150,"PRISM+","M65",163.897,"LCD (LED)",111.6,"N/A","Available",5,"PRISM+",64.52637795275591,"65-inch"
166151,"PRISM+","M75",189.338,"LCD (LED)",140.4,"N/A","Available",5,"PRISM+",74.54251968503937,"Other"
166155,"EKO","K32HSWV12",80.039,"LCD (LED)",35.3,"N/A","Available",5,"EKO",31.511417322834646,"32-inch"
166179,"LG","OLED65G5PSA",163.897,"OLED",115,"N/A","Available",5,"LG",64.52637795275591,"65-inch"
166197,"LG","OLED65G56LA",163.897,"OLED",115,"N/A","Available",5,"LG",64.52637795275591,"65-inch"
166198,"LG","OLED77B5PSA",194.738,"OLED",135,"N/A","Available",6,"LG",76.66850393700787,"Other"
166199,"LG","OLED77B56LA",194.738,"OLED",135,"N/A","Available",6,"LG",76.66850393700787,"Other"
166200,"LG","55QNED82ASA",138.783,"LCD (LED)",92,"N/A","Available",5,"LG",54.63897637795275,"Other"
166201,"LG","65QNED82ASA",163.897,"LCD (LED)",98,"N/A","Available",6,"LG",64.52637795275591,"65-inch"
166202,"LG","86QNED82ASA",217.425,"LCD (LED)",132,"N/A","Available",7,"LG",85.60039370078741,"Other"
166203,"LG","50QNED86ASA",125.727,"LCD (LED)",68,"N/A","Available",5.5,"LG",49.4988188976378,"Other"
166204,"LG","86QNED86A6A",217.425,"LCD (LED)",138,"N/A","Available",7,"LG",85.60039370078741,"Other"
166205,"LG","86QNED86ASA",217.425,"LCD (LED)",138,"N/A","Available",7,"LG",85.60039370078741,"Other"
166222,"QBELL","QTU70T",176.538,"LCD (LED)",147.1,"N/A","Available",3.5,"QBELL",69.50314960629922,"Other"
166235,"PHILIPS","75PUT7039/79",189.274,"LCD (LED)",162,"N/A","Available",4.5,"PHILIPS",74.51732283464567,"Other"
166237,"PHILIPS","65PUT7039/79",165.633,"LCD (LED)",115,"N/A","Available",5,"PHILIPS",65.20984251968504,"65-inch"
166238,"PHILIPS","86PUT7039/79",217.427,"LCD (LED)",231,"N/A","Available",4,"PHILIPS",85.6011811023622,"Other"
166272,"JVC","LT-32NQ5155A",80.054,"LCD (LED)",24.84,"N/A","Available",5.5,"JVC",31.517322834645668,"32-inch"
166273,"JVC","LT-43NQ5155A",107.95,"LCD (LED)",38.4,"N/A","Available",6,"JVC",42.5,"Other"
166274,"JVC","AV-AQ557155A",138.798,"LCD (LED)",61.38,"N/A","Available",6,"JVC",54.64488188976378,"Other"
166274,"JVC","LT-55NQ7155A",138.798,"LCD (LED)",61.38,"N/A","Available",6,"JVC",54.64488188976378,"Other"
166274,"JVC","LT-55NQ7155AW",138.798,"LCD (LED)",61.38,"N/A","Available",6,"JVC",54.64488188976378,"Other"
166274,"JVC","LT-55NQ7155AX",138.798,"LCD (LED)",61.38,"N/A","Available",6,"JVC",54.64488188976378,"Other"
166276,"JVC","AV-AQ657155A",163.829,"LCD (LED)",105.96,"N/A","Available",5,"JVC",64.4996062992126,"65-inch"
166276,"JVC","LT-65NQ7155A",163.829,"LCD (LED)",105.96,"N/A","Available",5,"JVC",64.4996062992126,"65-inch"
166276,"JVC","LT-65NQ7155AW",163.829,"LCD (LED)",105.96,"N/A","Available",5,"JVC",64.4996062992126,"65-inch"
166276,"JVC","LT-65NQ7155AX",163.829,"LCD (LED)",105.96,"N/A","Available",5,"JVC",64.4996062992126,"65-inch"
166276,"JVC","AQ657155 series",163.829,"LCD (LED)",105.96,"N/A","Available",5,"JVC",64.4996062992126,"65-inch"
166274,"JVC","AQ557155A series",138.798,"LCD (LED)",61.38,"N/A","Available",6,"JVC",54.64488188976378,"Other"
166280,"JVC","AV-JQ757115A",189.306,"LCD (LED)",106.68,"N/A","Available",6,"JVC",74.52992125984252,"Other"
166280,"JVC","AV-JQ757115AE",189.306,"LCD (LED)",106.68,"N/A","Available",6,"JVC",74.52992125984252,"Other"
166280,"JVC","AV-JQ757115A series",189.306,"LCD (LED)",106.68,"N/A","Available",6,"JVC",74.52992125984252,"Other"
166330,"BLAUPUNKT","BP700UTS",176.538,"LCD (LED)",147.1,"N/A","Available",3.5,"BLAUPUNKT",69.50314960629922,"Other"
166343,"LG","50QNED82ASA",125.727,"LCD (LED)",81,"N/A","Available",4.5,"LG",49.4988188976378,"Other"
166344,"LG","75QNED82ASA",189.275,"LCD (LED)",106,"N/A","Available",7,"LG",74.51771653543307,"Other"
166345,"LG","OLED83C5PSA",209.585,"OLED",189,"N/A","Available",5,"LG",82.51377952755905,"Other"
166346,"LG","OLED83C56LA",209.585,"OLED",189,"N/A","Available",5,"LG",82.51377952755905,"Other"
166349,"TCL","55C7K",138.711,"LCD (LED)",106,"7.0","Available",4,"TCL",54.61062992125985,"Other"
166351,"TCL","50C7K",125.638,"LCD (LED)",87.6,"7.0","Available",4,"TCL",49.463779527559055,"Other"
166352,"TCL","75C7K",189.306,"LCD (LED)",190,"7.0","Available",4,"TCL",74.52992125984252,"Other"
166353,"TCL","85C7K",214.783,"LCD (LED)",175.2,"7.0","Available",5,"TCL",84.56023622047243,"Other"
166354,"TCL","55C6K",138.711,"LCD (LED)",86.5,"7.0","Available",4.5,"TCL",54.61062992125985,"Other"
166355,"TCL","65C6K",163.829,"LCD (LED)",115,"7.0","Available",5,"TCL",64.4996062992126,"65-inch"
166356,"TCL","75C6K",189.306,"LCD (LED)",140,"7.0","Available",5,"TCL",74.52992125984252,"Other"
166357,"TCL","85C6K",214.783,"LCD (LED)",175.2,"7.0","Available",5,"TCL",84.56023622047243,"Other"
166409,"BAUHN","ATV70UHDW-0325",176.555,"LCD (LED)",109.038,"N/A","Available",6,"BAUHN",69.50984251968504,"Other"
166422,"BLAUPUNKT","BP400FSG98",100.791,"LCD",50.5,"N/A","Available",5,"BLAUPUNKT",39.681496062992125,"Other"
154308,"BLAUPUNKT","BP320HSG9800",79.831,"LCD",34.296,"N/A","Available",5,"BLAUPUNKT",31.42952755905512,"32-inch"
154308,"BLAUPUNKT","BP320HSG98",79.831,"LCD",34.296,"N/A","Available",5,"BLAUPUNKT",31.42952755905512,"32-inch"
154308,"BLAUPUNKT","BP320FSG98",79.831,"LCD",34.296,"N/A","Available",5,"BLAUPUNKT",31.42952755905512,"32-inch"
166434,"Sony","K-55XR50",138.798,"LCD (LED)",111.8,"N/A","Available",4,"SONY",54.64488188976378,"Other"
166435,"Sony","K-65XR50",163.878,"LCD (LED)",150.7,"N/A","Available",4,"SONY",64.51889763779526,"65-inch"
166439,"BLAUPUNKT","BP750USG98",189.306,"LCD",204.81,"N/A","Available",3.5,"BLAUPUNKT",74.52992125984252,"Other"
166440,"EKO","K750UGTWQ",189.306,"LCD",204.81,"N/A","Available",3.5,"EKO",74.52992125984252,"Other"
166474,"LG","65QNED9MA6A",163.897,"LCD (LED)",140,"N/A","Available",4.5,"LG",64.52637795275591,"65-inch"
166475,"LG","65QNED9MASA",163.897,"LCD (LED)",140,"N/A","Available",4.5,"LG",64.52637795275591,"65-inch"
166476,"LG","75QNED9MA6A",189.275,"LCD (LED)",153,"N/A","Available",5,"LG",74.51771653543307,"Other"
166477,"LG","75QNED9MASA",189.275,"LCD (LED)",153,"N/A","Available",5,"LG",74.51771653543307,"Other"
166478,"LG","86QNED9MA6A",217.425,"LCD (LED)",187,"N/A","Available",5.5,"LG",85.60039370078741,"Other"
166479,"LG","86QNED9MASA",217.425,"LCD (LED)",187,"N/A","Available",5.5,"LG",85.60039370078741,"Other"
166493,"JVC","LT-50NQ7145A",125.731,"LCD (LED)",49.6,"N/A","Available",6,"JVC",49.5003937007874,"Other"
166493,"JVC","LT-50NQ7145AE",125.731,"LCD (LED)",49.6,"N/A","Available",6,"JVC",49.5003937007874,"Other"
156536,"BLAUPUNKT","BP550USG98",138.798,"LCD",94.96,"N/A","Available",4.5,"BLAUPUNKT",54.64488188976378,"Other"
156536,"BLAUPUNKT","BP550USG9800",138.798,"LCD",94.96,"N/A","Available",4.5,"BLAUPUNKT",54.64488188976378,"Other"
166520,"EKO","K550UGTQ",138.798,"LCD",87.96,"N/A","Available",4.5,"EKO",54.64488188976378,"Other"
166537,"EKO","K500UGTQ",125.638,"LCD",96.612,"N/A","Available",3.5,"EKO",49.463779527559055,"Other"
166538,"BLAUPUNKT","BP500USG98",125.638,"LCD",96.612,"N/A","Available",3.5,"BLAUPUNKT",49.463779527559055,"Other"
166543,"SAMSUNG","QA65QN900FW",163.897,"LCD (LED)",248,"N/A","Available",2,"SAMSUNG",64.52637795275591,"65-inch"
166543,"SAMSUNG","QA65QN900FS",163.897,"LCD (LED)",248,"N/A","Available",2,"SAMSUNG",64.52637795275591,"65-inch"
166543,"SAMSUNG","QA65QN900F*",163.897,"LCD (LED)",248,"N/A","Available",2,"SAMSUNG",64.52637795275591,"65-inch"
166545,"TCL","98P7K",247.604,"LCD (LED)",148.6,"7.0","Available",6,"TCL",97.48188976377953,"Other"
166552,"SAMSUNG","QA43LS03FAW",107.987,"LCD (LED)",70,"N/A","Available",4,"SAMSUNG",42.514566929133856,"Other"
166552,"SAMSUNG","QA43LS03FAS",107.987,"LCD (LED)",70,"N/A","Available",4,"SAMSUNG",42.514566929133856,"Other"
166552,"SAMSUNG","QA43LS03FA*",107.987,"LCD (LED)",70,"N/A","Available",4,"SAMSUNG",42.514566929133856,"Other"
166554,"SAMSUNG","QA55LS03FAW",138.783,"LCD (LED)",111,"N/A","Available",4,"SAMSUNG",54.63897637795275,"Other"
166554,"SAMSUNG","QA55LS03FAS",138.783,"LCD (LED)",111,"N/A","Available",4,"SAMSUNG",54.63897637795275,"Other"
166554,"SAMSUNG","QA55LS03FA*",138.783,"LCD (LED)",111,"N/A","Available",4,"SAMSUNG",54.63897637795275,"Other"
166555,"SAMSUNG","QA48S90FAE",120.721,"LCD (LED)",79,"N/A","Available",4.5,"SAMSUNG",47.52795275590551,"Other"
166560,"SAMSUNG","QA55S90FAW",138.783,"LCD (LED)",109,"N/A","Available",4,"SAMSUNG",54.63897637795275,"Other"
166560,"SAMSUNG","QA55S90FAS",138.783,"LCD (LED)",109,"N/A","Available",4,"SAMSUNG",54.63897637795275,"Other"
166560,"SAMSUNG","QA55S90FA*",138.783,"LCD (LED)",109,"N/A","Available",4,"SAMSUNG",54.63897637795275,"Other"
166597,"BLAUPUNKT","BP500FTS",125.731,"LCD (LED)",47.9,"N/A","Available",6,"BLAUPUNKT",49.5003937007874,"Other"
166610,"SAMSUNG","QA83S90FAE",209.585,"LCD (LED)",216,"N/A","Available",4.5,"SAMSUNG",82.51377952755905,"Other"
166612,"SAMSUNG","QA77S85FAE",194.738,"LCD (LED)",138,"N/A","Available",6,"SAMSUNG",76.66850393700787,"Other"
166617,"AIWA","AWS430QW",107.953,"LCD (LED)",45.69,"N/A","Available",6,"AIWA",42.5011811023622,"Other"
166618,"AIWA","AWS650G2",163.896,"LCD (LED)",92.9,"N/A","Available",6,"AIWA",64.5259842519685,"65-inch"
166629,"BLAUPUNKT","BP650USG98",163.829,"LCD",94.65,"N/A","Available",4,"BLAUPUNKT",64.4996062992126,"65-inch"
166636,"AIWA","AWS550QW",138.783,"LCD (LED)",98.27,"N/A","Available",4,"AIWA",54.63897637795275,"Other"
166637,"AIWA","AWS650QW",163.896,"LCD (LED)",134.33,"N/A","Available",4,"AIWA",64.5259842519685,"65-inch"
166559,"AKAI","AK40S9ZEN",100.34,"LCD (LED)",40.4,"N/A","Available",6,"AKAI",39.503937007874015,"Other"
166639,"AIWA","AWS500QW",125.731,"LCD (LED)",79.06,"N/A","Available",4,"AIWA",49.5003937007874,"Other"
166640,"EKO","K49FST",125.731,"LCD (LED)",47.9,"N/A","Available",6,"EKO",49.5003937007874,"Other"
166671,"KONIC","KKD32GS376AM",80.039,"LCD (LED)",31.2,"8.0","Available",5.5,"KONIC",31.511417322834646,"32-inch"
166672,"KONIC","KKD40GS376AM",100.337,"LCD (LED)",43.6,"8.0","Available",5.5,"KONIC",39.50275590551181,"Other"
166677,"LG","43QNED82ASA",107.987,"LCD (LED)",70,"N/A","Available",4,"LG",42.514566929133856,"Other"
166678,"LG","50UA8450PSA",125.727,"LCD (LED)",83,"N/A","Available",4.5,"LG",49.4988188976378,"Other"
166679,"LG","55UA8450PSA",138.783,"LCD (LED)",92,"N/A","Available",5,"LG",54.63897637795275,"Other"
166680,"LG","OLED65M5PSA",163.896,"OLED",140,"N/A","Available",4.5,"LG",64.5259842519685,"65-inch"
166681,"LG","OLED65M59LA",163.896,"OLED",140,"N/A","Available",4.5,"LG",64.5259842519685,"65-inch"
166710,"TCL","55P7K",138.711,"LCD (LED)",69.8,"8.0","Available",5.5,"TCL",54.61062992125985,"Other"
166711,"TCL","50P7K",125.638,"LCD (LED)",60.2,"7.0","Available",5.5,"TCL",49.463779527559055,"Other"
166741,"SAMSUNG","QA65QN80FAW",163.897,"LCD (LED)",154,"N/A","Available",4,"SAMSUNG",64.52637795275591,"65-inch"
166741,"SAMSUNG","QA65QN80FAS",163.897,"LCD (LED)",154,"N/A","Available",4,"SAMSUNG",64.52637795275591,"65-inch"
166741,"SAMSUNG","QA65QN80FA*",163.897,"LCD (LED)",154,"N/A","Available",4,"SAMSUNG",64.52637795275591,"65-inch"
166746,"SAMSUNG","QA55S85FAE",138.783,"LCD (LED)",104,"N/A","Available",4,"SAMSUNG",54.63897637795275,"Other"
166754,"BAUHN","ATV32HDW-0425",80.06,"LCD",25.23,"N/A","Available",6,"BAUHN",31.519685039370078,"32-inch"
166757,"PHILIPS","75PQT9020/79",189.34,"LCD (LED)",203.5,"N/A","Available",3.5,"PHILIPS",74.54330708661418,"Other"
166760,"SAMSUNG","QA55S95FAW",138.783,"LCD (LED)",109,"N/A","Available",4,"SAMSUNG",54.63897637795275,"Other"
166760,"SAMSUNG","QA55S95FAS",138.783,"LCD (LED)",109,"N/A","Available",4,"SAMSUNG",54.63897637795275,"Other"
166760,"SAMSUNG","QA55S95FA*",138.783,"LCD (LED)",109,"N/A","Available",4,"SAMSUNG",54.63897637795275,"Other"
166765,"HISENSE","55S7NAU",138.783,"LCD (LED)",87.99,"N/A","Available",4.5,"HISENSE",54.63897637795275,"Other"
166766,"HISENSE","65S7NAU",163.896,"LCD (LED)",105.58,"N/A","Available",5.5,"HISENSE",64.5259842519685,"65-inch"
166782,"SAMSUNG","QA65S85FAE",163.897,"LCD (LED)",129,"N/A","Available",4.5,"SAMSUNG",64.52637795275591,"65-inch"
166783,"SAMSUNG","QA65S90FAE",163.897,"LCD (LED)",145,"N/A","Available",4,"SAMSUNG",64.52637795275591,"65-inch"
166784,"SAMSUNG","QA77S90FAE",194.738,"LCD (LED)",174,"N/A","Available",5,"SAMSUNG",76.66850393700787,"Other"
166787,"SAMSUNG","QA55QN90FAW",138.783,"LCD (LED)",110,"N/A","Available",4,"SAMSUNG",54.63897637795275,"Other"
166787,"SAMSUNG","QA55QN90FAS",138.783,"LCD (LED)",110,"N/A","Available",4,"SAMSUNG",54.63897637795275,"Other"
166787,"SAMSUNG","QA55QN90FA*",138.783,"LCD (LED)",110,"N/A","Available",4,"SAMSUNG",54.63897637795275,"Other"
166797,"HYUNDAI","H50UHDQLDZEN",125.731,"LCD (LED)",58.81,"N/A","Available",6,"HYUNDAI",49.5003937007874,"Other"
166798,"HYUNDAI","H55UHDQLDZEN",138.783,"LCD (LED)",71.5,"N/A","Available",6,"HYUNDAI",54.63897637795275,"Other"
166799,"HYUNDAI","H65UHDQLDZEN",163.896,"LCD (LED)",92,"N/A","Available",6,"HYUNDAI",64.5259842519685,"65-inch"
166801,"HYUNDAI","H75UHDQLDZEN",189.34,"LCD (LED)",122.94,"N/A","Available",6,"HYUNDAI",74.54330708661418,"Other"
166809,"EKO","K430FGTQ",108.135,"LCD",45.012,"N/A","Available",5,"EKO",42.572834645669296,"Other"
166810,"BAUHN","ATV55UHDW-0425",138.401,"LCD",70,"N/A","Available",6,"BAUHN",54.48858267716536,"Other"
166812,"PHILIPS","65PQT9020/79",163.896,"LCD (LED)",175.9,"N/A","Available",3,"PHILIPS",64.5259842519685,"65-inch"
166813,"PHILIPS","86PQT9020/79",217.427,"LCD (LED)",287.2,"N/A","Available",3,"PHILIPS",85.6011811023622,"Other"
166818,"SONY","K-75XR50",189.306,"LCD (LED)",195.4,"N/A","Available",4,"SONY",74.52992125984252,"Other"
166821,"LG","OLED77T4PSA",194.738,"OLED",182,"N/A","Available",4.5,"LG",76.66850393700787,"Other"
166822,"LG","43UA8450PSA",107.987,"LCD (LED)",70,"N/A","Available",4,"LG",42.514566929133856,"Other"
166823,"LG","OLED77M5PSA",194.738,"OLED",178,"N/A","Available",4.5,"LG",76.66850393700787,"Other"
166824,"SONY","K-85XR50",214.783,"LCD (LED)",216.9,"N/A","Available",4.5,"SONY",84.56023622047243,"Other"
166826,"LG","OLED77M56LA",194.738,"OLED",178,"N/A","Available",4.5,"LG",76.66850393700787,"Other"
166827,"LG","OLED83M5PSA",209.585,"OLED",214,"N/A","Available",4.5,"LG",82.51377952755905,"Other"
166828,"LG","OLED83M56LA",209.585,"OLED",214,"N/A","Available",4.5,"LG",82.51377952755905,"Other"
166885,"SAMSUNG","QA42S90FAE",105.52,"LCD (LED)",67,"N/A","Available",4,"SAMSUNG",41.54330708661417,"Other"
166886,"SAMSUNG","QA43QN90FAW",107.987,"LCD (LED)",62,"N/A","Available",4.5,"SAMSUNG",42.514566929133856,"Other"
166886,"SAMSUNG","QA43QN90FAS",107.987,"LCD (LED)",62,"N/A","Available",4.5,"SAMSUNG",42.514566929133856,"Other"
166886,"SAMSUNG","QA43QN90FA*",107.987,"LCD (LED)",62,"N/A","Available",4.5,"SAMSUNG",42.514566929133856,"Other"
166887,"SAMSUNG","QA55QN70FAW",138.783,"LCD (LED)",107,"N/A","Available",4,"SAMSUNG",54.63897637795275,"Other"
166887,"SAMSUNG","QA55QN70FAS",138.783,"LCD (LED)",107,"N/A","Available",4,"SAMSUNG",54.63897637795275,"Other"
166887,"SAMSUNG","QA55QN70FA*",138.783,"LCD (LED)",107,"N/A","Available",4,"SAMSUNG",54.63897637795275,"Other"
166897,"SAMSUNG","QA65QN70FAW",163.897,"LCD (LED)",141,"N/A","Available",4.5,"SAMSUNG",64.52637795275591,"65-inch"
166897,"SAMSUNG","QA65QN70FAS",163.897,"LCD (LED)",141,"N/A","Available",4.5,"SAMSUNG",64.52637795275591,"65-inch"
166897,"SAMSUNG","QA65QN70FA*",163.897,"LCD (LED)",141,"N/A","Available",4.5,"SAMSUNG",64.52637795275591,"65-inch"
166898,"SAMSUNG","QA65QN90FAW",163.897,"LCD (LED)",137,"N/A","Available",4.5,"SAMSUNG",64.52637795275591,"65-inch"
166898,"SAMSUNG","QA65QN90FAS",163.897,"LCD (LED)",137,"N/A","Available",4.5,"SAMSUNG",64.52637795275591,"65-inch"
166898,"SAMSUNG","QA65QN90FA*",163.897,"LCD (LED)",137,"N/A","Available",4.5,"SAMSUNG",64.52637795275591,"65-inch"
166899,"SAMSUNG","QA65S95FAW",163.897,"LCD (LED)",152,"N/A","Available",4,"SAMSUNG",64.52637795275591,"65-inch"
166899,"SAMSUNG","QA65S95FAS",163.897,"LCD (LED)",152,"N/A","Available",4,"SAMSUNG",64.52637795275591,"65-inch"
166899,"SAMSUNG","QA65S95FA*",163.897,"LCD (LED)",152,"N/A","Available",4,"SAMSUNG",64.52637795275591,"65-inch"
166900,"TCL","65C7K",163.829,"LCD (LED)",134.4,"7.0","Available",4.5,"TCL",64.4996062992126,"65-inch"
166901,"SAMSUNG","QA75QN70FAW",189.338,"LCD (LED)",156,"N/A","Available",5,"SAMSUNG",74.54251968503937,"Other"
166901,"SAMSUNG","QA75QN70FAS",189.338,"LCD (LED)",156,"N/A","Available",5,"SAMSUNG",74.54251968503937,"Other"
166901,"SAMSUNG","QA75QN70FA*",189.338,"LCD (LED)",156,"N/A","Available",5,"SAMSUNG",74.54251968503937,"Other"
166953,"SAMSUNG","QA75QN900FW",189.338,"LCD (LED)",271,"N/A","Available",2.5,"SAMSUNG",74.54251968503937,"Other"
166953,"SAMSUNG","QA75QN900FS",189.338,"LCD (LED)",271,"N/A","Available",2.5,"SAMSUNG",74.54251968503937,"Other"
166953,"SAMSUNG","QA75QN900F*",189.338,"LCD (LED)",271,"N/A","Available",2.5,"SAMSUNG",74.54251968503937,"Other"
166954,"SAMSUNG","QA75QN90FAW",189.338,"LCD (LED)",151,"N/A","Available",5,"SAMSUNG",74.54251968503937,"Other"
166954,"SAMSUNG","QA75QN90FAS",189.338,"LCD (LED)",151,"N/A","Available",5,"SAMSUNG",74.54251968503937,"Other"
166954,"SAMSUNG","QA75QN90FA*",189.338,"LCD (LED)",151,"N/A","Available",5,"SAMSUNG",74.54251968503937,"Other"
166955,"SAMSUNG","QA77S95FAW",195.177,"LCD (LED)",216,"N/A","Available",4,"SAMSUNG",76.84133858267717,"Other"
166955,"SAMSUNG","QA77S95FAS",195.177,"LCD (LED)",216,"N/A","Available",4,"SAMSUNG",76.84133858267717,"Other"
166955,"SAMSUNG","QA77S95FA*",195.177,"LCD (LED)",216,"N/A","Available",4,"SAMSUNG",76.84133858267717,"Other"
166956,"SAMSUNG","QA83S85FAE",209.585,"LCD (LED)",186,"N/A","Available",5,"SAMSUNG",82.51377952755905,"Other"
166957,"SAMSUNG","QA85QN70FAW",214.783,"LCD (LED)",199,"N/A","Available",5,"SAMSUNG",84.56023622047243,"Other"
166957,"SAMSUNG","QA85QN70FAS",214.783,"LCD (LED)",199,"N/A","Available",5,"SAMSUNG",84.56023622047243,"Other"
166957,"SAMSUNG","QA85QN70FA*",214.783,"LCD (LED)",199,"N/A","Available",5,"SAMSUNG",84.56023622047243,"Other"
166959,"SAMSUNG","QA85QN900FW",214.783,"LCD (LED)",286,"N/A","Available",3.5,"SAMSUNG",84.56023622047243,"Other"
166959,"SAMSUNG","QA85QN900FS",214.783,"LCD (LED)",286,"N/A","Available",3.5,"SAMSUNG",84.56023622047243,"Other"
166959,"SAMSUNG","QA85QN900F*",214.783,"LCD (LED)",286,"N/A","Available",3.5,"SAMSUNG",84.56023622047243,"Other"
166960,"SAMSUNG","QA85QN90FAW",214.783,"LCD (LED)",211,"N/A","Available",5,"SAMSUNG",84.56023622047243,"Other"
166960,"SAMSUNG","QA85QN90FAS",214.783,"LCD (LED)",211,"N/A","Available",5,"SAMSUNG",84.56023622047243,"Other"
166960,"SAMSUNG","QA85QN90FA*",214.783,"LCD (LED)",211,"N/A","Available",5,"SAMSUNG",84.56023622047243,"Other"
166961,"SAMSUNG","QA85QN990FW",214.783,"LCD (LED)",360,"N/A","Available",2.5,"SAMSUNG",84.56023622047243,"Other"
166961,"SAMSUNG","QA85QN990FS",214.783,"LCD (LED)",360,"N/A","Available",2.5,"SAMSUNG",84.56023622047243,"Other"
166961,"SAMSUNG","QA85QN990F*",214.783,"LCD (LED)",360,"N/A","Available",2.5,"SAMSUNG",84.56023622047243,"Other"
166962,"SAMSUNG","QA98QN90FAW",247.688,"LCD (LED)",242,"N/A","Available",5.5,"SAMSUNG",97.51496062992125,"Other"
166962,"SAMSUNG","QA98QN90FAS",247.688,"LCD (LED)",242,"N/A","Available",5.5,"SAMSUNG",97.51496062992125,"Other"
166962,"SAMSUNG","QA98QN90FA*",247.688,"LCD (LED)",242,"N/A","Available",5.5,"SAMSUNG",97.51496062992125,"Other"
166999,"TCL","65P7K",163.829,"LCD (LED)",75,"7.0","Available",6,"TCL",64.4996062992126,"65-inch"
167002,"SAMSUNG","QA65QN990FW",163.897,"LCD (LED)",282,"N/A","Available",1,"SAMSUNG",64.52637795275591,"65-inch"
167002,"SAMSUNG","QA65QN990FS",163.897,"LCD (LED)",282,"N/A","Available",1,"SAMSUNG",64.52637795275591,"65-inch"
167002,"SAMSUNG","QA65QN990F*",163.897,"LCD (LED)",282,"N/A","Available",1,"SAMSUNG",64.52637795275591,"65-inch"
167005,"TCL","43P7K",107.95,"LCD (LED)",50.5,"7.0","Available",4.5,"TCL",42.5,"Other"
167007,"LG","OLED97G5PSA",245.145,"OLED",228,"N/A","Available",5.5,"LG",96.51377952755905,"Other"
167008,"LG","OLED97G56LA",245.145,"OLED",228,"N/A","Available",5.5,"LG",96.51377952755905,"Other"
167009,"LG","OLED97M5PSA",245.145,"OLED",253,"N/A","Available",5,"LG",96.51377952755905,"Other"
167010,"LG","OLED97M56LA",245.145,"OLED",253,"N/A","Available",5,"LG",96.51377952755905,"Other"
167016,"SAMSUNG ELECTRONICS","UA43TU8000W",107.95,"LCD (LED)",69,"N/A","Available",4,"SAMSUNG ELECTRONICS",42.5,"Other"
167016,"SAMSUNG ELECTRONICS","UA43TU8000S",107.95,"LCD (LED)",69,"N/A","Available",4,"SAMSUNG ELECTRONICS",42.5,"Other"
167016,"SAMSUNG ELECTRONICS","UA43TU8500S",107.95,"LCD (LED)",69,"N/A","Available",4,"SAMSUNG ELECTRONICS",42.5,"Other"
167016,"SAMSUNG ELECTRONICS","UA43TU8000",107.95,"LCD (LED)",69,"N/A","Available",4,"SAMSUNG ELECTRONICS",42.5,"Other"
167018,"SAMSUNG ELECTRONICS","UA75TU8000W",189.579,"LCD (LED)",154,"N/A","Available",5,"SAMSUNG ELECTRONICS",74.63740157480315,"Other"
167018,"SAMSUNG ELECTRONICS","UA75TU8000S",189.579,"LCD (LED)",154,"N/A","Available",5,"SAMSUNG ELECTRONICS",74.63740157480315,"Other"
167018,"SAMSUNG ELECTRONICS","UA75TU8000",189.579,"LCD (LED)",154,"N/A","Available",5,"SAMSUNG ELECTRONICS",74.63740157480315,"Other"
167019,"SAMSUNG","QA65LS03FWW",163.897,"LCD (LED)",154,"N/A","Available",4,"SAMSUNG",64.52637795275591,"65-inch"
167019,"SAMSUNG","QA65LS03FWS",163.897,"LCD (LED)",154,"N/A","Available",4,"SAMSUNG",64.52637795275591,"65-inch"
167019,"SAMSUNG","QA65LS03FW*",163.897,"LCD (LED)",154,"N/A","Available",4,"SAMSUNG",64.52637795275591,"65-inch"
167021,"SAMSUNG","QA83S95FAE",209.585,"LCD (LED)",248,"N/A","Available",4,"SAMSUNG",82.51377952755905,"Other"
167024,"SAMSUNG","QA85Q8FAAW",214.783,"LCD (LED)",196,"N/A","Available",5,"SAMSUNG",84.56023622047243,"Other"
167024,"SAMSUNG","QA85Q8FAAS",214.783,"LCD (LED)",196,"N/A","Available",5,"SAMSUNG",84.56023622047243,"Other"
167024,"SAMSUNG","QA85Q8F5AW",214.783,"LCD (LED)",196,"N/A","Available",5,"SAMSUNG",84.56023622047243,"Other"
167024,"SAMSUNG","QA85Q8F*A*",214.783,"LCD (LED)",196,"N/A","Available",5,"SAMSUNG",84.56023622047243,"Other"
167025,"SAMSUNG","QA75Q8FAAW",189.338,"LCD (LED)",181,"N/A","Available",4.5,"SAMSUNG",74.54251968503937,"Other"
167025,"SAMSUNG","QA75Q8FAAS",189.338,"LCD (LED)",181,"N/A","Available",4.5,"SAMSUNG",74.54251968503937,"Other"
167025,"SAMSUNG","QA75Q8F5AW",189.338,"LCD (LED)",181,"N/A","Available",4.5,"SAMSUNG",74.54251968503937,"Other"
167025,"SAMSUNG","QA75Q8F*A*",189.338,"LCD (LED)",181,"N/A","Available",4.5,"SAMSUNG",74.54251968503937,"Other"
167027,"SAMSUNG","QA65Q8FAAW",163.897,"LCD (LED)",122,"N/A","Available",5,"SAMSUNG",64.52637795275591,"65-inch"
167027,"SAMSUNG","QA65Q8FAAS",163.897,"LCD (LED)",122,"N/A","Available",5,"SAMSUNG",64.52637795275591,"65-inch"
167027,"SAMSUNG","QA65Q8F5AW",163.897,"LCD (LED)",122,"N/A","Available",5,"SAMSUNG",64.52637795275591,"65-inch"
167027,"SAMSUNG","QA65Q8F*A*",163.897,"LCD (LED)",122,"N/A","Available",5,"SAMSUNG",64.52637795275591,"65-inch"
167029,"SAMSUNG","QA55Q8FAAW",138.783,"LCD (LED)",79,"N/A","Available",5.5,"SAMSUNG",54.63897637795275,"Other"
167029,"SAMSUNG","QA55Q8FAAS",138.783,"LCD (LED)",79,"N/A","Available",5.5,"SAMSUNG",54.63897637795275,"Other"
167029,"SAMSUNG","QA55Q8F5AW",138.783,"LCD (LED)",79,"N/A","Available",5.5,"SAMSUNG",54.63897637795275,"Other"
167029,"SAMSUNG","QA55Q8F*A*",138.783,"LCD (LED)",79,"N/A","Available",5.5,"SAMSUNG",54.63897637795275,"Other"
167031,"SAMSUNG","QA50Q8FAAW",125.727,"LCD (LED)",75,"N/A","Available",5,"SAMSUNG",49.4988188976378,"Other"
167031,"SAMSUNG","QA50Q8FAAS",125.727,"LCD (LED)",75,"N/A","Available",5,"SAMSUNG",49.4988188976378,"Other"
167031,"SAMSUNG","QA50Q8F5AW",125.727,"LCD (LED)",75,"N/A","Available",5,"SAMSUNG",49.4988188976378,"Other"
167031,"SAMSUNG","QA50Q8F*A*",125.727,"LCD (LED)",75,"N/A","Available",5,"SAMSUNG",49.4988188976378,"Other"
167032,"SAMSUNG","QA43Q8FAAW",107.987,"LCD (LED)",68,"N/A","Available",4,"SAMSUNG",42.514566929133856,"Other"
167032,"SAMSUNG","QA43Q8FAAS",107.987,"LCD (LED)",68,"N/A","Available",4,"SAMSUNG",42.514566929133856,"Other"
167032,"SAMSUNG","QA43Q8F5AW",107.987,"LCD (LED)",68,"N/A","Available",4,"SAMSUNG",42.514566929133856,"Other"
167032,"SAMSUNG","QA43Q8F*A*",107.987,"LCD (LED)",68,"N/A","Available",4,"SAMSUNG",42.514566929133856,"Other"
167174,"SONY","K-98XR50",247.691,"LCD (LED)",356.4,"N/A","Available",3.5,"SONY",97.51614173228346,"Other"
167179,"SAMSUNG","QA55QN80FAW",138.783,"LCD (LED)",107,"N/A","Available",4,"SAMSUNG",54.63897637795275,"Other"
167179,"SAMSUNG","QA55QN80FAS",138.783,"LCD (LED)",107,"N/A","Available",4,"SAMSUNG",54.63897637795275,"Other"
167179,"SAMSUNG","QA55QN80FA*",138.783,"LCD (LED)",107,"N/A","Available",4,"SAMSUNG",54.63897637795275,"Other"
167181,"SAMSUNG","QA50QN80FAW",127.225,"LCD (LED)",100,"N/A","Available",4,"SAMSUNG",50.08858267716535,"Other"
167181,"SAMSUNG","QA50QN80FAS",127.225,"LCD (LED)",100,"N/A","Available",4,"SAMSUNG",50.08858267716535,"Other"
167181,"SAMSUNG","QA50QN80FA*",127.225,"LCD (LED)",100,"N/A","Available",4,"SAMSUNG",50.08858267716535,"Other"
167182,"SAMSUNG","QA75QN80FAW",189.338,"LCD (LED)",204,"N/A","Available",4,"SAMSUNG",74.54251968503937,"Other"
167182,"SAMSUNG","QA75QN80FAS",189.338,"LCD (LED)",204,"N/A","Available",4,"SAMSUNG",74.54251968503937,"Other"
167182,"SAMSUNG","QA75QN80FA*",189.338,"LCD (LED)",204,"N/A","Available",4,"SAMSUNG",74.54251968503937,"Other"
167183,"SAMSUNG","QA85QN80FAW",214.783,"LCD (LED)",248,"N/A","Available",4,"SAMSUNG",84.56023622047243,"Other"
167183,"SAMSUNG","QA85QN80FAS",214.783,"LCD (LED)",248,"N/A","Available",4,"SAMSUNG",84.56023622047243,"Other"
167183,"SAMSUNG","QA85QN80FA*",214.783,"LCD (LED)",248,"N/A","Available",4,"SAMSUNG",84.56023622047243,"Other"
167194,"LG","100QNED86A6",252.784,"LCD (LED)",260,"N/A","Available",5.5,"LG",99.52125984251968,"Other"
167202,"LG","100QNED86AS",252.784,"LCD (LED)",260,"N/A","Available",5.5,"LG",99.52125984251968,"Other"
167235,"SAMSUNG","QA55QN85FAW",138.783,"LCD (LED)",111,"N/A","Available",4,"SAMSUNG",54.63897637795275,"Other"
167235,"SAMSUNG","QA55QN85FAS",138.783,"LCD (LED)",111,"N/A","Available",4,"SAMSUNG",54.63897637795275,"Other"
167235,"SAMSUNG","QA55QN85FA*",138.783,"LCD (LED)",111,"N/A","Available",4,"SAMSUNG",54.63897637795275,"Other"
167238,"SKYWORTH","24LP60G",60.469,"LCD (LED)",16.33,"N/A","Available",5.5,"SKYWORTH",23.806692913385827,"Other"
167239,"SAMSUNG","QA65QN85FAW",163.897,"LCD (LED)",140,"N/A","Available",4.5,"SAMSUNG",64.52637795275591,"65-inch"
167239,"SAMSUNG","QA65QN85FAS",163.897,"LCD (LED)",140,"N/A","Available",4.5,"SAMSUNG",64.52637795275591,"65-inch"
167239,"SAMSUNG","QA65QN85FA*",163.897,"LCD (LED)",140,"N/A","Available",4.5,"SAMSUNG",64.52637795275591,"65-inch"
167240,"SAMSUNG","QA75QN85FAW",189.338,"LCD (LED)",166,"N/A","Available",5,"SAMSUNG",74.54251968503937,"Other"
167240,"SAMSUNG","QA75QN85FAS",189.338,"LCD (LED)",166,"N/A","Available",5,"SAMSUNG",74.54251968503937,"Other"
167240,"SAMSUNG","QA75QN85FA*",189.338,"LCD (LED)",166,"N/A","Available",5,"SAMSUNG",74.54251968503937,"Other"
167242,"SAMSUNG","QA85QN85FAW",214.783,"LCD (LED)",211,"N/A","Available",5,"SAMSUNG",84.56023622047243,"Other"
167242,"SAMSUNG","QA85QN85FAS",214.783,"LCD (LED)",211,"N/A","Available",5,"SAMSUNG",84.56023622047243,"Other"
167242,"SAMSUNG","QA85QN85FA*",214.783,"LCD (LED)",211,"N/A","Available",5,"SAMSUNG",84.56023622047243,"Other"
167244,"SAMSUNG","QA50LS03FAW",125.727,"LCD (LED)",92,"N/A","Available",4,"SAMSUNG",49.4988188976378,"Other"
167244,"SAMSUNG","QA50LS03FAS",125.727,"LCD (LED)",92,"N/A","Available",4,"SAMSUNG",49.4988188976378,"Other"
167244,"SAMSUNG","QA50LS03FA*",125.727,"LCD (LED)",92,"N/A","Available",4,"SAMSUNG",49.4988188976378,"Other"
167245,"SAMSUNG","QA65LS03FAW",163.897,"LCD (LED)",153,"N/A","Available",4,"SAMSUNG",64.52637795275591,"65-inch"
167247,"SAMSUNG","QA75LS03FWW",189.338,"LCD (LED)",189,"N/A","Available",4,"SAMSUNG",74.54251968503937,"Other"
167247,"SAMSUNG","QA75LS03FWS",189.338,"LCD (LED)",189,"N/A","Available",4,"SAMSUNG",74.54251968503937,"Other"
167247,"SAMSUNG","QA75LS03FW*",189.338,"LCD (LED)",189,"N/A","Available",4,"SAMSUNG",74.54251968503937,"Other"
167249,"SAMSUNG","QA85LS03FWW",214.783,"LCD (LED)",220,"N/A","Available",4.5,"SAMSUNG",84.56023622047243,"Other"
167249,"SAMSUNG","QA85LS03FWS",214.783,"LCD (LED)",220,"N/A","Available",4.5,"SAMSUNG",84.56023622047243,"Other"
167249,"SAMSUNG","QA85LS03FW*",214.783,"LCD (LED)",220,"N/A","Available",4.5,"SAMSUNG",84.56023622047243,"Other"
167250,"SAMSUNG","QA50QN90FAW",125.727,"LCD (LED)",77,"N/A","Available",5,"SAMSUNG",49.4988188976378,"Other"
167250,"SAMSUNG","QA50QN90FAS",125.727,"LCD (LED)",77,"N/A","Available",5,"SAMSUNG",49.4988188976378,"Other"
167250,"SAMSUNG","QA50QN90FA*",125.727,"LCD (LED)",77,"N/A","Available",5,"SAMSUNG",49.4988188976378,"Other"
167265,"Monster","MT24HDNFB",59.827,"LCD (LED)",15.38,"N/A","Available",6,"MONSTER",23.553937007874016,"Other"
167317,"Monster","MT32HDNFB",80.043,"LCD (LED)",15.87,"N/A","Available",8,"MONSTER",31.512992125984255,"32-inch"
167343,"SAMSUNG","QA55Q7FAAW",138.783,"LCD (LED)",84,"N/A","Available",5,"SAMSUNG",54.63897637795275,"Other"
167343,"SAMSUNG","QA55Q7FAAS",138.783,"LCD (LED)",84,"N/A","Available",5,"SAMSUNG",54.63897637795275,"Other"
167343,"SAMSUNG","QA55Q7F5AW",138.783,"LCD (LED)",84,"N/A","Available",5,"SAMSUNG",54.63897637795275,"Other"
167343,"SAMSUNG","QA55Q7F5AS",138.783,"LCD (LED)",84,"N/A","Available",5,"SAMSUNG",54.63897637795275,"Other"
167343,"SAMSUNG","QA55QEF1AW",138.783,"LCD (LED)",84,"N/A","Available",5,"SAMSUNG",54.63897637795275,"Other"
167343,"SAMSUNG","QA55QEF1AS",138.783,"LCD (LED)",84,"N/A","Available",5,"SAMSUNG",54.63897637795275,"Other"
167343,"SAMSUNG","55Q7F",138.783,"LCD (LED)",84,"N/A","Available",5,"SAMSUNG",54.63897637795275,"Other"
167356,"SAMSUNG","QA65Q7FAAW",163.897,"LCD (LED)",117,"N/A","Available",5,"SAMSUNG",64.52637795275591,"65-inch"
167356,"SAMSUNG","QA65Q7FAAS",163.897,"LCD (LED)",117,"N/A","Available",5,"SAMSUNG",64.52637795275591,"65-inch"
167356,"SAMSUNG","QA65Q7F5AW",163.897,"LCD (LED)",117,"N/A","Available",5,"SAMSUNG",64.52637795275591,"65-inch"
167356,"SAMSUNG","QA65Q7F5AS",163.897,"LCD (LED)",117,"N/A","Available",5,"SAMSUNG",64.52637795275591,"65-inch"
167356,"SAMSUNG","QA65QEF1AW",163.897,"LCD (LED)",117,"N/A","Available",5,"SAMSUNG",64.52637795275591,"65-inch"
167356,"SAMSUNG","QA65QEF1AS",163.897,"LCD (LED)",117,"N/A","Available",5,"SAMSUNG",64.52637795275591,"65-inch"
167367,"SAMSUNG","QA65QN990FW",163.897,"LCD (LED)",259,"N/A","Available",1.5,"SAMSUNG",64.52637795275591,"65-inch"
167367,"SAMSUNG","QA65QN990FS",163.897,"LCD (LED)",259,"N/A","Available",1.5,"SAMSUNG",64.52637795275591,"65-inch"
167367,"SAMSUNG","QA65QN990F*",163.897,"LCD (LED)",259,"N/A","Available",1.5,"SAMSUNG",64.52637795275591,"65-inch"
167369,"SAMSUNG","QA85QN990FW",214.783,"LCD (LED)",330,"N/A","Available",3,"SAMSUNG",84.56023622047243,"Other"
167369,"SAMSUNG","QA85QN990FS",214.783,"LCD (LED)",330,"N/A","Available",3,"SAMSUNG",84.56023622047243,"Other"
167369,"SAMSUNG","QA85QN990F*",214.783,"LCD (LED)",330,"N/A","Available",3,"SAMSUNG",84.56023622047243,"Other"
167370,"SAMSUNG","QA75Q7FAAW",189.338,"LCD (LED)",143,"N/A","Available",5.5,"SAMSUNG",74.54251968503937,"Other"
167370,"SAMSUNG","QA75Q7FAAS",189.338,"LCD (LED)",143,"N/A","Available",5.5,"SAMSUNG",74.54251968503937,"Other"
167370,"SAMSUNG","QA75Q7F5AW",189.338,"LCD (LED)",143,"N/A","Available",5.5,"SAMSUNG",74.54251968503937,"Other"
167370,"SAMSUNG","QA75Q7F5AS",189.338,"LCD (LED)",143,"N/A","Available",5.5,"SAMSUNG",74.54251968503937,"Other"
167370,"SAMSUNG","QA75QEF1AW",189.338,"LCD (LED)",143,"N/A","Available",5.5,"SAMSUNG",74.54251968503937,"Other"
167370,"SAMSUNG","QA75QEF1AS",189.338,"LCD (LED)",143,"N/A","Available",5.5,"SAMSUNG",74.54251968503937,"Other"
167371,"SAMSUNG","QA85Q7FAAW",214.783,"LCD (LED)",187,"N/A","Available",5.5,"SAMSUNG",84.56023622047243,"Other"
167371,"SAMSUNG","QA85Q7FAAS",214.783,"LCD (LED)",187,"N/A","Available",5.5,"SAMSUNG",84.56023622047243,"Other"
167371,"SAMSUNG","QA85Q7F5AW",214.783,"LCD (LED)",187,"N/A","Available",5.5,"SAMSUNG",84.56023622047243,"Other"
167371,"SAMSUNG","QA85Q7F5AS",214.783,"LCD (LED)",187,"N/A","Available",5.5,"SAMSUNG",84.56023622047243,"Other"
167371,"SAMSUNG","QA85QEF1AW",214.783,"LCD (LED)",187,"N/A","Available",5.5,"SAMSUNG",84.56023622047243,"Other"
167371,"SAMSUNG","QA85QEF1AS",214.783,"LCD (LED)",187,"N/A","Available",5.5,"SAMSUNG",84.56023622047243,"Other"
167371,"SAMSUNG","85Q7F",214.783,"LCD (LED)",187,"N/A","Available",5.5,"SAMSUNG",84.56023622047243,"Other"
167372,"SAMSUNG","QA100QN80FW",252.784,"LCD (LED)",282,"N/A","Available",5,"SAMSUNG",99.52125984251968,"Other"
167372,"SAMSUNG","QA100QN80FS",252.784,"LCD (LED)",282,"N/A","Available",5,"SAMSUNG",99.52125984251968,"Other"
167372,"SAMSUNG","QA100QN80F*",252.784,"LCD (LED)",282,"N/A","Available",5,"SAMSUNG",99.52125984251968,"Other"
167411,"AIWA","AWS550G",138.783,"LCD (LED)",65.43,"N/A","Available",6,"AIWA",54.63897637795275,"Other"
167414,"LG","55UA7350PSB",138.783,"LCD (LED)",91,"N/A","Available",5,"LG",54.63897637795275,"Other"
167429,"LG","50UA7350PSB",125.727,"LCD (LED)",81,"N/A","Available",4.5,"LG",49.4988188976378,"Other"
167430,"LG","86UA8450PSA",217.425,"LCD (LED)",155,"N/A","Available",6,"LG",85.60039370078741,"Other"
167431,"LG","43UA7350PSB",107.987,"LCD (LED)",66,"N/A","Available",4.5,"LG",42.514566929133856,"Other"
167432,"LG","75UA8450PSA",189.275,"LCD (LED)",137,"N/A","Available",5.5,"LG",74.51771653543307,"Other"
167433,"LG","65UA7350PSB",163.897,"LCD (LED)",115,"N/A","Available",5,"LG",64.52637795275591,"65-inch"
167434,"LG","50QNED80ASA",125.727,"LCD (LED)",68,"N/A","Available",5.5,"LG",49.4988188976378,"Other"
167435,"LG","75QNED86A6A",189.275,"LCD (LED)",106,"N/A","Available",7,"LG",74.51771653543307,"Other"
167437,"EMETE","EME-5501TE",138.798,"LCD (LED)",104.8,"N/A","Available",4,"EMETE",54.64488188976378,"Other"
167437,"EMETE","EME-5502TE",138.798,"LCD (LED)",104.8,"N/A","Available",4,"EMETE",54.64488188976378,"Other"
167437,"EMETE","EME-5503TE",138.798,"LCD (LED)",104.8,"N/A","Available",4,"EMETE",54.64488188976378,"Other"
167437,"EMETE","EME-5504TE",138.798,"LCD (LED)",104.8,"N/A","Available",4,"EMETE",54.64488188976378,"Other"
167437,"EMETE","EME-5505TE",138.798,"LCD (LED)",104.8,"N/A","Available",4,"EMETE",54.64488188976378,"Other"
167437,"EMETE","EME-5506TE",138.798,"LCD (LED)",104.8,"N/A","Available",4,"EMETE",54.64488188976378,"Other"
167437,"EMETE","EME-5507TE",138.798,"LCD (LED)",104.8,"N/A","Available",4,"EMETE",54.64488188976378,"Other"
167437,"EMETE","EME-5508TE",138.798,"LCD (LED)",104.8,"N/A","Available",4,"EMETE",54.64488188976378,"Other"
167437,"EMETE","EME-5509TE",138.798,"LCD (LED)",104.8,"N/A","Available",4,"EMETE",54.64488188976378,"Other"
167438,"EMETE","EME-6501TE",163.878,"LCD (LED)",110.08,"N/A","Available",5.5,"EMETE",64.51889763779526,"65-inch"
167438,"EMETE","EME-6502TE",163.878,"LCD (LED)",110.08,"N/A","Available",5.5,"EMETE",64.51889763779526,"65-inch"
167438,"EMETE","EME-6503TE",163.878,"LCD (LED)",110.08,"N/A","Available",5.5,"EMETE",64.51889763779526,"65-inch"
167438,"EMETE","EME-6504TE",163.878,"LCD (LED)",110.08,"N/A","Available",5.5,"EMETE",64.51889763779526,"65-inch"
167438,"EMETE","EME-6505TE",163.878,"LCD (LED)",110.08,"N/A","Available",5.5,"EMETE",64.51889763779526,"65-inch"
167438,"EMETE","EME-6506TE",163.878,"LCD (LED)",110.08,"N/A","Available",5.5,"EMETE",64.51889763779526,"65-inch"
167438,"EMETE","EME-6507TE",163.878,"LCD (LED)",110.08,"N/A","Available",5.5,"EMETE",64.51889763779526,"65-inch"
167438,"EMETE","EME-6508TE",163.878,"LCD (LED)",110.08,"N/A","Available",5.5,"EMETE",64.51889763779526,"65-inch"
167438,"EMETE","EME-6509TE",163.878,"LCD (LED)",110.08,"N/A","Available",5.5,"EMETE",64.51889763779526,"65-inch"
167438,"EMETE","EME-6510TE",163.878,"LCD (LED)",110.08,"N/A","Available",5.5,"EMETE",64.51889763779526,"65-inch"
167439,"EMETE","EME-7501TE",189.275,"LCD (LED)",175.6,"N/A","Available",4.5,"EMETE",74.51771653543307,"Other"
167439,"EMETE","EME-7502TE",189.275,"LCD (LED)",175.6,"N/A","Available",4.5,"EMETE",74.51771653543307,"Other"
167439,"EMETE","EME-7503TE",189.275,"LCD (LED)",175.6,"N/A","Available",4.5,"EMETE",74.51771653543307,"Other"
167439,"EMETE","EME-7504TE",189.275,"LCD (LED)",175.6,"N/A","Available",4.5,"EMETE",74.51771653543307,"Other"
167439,"EMETE","EME-7505TE",189.275,"LCD (LED)",175.6,"N/A","Available",4.5,"EMETE",74.51771653543307,"Other"
167439,"EMETE","EME-7506TE",189.275,"LCD (LED)",175.6,"N/A","Available",4.5,"EMETE",74.51771653543307,"Other"
167439,"EMETE","EME-7507TE",189.275,"LCD (LED)",175.6,"N/A","Available",4.5,"EMETE",74.51771653543307,"Other"
167439,"EMETE","EME-7508TE",189.275,"LCD (LED)",175.6,"N/A","Available",4.5,"EMETE",74.51771653543307,"Other"
167439,"EMETE","EME-7509TE",189.275,"LCD (LED)",175.6,"N/A","Available",4.5,"EMETE",74.51771653543307,"Other"
167439,"EMETE","EME-7510TE",189.275,"LCD (LED)",175.6,"N/A","Available",4.5,"EMETE",74.51771653543307,"Other"
167440,"EMETE","EME-8501TE",214.783,"LCD (LED)",199.69,"N/A","Available",5,"EMETE",84.56023622047243,"Other"
167440,"EMETE","EME-8502TE",214.783,"LCD (LED)",199.69,"N/A","Available",5,"EMETE",84.56023622047243,"Other"
167440,"EMETE","EME-8503TE",214.783,"LCD (LED)",199.69,"N/A","Available",5,"EMETE",84.56023622047243,"Other"
167440,"EMETE","EME-8504TE",214.783,"LCD (LED)",199.69,"N/A","Available",5,"EMETE",84.56023622047243,"Other"
167440,"EMETE","EME-8505TE",214.783,"LCD (LED)",199.69,"N/A","Available",5,"EMETE",84.56023622047243,"Other"
167440,"EMETE","EME-8506TE",214.783,"LCD (LED)",199.69,"N/A","Available",5,"EMETE",84.56023622047243,"Other"
167440,"EMETE","EME-8507TE",214.783,"LCD (LED)",199.69,"N/A","Available",5,"EMETE",84.56023622047243,"Other"
167440,"EMETE","EME-8508TE",214.783,"LCD (LED)",199.69,"N/A","Available",5,"EMETE",84.56023622047243,"Other"
167440,"EMETE","EME-8509TE",214.783,"LCD (LED)",199.69,"N/A","Available",5,"EMETE",84.56023622047243,"Other"
167440,"EMETE","EME-8510TE",214.783,"LCD (LED)",199.69,"N/A","Available",5,"EMETE",84.56023622047243,"Other"
167441,"EMETE","EME-1001TE",252.784,"LCD (LED)",320,"N/A","Available",4,"EMETE",99.52125984251968,"Other"
167441,"EMETE","EME-1002TE",252.784,"LCD (LED)",320,"N/A","Available",4,"EMETE",99.52125984251968,"Other"
167441,"EMETE","EME-1003TE",252.784,"LCD (LED)",320,"N/A","Available",4,"EMETE",99.52125984251968,"Other"
167441,"EMETE","EME-1004TE",252.784,"LCD (LED)",320,"N/A","Available",4,"EMETE",99.52125984251968,"Other"
167441,"EMETE","EME-1005TE",252.784,"LCD (LED)",320,"N/A","Available",4,"EMETE",99.52125984251968,"Other"
167441,"EMETE","EME-1006TE",252.784,"LCD (LED)",320,"N/A","Available",4,"EMETE",99.52125984251968,"Other"
167441,"EMETE","EME-1007TE",252.784,"LCD (LED)",320,"N/A","Available",4,"EMETE",99.52125984251968,"Other"
167441,"EMETE","EME-1008TE",252.784,"LCD (LED)",320,"N/A","Available",4,"EMETE",99.52125984251968,"Other"
167441,"EMETE","EME-1009TE",252.784,"LCD (LED)",320,"N/A","Available",4,"EMETE",99.52125984251968,"Other"
167441,"EMETE","EME-1010TE",252.784,"LCD (LED)",320,"N/A","Available",4,"EMETE",99.52125984251968,"Other"
167445,"BAUHN","ATV43FHDW-0325",109.465,"LCD",39.8,"N/A","Available",6,"BAUHN",43.096456692913385,"Other"
167555,"SAMSUNG","QA75QN990FW",189.338,"LCD (LED)",285,"N/A","Available",2.5,"SAMSUNG",74.54251968503937,"Other"
167555,"SAMSUNG","QA75QN990FS",189.338,"LCD (LED)",285,"N/A","Available",2.5,"SAMSUNG",74.54251968503937,"Other"
167555,"SAMSUNG","QA75QN990F*",189.338,"LCD (LED)",285,"N/A","Available",2.5,"SAMSUNG",74.54251968503937,"Other"
167556,"SAMSUNG","QA55QN1EFAW",138.783,"LCD (LED)",112,"N/A","Available",4,"SAMSUNG",54.63897637795275,"Other"
167556,"SAMSUNG","QA55QN1EFAS",138.783,"LCD (LED)",112,"N/A","Available",4,"SAMSUNG",54.63897637795275,"Other"
167556,"SAMSUNG","QA55QN1EFA*",138.783,"LCD (LED)",112,"N/A","Available",4,"SAMSUNG",54.63897637795275,"Other"
167558,"SAMSUNG","QA65QN1EFAW",163.897,"LCD (LED)",131,"N/A","Available",4.5,"SAMSUNG",64.52637795275591,"65-inch"
167558,"SAMSUNG","QA65QN1EFAS",163.897,"LCD (LED)",131,"N/A","Available",4.5,"SAMSUNG",64.52637795275591,"65-inch"
167558,"SAMSUNG","QA65QN1EFA*",163.897,"LCD (LED)",131,"N/A","Available",4.5,"SAMSUNG",64.52637795275591,"65-inch"
167559,"SAMSUNG","QA75QN1EFAW",189.338,"LCD (LED)",178,"N/A","Available",4.5,"SAMSUNG",74.54251968503937,"Other"
167559,"SAMSUNG","QA75QN1EFAS",189.338,"LCD (LED)",178,"N/A","Available",4.5,"SAMSUNG",74.54251968503937,"Other"
167559,"SAMSUNG","QA75QN1EFA*",189.338,"LCD (LED)",178,"N/A","Available",4.5,"SAMSUNG",74.54251968503937,"Other"
167560,"SAMSUNG","QA85QN1EFAW",214.783,"LCD (LED)",220,"N/A","Available",4.5,"SAMSUNG",84.56023622047243,"Other"
167560,"SAMSUNG","QA85QN1EFAS",214.783,"LCD (LED)",220,"N/A","Available",4.5,"SAMSUNG",84.56023622047243,"Other"
167560,"SAMSUNG","QA85QN1EFA*",214.783,"LCD (LED)",220,"N/A","Available",4.5,"SAMSUNG",84.56023622047243,"Other"
167356,"SAMSUNG","QA65Q*F SERIES",163.897,"LCD (LED)",117,"N/A","Available",5,"SAMSUNG",64.52637795275591,"65-inch"
167370,"SAMSUNG","QA75Q*F SERIES",189.338,"LCD (LED)",143,"N/A","Available",5.5,"SAMSUNG",74.54251968503937,"Other"
167437,"EMETE","EME-5510TE",138.798,"LCD (LED)",104.8,"N/A","Available",4,"EMETE",54.64488188976378,"Other"
167437,"EMETE","EME-55XXTE",138.798,"LCD (LED)",104.8,"N/A","Available",4,"EMETE",54.64488188976378,"Other"
167438,"EMETE","EME-65XXTE",163.878,"LCD (LED)",110.08,"N/A","Available",5.5,"EMETE",64.51889763779526,"65-inch"
167439,"EMETE","EME-75XXTE",189.275,"LCD (LED)",175.6,"N/A","Available",4.5,"EMETE",74.51771653543307,"Other"
167440,"EMETE","EME-85XXTE",214.783,"LCD (LED)",199.69,"N/A","Available",5,"EMETE",84.56023622047243,"Other"
167441,"EMETE","EME-10XXTE",252.784,"LCD (LED)",320,"N/A","Available",4,"EMETE",99.52125984251968,"Other"
167604,"TCL","85P7K",214.783,"LCD (LED)",186.5,"7.0","Available",4.5,"TCL",84.56023622047243,"Other"
167634,"TCL","65C8K",163.829,"LCD (LED)",107.4,"7.0","Available",5,"TCL",64.4996062992126,"65-inch"
167635,"TCL","75C8K",189.306,"LCD (LED)",128.9,"7.0","Available",5.5,"TCL",74.52992125984252,"Other"
167637,"TCL","98C8K",247.604,"LCD (LED)",165.6,"7.0","Available",6,"TCL",97.48188976377953,"Other"
167651,"LG","OLED83B5PSA",209.585,"OLED",151,"N/A","Available",6,"LG",82.51377952755905,"Other"
167652,"LG","OLED83B56LA",209.585,"OLED",151,"N/A","Available",6,"LG",82.51377952755905,"Other"
167694,"TCL","75P7K",189.306,"LCD (LED)",104.7,"7.0","Available",6,"TCL",74.52992125984252,"Other"
155646,"EKO","K400FGT",100.791,"LCD",50.5,"N/A","Available",5,"EKO",39.681496062992125,"Other"
155646,"EKO","K400FGTQ",100.791,"LCD",50.5,"N/A","Available",5,"EKO",39.681496062992125,"Other"
167720,"EKO","K50USW3",125.731,"LCD (LED)",69.5,"N/A","Available",5,"EKO",49.5003937007874,"Other"
167749,"Kogan","KALED55U95TA",138.783,"LCD (LED)",65.43,"N/A","Available",6,"KOGAN",54.63897637795275,"Other"
167751,"BLAUPUNKT","BP400FTS",100.335,"LCD",59.75,"N/A","Available",4,"BLAUPUNKT",39.50196850393701,"Other"
167753,"EKO","K40FST",100.335,"LCD",59.75,"N/A","Available",4,"EKO",39.50196850393701,"Other"
167783,"LG","65UA8450PSA",163.897,"LCD (LED)",118,"N/A","Available",5,"LG",64.52637795275591,"65-inch"
167807,"Kogan","KAL24DH5400QA",59.816,"LCD (LED)",20.83,"N/A","Available",5,"KOGAN",23.5496062992126,"Other"
167807,"Kogan","KAL24DH5400QB",59.816,"LCD (LED)",20.83,"N/A","Available",5,"KOGAN",23.5496062992126,"Other"
167807,"Kogan","KAL24DH5400QC",59.816,"LCD (LED)",20.83,"N/A","Available",5,"KOGAN",23.5496062992126,"Other"
167807,"Kogan","KAL24DH5400QD",59.816,"LCD (LED)",20.83,"N/A","Available",5,"KOGAN",23.5496062992126,"Other"
167795,"LG","65QNED93ASA",163.896,"LCD (LED)",159.1,"N/A","Available",3,"LG",64.5259842519685,"65-inch"
167795,"LG","65QNED93A6A",163.896,"LCD (LED)",159.1,"N/A","Available",3,"LG",64.5259842519685,"65-inch"
167795,"LG","65QNED92A6A",163.896,"LCD (LED)",159.1,"N/A","Available",3,"LG",64.5259842519685,"65-inch"
167795,"LG","65QNED92ASA",163.896,"LCD (LED)",159.1,"N/A","Available",3,"LG",64.5259842519685,"65-inch"
167795,"LG","65QNED92AUA",163.896,"LCD (LED)",159.1,"N/A","Available",3,"LG",64.5259842519685,"65-inch"
167795,"LG","65QNED93AKA",163.896,"LCD (LED)",159.1,"N/A","Available",3,"LG",64.5259842519685,"65-inch"
167795,"LG","65QNED9#### (# can be A-Z, 0-9 or ""-"" or ""."" or blank)",163.896,"LCD (LED)",159.1,"N/A","Available",3,"LG",64.5259842519685,"65-inch"
167828,"LG","75QNED93ASA",189.34,"LCD (LED)",190.2,"N/A","Available",3.5,"LG",74.54330708661418,"Other"
167828,"LG","75QNED93A6A",189.34,"LCD (LED)",190.2,"N/A","Available",3.5,"LG",74.54330708661418,"Other"
167828,"LG","75QNED92A6A",189.34,"LCD (LED)",190.2,"N/A","Available",3.5,"LG",74.54330708661418,"Other"
167828,"LG","75QNED92ASA",189.34,"LCD (LED)",190.2,"N/A","Available",3.5,"LG",74.54330708661418,"Other"
167828,"LG","75QNED92AUA",189.34,"LCD (LED)",190.2,"N/A","Available",3.5,"LG",74.54330708661418,"Other"
167828,"LG","75QNED93AKA",189.34,"LCD (LED)",190.2,"N/A","Available",3.5,"LG",74.54330708661418,"Other"
167828,"LG","75QNED9#### (# can be A-Z, 0-9 or ""-"" or “.�? or blank)",189.34,"LCD (LED)",190.2,"N/A","Available",3.5,"LG",74.54330708661418,"Other"
167832,"HISENSE","40A4QAU",100.332,"LCD (LED)",28.17,"N/A","Available",7,"HISENSE",39.5007874015748,"Other"
167832,"HISENSE","40A4QNZ",100.332,"LCD (LED)",28.17,"N/A","Available",7,"HISENSE",39.5007874015748,"Other"
167833,"HISENSE","32A4QAU",80.039,"LCD (LED)",22.07,"N/A","Available",6,"HISENSE",31.511417322834646,"32-inch"
167833,"HISENSE","32A4N",80.039,"LCD (LED)",22.07,"N/A","Available",6,"HISENSE",31.511417322834646,"32-inch"
167833,"HISENSE","32A4QNZ",80.039,"LCD (LED)",22.07,"N/A","Available",6,"HISENSE",31.511417322834646,"32-inch"
167834,"HISENSE","43Q6QAU",107.95,"LCD (LED)",51.09,"N/A","Available",5,"HISENSE",42.5,"Other"
167834,"HISENSE","43Q6QNZ",107.95,"LCD (LED)",51.09,"N/A","Available",5,"HISENSE",42.5,"Other"
167835,"HISENSE","50Q6QAU",125.731,"LCD (LED)",59.02,"N/A","Available",5.5,"HISENSE",49.5003937007874,"Other"
167835,"HISENSE","50Q6QNZ",125.731,"LCD (LED)",59.02,"N/A","Available",5.5,"HISENSE",49.5003937007874,"Other"
167836,"HISENSE","55Q6QAU",138.783,"LCD (LED)",62,"N/A","Available",6,"HISENSE",54.63897637795275,"Other"
167836,"HISENSE","55Q6QNZ",138.783,"LCD (LED)",62,"N/A","Available",6,"HISENSE",54.63897637795275,"Other"
167837,"HISENSE","65Q6QAU",163.896,"LCD (LED)",98.86,"N/A","Available",5.5,"HISENSE",64.5259842519685,"65-inch"
167837,"HISENSE","65Q6QNZ",163.896,"LCD (LED)",98.86,"N/A","Available",5.5,"HISENSE",64.5259842519685,"65-inch"
167838,"HISENSE","75Q6QAU",189.34,"LCD (LED)",117.04,"N/A","Available",6,"HISENSE",74.54330708661418,"Other"
167838,"HISENSE","75Q6QNZ",189.34,"LCD (LED)",117.04,"N/A","Available",6,"HISENSE",74.54330708661418,"Other"
167838,"HISENSE","75Q6N series",189.34,"LCD (LED)",117.04,"N/A","Available",6,"HISENSE",74.54330708661418,"Other"
167839,"HISENSE","85Q6QAU",214.783,"LCD (LED)",177.89,"N/A","Available",5.5,"HISENSE",84.56023622047243,"Other"
167839,"HISENSE","85Q6QNZ",214.783,"LCD (LED)",177.89,"N/A","Available",5.5,"HISENSE",84.56023622047243,"Other"
167840,"HISENSE","65U7QAU",163.896,"LCD (LED)",115.94,"N/A","Available",5,"HISENSE",64.5259842519685,"65-inch"
167840,"HISENSE","65U7QNZ",163.896,"LCD (LED)",115.94,"N/A","Available",5,"HISENSE",64.5259842519685,"65-inch"
167841,"HISENSE","75U7QAU",189.34,"LCD (LED)",145.91,"N/A","Available",5,"HISENSE",74.54330708661418,"Other"
167841,"HISENSE","75U7QNZ",189.34,"LCD (LED)",145.91,"N/A","Available",5,"HISENSE",74.54330708661418,"Other"
167842,"HISENSE","85U7QAU",214.783,"LCD (LED)",186.38,"N/A","Available",5,"HISENSE",84.56023622047243,"Other"
167842,"HISENSE","85U7QNZ",214.783,"LCD (LED)",186.38,"N/A","Available",5,"HISENSE",84.56023622047243,"Other"
167843,"HISENSE","100U7QAU",252.784,"LCD (LED)",222.34,"N/A","Available",5.5,"HISENSE",99.52125984251968,"Other"
167843,"HISENSE","100U7QNZ",252.784,"LCD (LED)",222.34,"N/A","Available",5.5,"HISENSE",99.52125984251968,"Other"
167844,"LG","85QNED93ASA",214.783,"LCD (LED)",225.8,"N/A","Available",4,"LG",84.56023622047243,"Other"
167844,"LG","85QNED93A6A",214.783,"LCD (LED)",225.8,"N/A","Available",4,"LG",84.56023622047243,"Other"
167844,"LG","85QNED92A6A",214.783,"LCD (LED)",225.8,"N/A","Available",4,"LG",84.56023622047243,"Other"
167844,"LG","85QNED92ASA",214.783,"LCD (LED)",225.8,"N/A","Available",4,"LG",84.56023622047243,"Other"
167844,"LG","85QNED92AUA",214.783,"LCD (LED)",225.8,"N/A","Available",4,"LG",84.56023622047243,"Other"
167844,"LG","85QNED93AKA",214.783,"LCD (LED)",225.8,"N/A","Available",4,"LG",84.56023622047243,"Other"
167844,"LG","85QNED9#### (# can be A-Z, 0-9 or ""-"" or ""."" or blank)",214.783,"LCD (LED)",225.8,"N/A","Available",4,"LG",84.56023622047243,"Other"
167807,"Kogan","KAL24DH5400Q*",59.816,"LCD (LED)",20.83,"N/A","Available",5,"KOGAN",23.5496062992126,"Other"
167940,"EKO","K70USTW",176.538,"LCD (LED)",147.1,"N/A","Available",3.5,"EKO",69.50314960629922,"Other"
167969,"COOCAA","32E5500H",80.054,"LCD (LED)",24.3,"N/A","Available",6,"COOCAA",31.517322834645668,"32-inch"
167832,"HISENSE","40A4Q",100.332,"LCD (LED)",28.17,"N/A","Available",7,"HISENSE",39.5007874015748,"Other"
168010,"JVC","LT-40NQ5155A",100.305,"LCD (LED)",32.46,"N/A","Available",6,"JVC",39.49015748031496,"Other"
168011,"Linsar","LS70UHDNF23",176.537,"LCD (LED)",108.29,"N/A","Available",6,"LINSAR",69.50275590551182,"Other"
168014,"JVC","AV-AQ405165A",107.863,"LCD (LED)",47.04,"N/A","Available",5.5,"JVC",42.46574803149606,"Other"
168014,"JVC","AV-JQ405155A",107.863,"LCD (LED)",47.04,"N/A","Available",5.5,"JVC",42.46574803149606,"Other"
168014,"JVC","LT-43NQ7155A",107.863,"LCD (LED)",47.04,"N/A","Available",5.5,"JVC",42.46574803149606,"Other"
168014,"JVC","AV-AQ405165A series",107.863,"LCD (LED)",47.04,"N/A","Available",5.5,"JVC",42.46574803149606,"Other"
168016,"JVC","AV-A557155A",138.798,"LCD (LED)",112.38,"N/A","Available",3.5,"JVC",54.64488188976378,"Other"
168016,"JVC","AV-J557155A",138.798,"LCD (LED)",112.38,"N/A","Available",3.5,"JVC",54.64488188976378,"Other"
168016,"JVC","LT-55N7155A",138.798,"LCD (LED)",112.38,"N/A","Available",3.5,"JVC",54.64488188976378,"Other"
168016,"JVC","LT-55N7165A",138.798,"LCD (LED)",112.38,"N/A","Available",3.5,"JVC",54.64488188976378,"Other"
168016,"JVC","AV-A557155A series",138.798,"LCD (LED)",112.38,"N/A","Available",3.5,"JVC",54.64488188976378,"Other"
168017,"JVC","AV-AE557155A",139.936,"LCD (LED)",75.48,"N/A","Available",5.5,"JVC",55.092913385826776,"Other"
168017,"JVC","AV-JE557165A",139.936,"LCD (LED)",75.48,"N/A","Available",5.5,"JVC",55.092913385826776,"Other"
168017,"JVC","LT-55NE7155A",139.936,"LCD (LED)",75.48,"N/A","Available",5.5,"JVC",55.092913385826776,"Other"
168017,"JVC","AV-AE557155A series",139.936,"LCD (LED)",75.48,"N/A","Available",5.5,"JVC",55.092913385826776,"Other"
168018,"JVC","AV-A657155A",163.829,"LCD (LED)",156.42,"N/A","Available",3.5,"JVC",64.4996062992126,"65-inch"
168018,"JVC","AV-J657155A",163.829,"LCD (LED)",156.42,"N/A","Available",3.5,"JVC",64.4996062992126,"65-inch"
168018,"JVC","LT-65N7165A",163.829,"LCD (LED)",156.42,"N/A","Available",3.5,"JVC",64.4996062992126,"65-inch"
168018,"JVC","AV-A657155A series",163.829,"LCD (LED)",156.42,"N/A","Available",3.5,"JVC",64.4996062992126,"65-inch"
168019,"JVC","AV-AE657155A",165.884,"LCD (LED)",107.58,"N/A","Available",5,"JVC",65.30866141732282,"65-inch"
168019,"JVC","AV-JE657165A",165.884,"LCD (LED)",107.58,"N/A","Available",5,"JVC",65.30866141732282,"65-inch"
168019,"JVC","LT-65NE7155A",165.884,"LCD (LED)",107.58,"N/A","Available",5,"JVC",65.30866141732282,"65-inch"
168019,"JVC","AV-AE657155A series",165.884,"LCD (LED)",107.58,"N/A","Available",5,"JVC",65.30866141732282,"65-inch"
168020,"EKO","K320HGPB",80.054,"LCD (LED)",32.4,"N/A","Available",5,"EKO",31.517322834645668,"32-inch"
168053,"Linsar","LS60UHDNF25",152.678,"LCD",86.09,"N/A","Available",6,"LINSAR",60.10944881889763,"Other"
168069,"AIWA","AWC400W",100.332,"LCD",33.1,"N/A","Available",6,"AIWA",39.5007874015748,"Other"
168071,"PHILIPS","55PQT9020/79",138.783,"LCD (LED)",136.1,"N/A","Available",3,"PHILIPS",54.63897637795275,"Other"
168094,"SAMSUNG","QA43Q7FAAW",107.987,"LCD (LED)",68,"N/A","Available",4,"SAMSUNG",42.514566929133856,"Other"
168094,"SAMSUNG","QA43Q7FAAS",107.987,"LCD (LED)",68,"N/A","Available",4,"SAMSUNG",42.514566929133856,"Other"
168094,"SAMSUNG","QA43QEF1AW",107.987,"LCD (LED)",68,"N/A","Available",4,"SAMSUNG",42.514566929133856,"Other"
168094,"SAMSUNG","QA43QEF1AS",107.987,"LCD (LED)",68,"N/A","Available",4,"SAMSUNG",42.514566929133856,"Other"
168094,"SAMSUNG","QA43Q*F SERIES",107.987,"LCD (LED)",68,"N/A","Available",4,"SAMSUNG",42.514566929133856,"Other"
168096,"SAMSUNG","QA50Q7FAAW",125.727,"LCD (LED)",79,"N/A","Available",4.5,"SAMSUNG",49.4988188976378,"Other"
168096,"SAMSUNG","QA50Q7FAAS",125.727,"LCD (LED)",79,"N/A","Available",4.5,"SAMSUNG",49.4988188976378,"Other"
168096,"SAMSUNG","QA50QEF1AW",125.727,"LCD (LED)",79,"N/A","Available",4.5,"SAMSUNG",49.4988188976378,"Other"
168096,"SAMSUNG","QA50QEF1AS",125.727,"LCD (LED)",79,"N/A","Available",4.5,"SAMSUNG",49.4988188976378,"Other"
168096,"SAMSUNG","QA50Q*F SERIES",125.727,"LCD (LED)",79,"N/A","Available",4.5,"SAMSUNG",49.4988188976378,"Other"
168114,"TCL","98C7K",247.604,"LCD (LED)",164,"7.0","Available",6,"TCL",97.48188976377953,"Other"
168232,"LG","55QNED70A6A",138.783,"LCD (LED)",92,"N/A","Available",5,"LG",54.63897637795275,"Other"
168233,"LG","55QNED70ASA",138.783,"LCD (LED)",92,"N/A","Available",5,"LG",54.63897637795275,"Other"
168234,"LG","65QNED70A6A",163.897,"LCD (LED)",118,"N/A","Available",5,"LG",64.52637795275591,"65-inch"
168235,"LG","65QNED70ASA",163.897,"LCD (LED)",118,"N/A","Available",5,"LG",64.52637795275591,"65-inch"
168244,"TOSHIBA","55Z670RP",138.783,"LCD (LED)",75.21,"N/A","Available",5.5,"TOSHIBA",54.63897637795275,"Other"
168245,"TOSHIBA","65Z670RP",163.896,"LCD (LED)",105.39,"N/A","Available",5.5,"TOSHIBA",64.5259842519685,"65-inch"
168246,"TOSHIBA","75Z670RP",189.34,"LCD (LED)",121.59,"N/A","Available",6,"TOSHIBA",74.54330708661418,"Other"
168247,"TOSHIBA","85Z670RP",214.783,"LCD (LED)",171.81,"N/A","Available",5.5,"TOSHIBA",84.56023622047243,"Other"
168269,"SAMSUNG","QA55QN3EFAW",138.783,"LCD (LED)",113,"N/A","Available",4,"SAMSUNG",54.63897637795275,"Other"
168269,"SAMSUNG","QA55QN3EFAS",138.783,"LCD (LED)",113,"N/A","Available",4,"SAMSUNG",54.63897637795275,"Other"
168269,"SAMSUNG","QA55QN3EFA*",138.783,"LCD (LED)",113,"N/A","Available",4,"SAMSUNG",54.63897637795275,"Other"
168298,"PHILIPS","65OLED789/98",163.878,"OLED",122.5,"N/A","Available",4.5,"PHILIPS",64.51889763779526,"65-inch"
168270,"SAMSUNG","QA65QN3EFAS",163.897,"LCD (LED)",136,"N/A","Available",4.5,"SAMSUNG",64.52637795275591,"65-inch"
168365,"PHILIPS","55OLED789/98",138.798,"OLED",97,"N/A","Available",4,"PHILIPS",54.64488188976378,"Other"
168376,"SAMSUNG ELECTRONICS","QA65LST7TAW",163.829,"LCD (LED)",271,"N/A","Available",1.5,"SAMSUNG ELECTRONICS",64.4996062992126,"65-inch"
168377,"SAMSUNG ELECTRONICS","QA75LST7TAW",189.306,"LCD (LED)",340,"N/A","Available",1.5,"SAMSUNG ELECTRONICS",74.52992125984252,"Other"
168380,"BAUHN","ATV75UHDT-0725",189.34,"LCD",130.5,"N/A","Available",6,"BAUHN",74.54330708661418,"Other"
167231,"SAMSUNG","UA75U8000FW",189.338,"LCD (LED)",136,"N/A","Available",5.5,"SAMSUNG",74.54251968503937,"Other"
167231,"SAMSUNG","UA75U8000FS",189.338,"LCD (LED)",136,"N/A","Available",5.5,"SAMSUNG",74.54251968503937,"Other"
167231,"SAMSUNG","UA75U8500FW",189.338,"LCD (LED)",136,"N/A","Available",5.5,"SAMSUNG",74.54251968503937,"Other"
167231,"SAMSUNG","UA75U8500FS",189.338,"LCD (LED)",136,"N/A","Available",5.5,"SAMSUNG",74.54251968503937,"Other"
167231,"SAMSUNG","UA75UE100FS",189.338,"LCD (LED)",136,"N/A","Available",5.5,"SAMSUNG",74.54251968503937,"Other"
167231,"SAMSUNG","UA75U**00F*",189.338,"LCD (LED)",136,"N/A","Available",5.5,"SAMSUNG",74.54251968503937,"Other"
167230,"SAMSUNG","UA65UE100FS",163.897,"LCD (LED)",113,"N/A","Available",5.5,"SAMSUNG",64.52637795275591,"65-inch"
167230,"SAMSUNG","UA65U**00F*",163.897,"LCD (LED)",113,"N/A","Available",5.5,"SAMSUNG",64.52637795275591,"65-inch"
167230,"SAMSUNG","UA65U8000FW",163.897,"LCD (LED)",113,"N/A","Available",5.5,"SAMSUNG",64.52637795275591,"65-inch"
167230,"SAMSUNG","UA65U8000FS",163.897,"LCD (LED)",113,"N/A","Available",5.5,"SAMSUNG",64.52637795275591,"65-inch"
167230,"SAMSUNG","UA65U8500FW",163.897,"LCD (LED)",113,"N/A","Available",5.5,"SAMSUNG",64.52637795275591,"65-inch"
167230,"SAMSUNG","UA65U8500FS",163.897,"LCD (LED)",113,"N/A","Available",5.5,"SAMSUNG",64.52637795275591,"65-inch"
167228,"SAMSUNG","UA55U8500FW",138.783,"LCD (LED)",79,"N/A","Available",5.5,"SAMSUNG",54.63897637795275,"Other"
167228,"SAMSUNG","UA55U8500FS",138.783,"LCD (LED)",79,"N/A","Available",5.5,"SAMSUNG",54.63897637795275,"Other"
167228,"SAMSUNG","UA55UE100FS",138.783,"LCD (LED)",79,"N/A","Available",5.5,"SAMSUNG",54.63897637795275,"Other"
167228,"SAMSUNG","UA55U**00F*",138.783,"LCD (LED)",79,"N/A","Available",5.5,"SAMSUNG",54.63897637795275,"Other"
167228,"SAMSUNG","UA55U8000FW",138.783,"LCD (LED)",79,"N/A","Available",5.5,"SAMSUNG",54.63897637795275,"Other"
167228,"SAMSUNG","UA55U8000FS",138.783,"LCD (LED)",79,"N/A","Available",5.5,"SAMSUNG",54.63897637795275,"Other"
167213,"SAMSUNG","UA43UE100FS",107.987,"LCD (LED)",68,"N/A","Available",4,"SAMSUNG",42.514566929133856,"Other"
167213,"SAMSUNG","UA43U**00F*",107.987,"LCD (LED)",68,"N/A","Available",4,"SAMSUNG",42.514566929133856,"Other"
167213,"SAMSUNG","UA43U8000FW",107.987,"LCD (LED)",68,"N/A","Available",4,"SAMSUNG",42.514566929133856,"Other"
167213,"SAMSUNG","UA43U8000FS",107.987,"LCD (LED)",68,"N/A","Available",4,"SAMSUNG",42.514566929133856,"Other"
167213,"SAMSUNG","UA43U8500FW",107.987,"LCD (LED)",68,"N/A","Available",4,"SAMSUNG",42.514566929133856,"Other"
167213,"SAMSUNG","UA43U8500FS",107.987,"LCD (LED)",68,"N/A","Available",4,"SAMSUNG",42.514566929133856,"Other"
167216,"SAMSUNG","UA50U8000FW",125.727,"LCD (LED)",71,"N/A","Available",5,"SAMSUNG",49.4988188976378,"Other"
167216,"SAMSUNG","UA50U8000FS",125.727,"LCD (LED)",71,"N/A","Available",5,"SAMSUNG",49.4988188976378,"Other"
167216,"SAMSUNG","UA50U8500FW",125.727,"LCD (LED)",71,"N/A","Available",5,"SAMSUNG",49.4988188976378,"Other"
167216,"SAMSUNG","UA50U8500FS",125.727,"LCD (LED)",71,"N/A","Available",5,"SAMSUNG",49.4988188976378,"Other"
167216,"SAMSUNG","UA50UE100FS",125.727,"LCD (LED)",71,"N/A","Available",5,"SAMSUNG",49.4988188976378,"Other"
167216,"SAMSUNG","UA50U**00F*",125.727,"LCD (LED)",71,"N/A","Available",5,"SAMSUNG",49.4988188976378,"Other"
167232,"SAMSUNG","UA85UE100FS",214.783,"LCD (LED)",142,"N/A","Available",6,"SAMSUNG",84.56023622047243,"Other"
167232,"SAMSUNG","UA85U**00F*",214.783,"LCD (LED)",142,"N/A","Available",6,"SAMSUNG",84.56023622047243,"Other"
167232,"SAMSUNG","UA85U8000FW",214.783,"LCD (LED)",142,"N/A","Available",6,"SAMSUNG",84.56023622047243,"Other"
167232,"SAMSUNG","UA85U8000FS",214.783,"LCD (LED)",142,"N/A","Available",6,"SAMSUNG",84.56023622047243,"Other"
167232,"SAMSUNG","UA85U8500FW",214.783,"LCD (LED)",142,"N/A","Available",6,"SAMSUNG",84.56023622047243,"Other"
167232,"SAMSUNG","UA85U8500FS",214.783,"LCD (LED)",142,"N/A","Available",6,"SAMSUNG",84.56023622047243,"Other"
168452,"FFALCON","FF43U65",107.95,"LCD (LED)",42.7,"7.0","Available",5.5,"FFALCON",42.5,"Other"
168453,"FFALCON","FF50U65",125.638,"LCD (LED)",50,"7.0","Available",6,"FFALCON",49.463779527559055,"Other"
168454,"FFALCON","FF55U65",138.711,"LCD (LED)",64.3,"8.0","Available",6,"FFALCON",54.61062992125985,"Other"
168455,"FFALCON","FF65U65",163.829,"LCD (LED)",77.1,"7.0","Available",6,"FFALCON",64.4996062992126,"65-inch"
168456,"FFALCON","FF75U65",189.306,"LCD (LED)",97.2,"7.0","Available",6,"FFALCON",74.52992125984252,"Other"
168465,"HISENSE","55U7N series",138.783,"LCD (LED)",92.78,"N/A","Available",4.5,"HISENSE",54.63897637795275,"Other"
168465,"HISENSE","55U7QAU",138.783,"LCD (LED)",92.78,"N/A","Available",4.5,"HISENSE",54.63897637795275,"Other"
168465,"HISENSE","55U7QNZ",138.783,"LCD (LED)",92.78,"N/A","Available",4.5,"HISENSE",54.63897637795275,"Other"
167840,"HISENSE","65U7Q series",163.896,"LCD (LED)",115.94,"N/A","Available",5,"HISENSE",64.5259842519685,"65-inch"
168520,"coocaa","55G6500H",138.783,"LCD (LED)",67.9,"N/A","Available",5.5,"COOCAA",54.63897637795275,"Other"
167842,"HISENSE","85U7Q series",214.783,"LCD (LED)",186.38,"N/A","Available",5,"HISENSE",84.56023622047243,"Other"
167843,"HISENSE","100U7Q series",252.784,"LCD (LED)",222.34,"N/A","Available",5.5,"HISENSE",99.52125984251968,"Other"
167841,"HISENSE","75U7Q series",189.34,"LCD (LED)",145.91,"N/A","Available",5,"HISENSE",74.54330708661418,"Other"
168672,"Samsung","QA98QN990FW",247.688,"LCD (LED)",358,"N/A","Available",3.5,"SAMSUNG",97.51496062992125,"Other"
168672,"Samsung","QA98QN990FS",247.688,"LCD (LED)",358,"N/A","Available",3.5,"SAMSUNG",97.51496062992125,"Other"
168672,"Samsung","QA98QN990F*",247.688,"LCD (LED)",358,"N/A","Available",3.5,"SAMSUNG",97.51496062992125,"Other"
168733,"KOGAN","KALED50U95VA",125.725,"LCD (LED)",60.48,"N/A","Available",5.5,"KOGAN",49.49803149606299,"Other"
168733,"KOGAN","KALED50U95VB",125.725,"LCD (LED)",60.48,"N/A","Available",5.5,"KOGAN",49.49803149606299,"Other"
168733,"KOGAN","KALED50U95VC",125.725,"LCD (LED)",60.48,"N/A","Available",5.5,"KOGAN",49.49803149606299,"Other"
168733,"KOGAN","KALED50U95V series",125.725,"LCD (LED)",60.48,"N/A","Available",5.5,"KOGAN",49.49803149606299,"Other"
167834,"HISENSE","43Q6Q series",107.95,"LCD (LED)",51.09,"N/A","Available",5,"HISENSE",42.5,"Other"
167835,"HISENSE","50Q6Q series",125.731,"LCD (LED)",59.02,"N/A","Available",5.5,"HISENSE",49.5003937007874,"Other"
167836,"HISENSE","55Q6Q series",138.783,"LCD (LED)",62,"N/A","Available",6,"HISENSE",54.63897637795275,"Other"
167837,"HISENSE","65Q6Q series",163.896,"LCD (LED)",98.86,"N/A","Available",5.5,"HISENSE",64.5259842519685,"65-inch"
167839,"HISENSE","85Q6Q series",214.783,"LCD (LED)",177.89,"N/A","Available",5.5,"HISENSE",84.56023622047243,"Other"
168795,"TCL","85X11K",214.783,"LCD (LED)",239.2,"7.0","Available",3.5,"TCL",84.56023622047243,"Other"
168796,"TCL","115C7K",290.719,"LCD (LED)",280,"7.0","Available",6,"TCL",114.45629921259842,"Other"
168799,"AKAI","AK4022S7WOS",100.336,"LCD",36.26,"N/A","Available",6,"AKAI",39.502362204724406,"Other"
168800,"TCL","32S5K",79.967,"LCD (LED)",25.4,"6.0","Available",5,"TCL",31.48307086614173,"32-inch"
168801,"TCL","40S5K",100.305,"LCD (LED)",30.3,"7.0","Available",6,"TCL",39.49015748031496,"Other"
168804,"SKYWORTH","SW55G4F",138.783,"LCD (LED)",64.3,"N/A","Available",6,"SKYWORTH",54.63897637795275,"Other"
168848,"LG","32LR655BPSA",80.043,"LCD (LED)",30,"N/A","Available",5.5,"LG",31.512992125984255,"32-inch"
168852,"HISENSE","65Q7QAU",163.896,"LCD (LED)",104.99,"N/A","Available",5.5,"HISENSE",64.5259842519685,"65-inch"
168852,"HISENSE","65Q7QNZ",163.896,"LCD (LED)",104.99,"N/A","Available",5.5,"HISENSE",64.5259842519685,"65-inch"
168853,"HISENSE","75Q7QAU",189.34,"LCD (LED)",122.25,"N/A","Available",6,"HISENSE",74.54330708661418,"Other"
168853,"HISENSE","75Q7QNZ",189.34,"LCD (LED)",122.25,"N/A","Available",6,"HISENSE",74.54330708661418,"Other"
168854,"HISENSE","85Q7QAU",214.783,"LCD (LED)",175.06,"N/A","Available",5.5,"HISENSE",84.56023622047243,"Other"
168854,"HISENSE","85Q7QNZ",214.783,"LCD (LED)",175.06,"N/A","Available",5.5,"HISENSE",84.56023622047243,"Other"
168855,"HISENSE","100Q7QAU",252.784,"LCD (LED)",238.44,"N/A","Available",5.5,"HISENSE",99.52125984251968,"Other"
168855,"HISENSE","100Q7QNZ",252.784,"LCD (LED)",238.44,"N/A","Available",5.5,"HISENSE",99.52125984251968,"Other"
168852,"HISENSE","65Q7Q series",163.896,"LCD (LED)",104.99,"N/A","Available",5.5,"HISENSE",64.5259842519685,"65-inch"
168853,"HISENSE","75Q7Q series",189.34,"LCD (LED)",122.25,"N/A","Available",6,"HISENSE",74.54330708661418,"Other"
168854,"HISENSE","85Q7Q series",214.783,"LCD (LED)",175.06,"N/A","Available",5.5,"HISENSE",84.56023622047243,"Other"
168855,"HISENSE","100Q7Q series",252.784,"LCD (LED)",238.44,"N/A","Available",5.5,"HISENSE",99.52125984251968,"Other"
168867,"KOGAN","KAQL85WQ98GSVA",214.783,"LCD (LED)",216.3,"N/A","Available",4.5,"KOGAN",84.56023622047243,"Other"
168867,"KOGAN","KAQL85WQ98GSVB",214.783,"LCD (LED)",216.3,"N/A","Available",4.5,"KOGAN",84.56023622047243,"Other"
168867,"KOGAN","KAQL85WQ98GSVC",214.783,"LCD (LED)",216.3,"N/A","Available",4.5,"KOGAN",84.56023622047243,"Other"
168867,"KOGAN","KAQL85 series",214.783,"LCD (LED)",216.3,"N/A","Available",4.5,"KOGAN",84.56023622047243,"Other"
168888,"SVISION","SV500FTS",125.731,"LCD (LED)",47.9,"N/A","Available",6,"SVISION",49.5003937007874,"Other"
168955,"ZEN TV","ZEN 3202",79.831,"LCD (LED)",35.97,"N/A","Available",4.5,"ZEN TV",31.42952755905512,"32-inch"
168955,"ZEN TV","ZEN 3201",79.831,"LCD (LED)",35.97,"N/A","Available",4.5,"ZEN TV",31.42952755905512,"32-inch"
168964,"ZEN TV","ZEN2401",60.934,"LCD",21.55,"N/A","Available",5,"ZEN TV",23.989763779527557,"Other"
168984,"HISENSE","65U8QAU",163.896,"LCD (LED)",129.15,"N/A","Available",4.5,"HISENSE",64.5259842519685,"65-inch"
168984,"HISENSE","65U8QNZ",163.896,"LCD (LED)",129.15,"N/A","Available",4.5,"HISENSE",64.5259842519685,"65-inch"
168985,"HISENSE","75U8QAU",189.34,"LCD (LED)",169.46,"N/A","Available",4.5,"HISENSE",74.54330708661418,"Other"
168986,"HISENSE","85U8QAU",214.783,"LCD (LED)",191.41,"N/A","Available",5,"HISENSE",84.56023622047243,"Other"
168984,"HISENSE","65U8Q Series",163.896,"LCD (LED)",129.15,"N/A","Available",4.5,"HISENSE",64.5259842519685,"65-inch"
168985,"HISENSE","75U8QNZ",189.34,"LCD (LED)",169.46,"N/A","Available",4.5,"HISENSE",74.54330708661418,"Other"
168985,"HISENSE","75U8Q Series",189.34,"LCD (LED)",169.46,"N/A","Available",4.5,"HISENSE",74.54330708661418,"Other"
168986,"HISENSE","85U8QNZ",214.783,"LCD (LED)",191.41,"N/A","Available",5,"HISENSE",84.56023622047243,"Other"
168986,"HISENSE","85U8Q",214.783,"LCD (LED)",191.41,"N/A","Available",5,"HISENSE",84.56023622047243,"Other"
169009,"LG","75QNED70A6A",189.275,"LCD (LED)",165,"N/A","Available",5,"LG",74.51771653543307,"Other"
169010,"LG","75QNED70ASA",189.275,"LCD (LED)",165,"N/A","Available",5,"LG",74.51771653543307,"Other"
169012,"CHiQ","U75M10F",189.34,"LCD",136.1,"N/A","Available",5.5,"CHIQ",74.54330708661418,"Other"
169038,"AIWA","AWS650WG",163.896,"LCD (LED)",97.1,"N/A","Available",6,"AIWA",64.5259842519685,"65-inch"
169048,"ZEN TV","ZEN 2402",59.54,"LCD",23.82,"N/A","Available",4.5,"ZEN TV",23.440944881889763,"Other"
169092,"TOSHIBA","65Z770RP",163.896,"LCD (LED)",128.56,"N/A","Available",4.5,"TOSHIBA",64.5259842519685,"65-inch"
169093,"TOSHIBA","75Z770RP",189.34,"LCD (LED)",137.3,"N/A","Available",5.5,"TOSHIBA",74.54330708661418,"Other"
169094,"TOSHIBA","85Z770RP",214.783,"LCD (LED)",167.13,"N/A","Available",5.5,"TOSHIBA",84.56023622047243,"Other"
169104,"RCA","RT-24G01A",59.54,"LCD",23.89,"N/A","Available",4.5,"RCA",23.440944881889763,"Other"
169114,"KOGAN","KAQL75WQ98GSVA",189.306,"LCD (LED)",130.8,"N/A","Available",5.5,"KOGAN",74.52992125984252,"Other"
169114,"KOGAN","KAQL75WQ98GSVB",189.306,"LCD (LED)",130.8,"N/A","Available",5.5,"KOGAN",74.52992125984252,"Other"
169114,"KOGAN","KAQL75WQ98GSVC",189.306,"LCD (LED)",130.8,"N/A","Available",5.5,"KOGAN",74.52992125984252,"Other"
169114,"KOGAN","KAQL75WQ98 series",189.306,"LCD (LED)",130.8,"N/A","Available",5.5,"KOGAN",74.52992125984252,"Other"
169165,"AKAI","AK40FHDZEN",100.337,"LCD (LED)",36.9,"N/A","Available",6,"AKAI",39.50275590551181,"Other"
169168,"Kogan","KAQL75MQ8TA",189.34,"LCD (LED)",135.9,"N/A","Available",5.5,"KOGAN",74.54330708661418,"Other"
169168,"Kogan","KAQL75MQ8TB",189.34,"LCD (LED)",135.9,"N/A","Available",5.5,"KOGAN",74.54330708661418,"Other"
169168,"Kogan","KAQL75MQ8TC",189.34,"LCD (LED)",135.9,"N/A","Available",5.5,"KOGAN",74.54330708661418,"Other"
169168,"Kogan","KAQL75MQ8TD",189.34,"LCD (LED)",135.9,"N/A","Available",5.5,"KOGAN",74.54330708661418,"Other"
169168,"Kogan","LED (backlighting) TV",189.34,"LCD (LED)",135.9,"N/A","Available",5.5,"KOGAN",74.54330708661418,"Other"
169171,"coocaa","40E5500H",100.34,"LCD (LED)",32.9,"N/A","Available",6,"COOCAA",39.503937007874015,"Other"
169170,"Kogan","KAQL65MQ8TA",163.896,"LCD (LED)",109.1,"N/A","Available",5,"KOGAN",64.5259842519685,"65-inch"
169170,"Kogan","KAQL65MQ8TB",163.896,"LCD (LED)",109.1,"N/A","Available",5,"KOGAN",64.5259842519685,"65-inch"
169170,"Kogan","KAQL65MQ8TC",163.896,"LCD (LED)",109.1,"N/A","Available",5,"KOGAN",64.5259842519685,"65-inch"
169170,"Kogan","KAQL65MQ8TD",163.896,"LCD (LED)",109.1,"N/A","Available",5,"KOGAN",64.5259842519685,"65-inch"
169170,"Kogan","KAQL65MQ8TE",163.896,"LCD (LED)",109.1,"N/A","Available",5,"KOGAN",64.5259842519685,"65-inch"
169170,"Kogan","LED (backlighting) TV",163.896,"LCD (LED)",109.1,"N/A","Available",5,"KOGAN",64.5259842519685,"65-inch"
169172,"Veon","VNG3F55",138.783,"LCD (LED)",57.9,"N/A","Available",5.5,"VEON",54.63897637795275,"Other"
169172,"Veon","VNG3F5525",138.783,"LCD (LED)",57.9,"N/A","Available",5.5,"VEON",54.63897637795275,"Other"
169172,"Veon","VNG3F55 Serise",138.783,"LCD (LED)",57.9,"N/A","Available",5.5,"VEON",54.63897637795275,"Other"
169168,"Kogan","KAQL75MQ8TE",189.34,"LCD (LED)",135.9,"N/A","Available",5.5,"KOGAN",74.54330708661418,"Other"
169173,"SKYWORTH","40E5500H",100.342,"LCD (LED)",32.3,"N/A","Available",6,"SKYWORTH",39.50472440944882,"Other"
169174,"LG","32LR650BPSA",80.043,"LCD (LED)",30,"N/A","Available",5.5,"LG",31.512992125984255,"32-inch"
169197,"Kogan","KAQL55MQ8TA",138.783,"LCD (LED)",93.2,"N/A","Available",4.5,"KOGAN",54.63897637795275,"Other"
169197,"Kogan","KAQL55MQ8TB",138.783,"LCD (LED)",93.2,"N/A","Available",4.5,"KOGAN",54.63897637795275,"Other"
169197,"Kogan","KAQL55MQ8TC",138.783,"LCD (LED)",93.2,"N/A","Available",4.5,"KOGAN",54.63897637795275,"Other"
169197,"Kogan","KAQL55MQ8TD",138.783,"LCD (LED)",93.2,"N/A","Available",4.5,"KOGAN",54.63897637795275,"Other"
169197,"Kogan","KAQL55MQ8TE",138.783,"LCD (LED)",93.2,"N/A","Available",4.5,"KOGAN",54.63897637795275,"Other"
169197,"Kogan","LED (backlighting) TV",138.783,"LCD (LED)",93.2,"N/A","Available",4.5,"KOGAN",54.63897637795275,"Other"
169203,"Linsar","LS24HDNFB",59.827,"LCD (LED)",15.38,"N/A","Available",6,"LINSAR",23.553937007874016,"Other"
169204,"Linsar","LS32HDNFB",80.043,"LCD (LED)",15.87,"N/A","Available",8,"LINSAR",31.512992125984255,"32-inch"
169283,"CHiQ","L40M10",100.332,"LCD (LED)",35.2,"N/A","Available",5.5,"CHIQ",39.5007874015748,"Other"
169285,"CHiQ","L32M10",80.039,"LCD (LED)",24.2,"N/A","Available",5.5,"CHIQ",31.511417322834646,"32-inch"
169286,"CHiQ","U65QM10",163.896,"LCD (LED)",136.6,"N/A","Available",4.5,"CHIQ",64.5259842519685,"65-inch"
169287,"CHiQ","U65M10F",163.896,"LCD (LED)",94.1,"N/A","Available",6,"CHIQ",64.5259842519685,"65-inch"
169288,"CHiQ","L40G5AU",100.305,"LCD (LED)",36.5,"N/A","Available",6,"CHIQ",39.49015748031496,"Other"
169300,"Panasonic","TV-55W95BGZ",138.798,"LCD (LED)",78.3,"8.0","Available",5,"PANASONIC",54.64488188976378,"Other"
169302,"Panasonic","TV-65W95BGZ",163.897,"LCD (LED)",100.68,"8.0","Available",5.5,"PANASONIC",64.52637795275591,"65-inch"
169305,"Panasonic","TV-75W95BGZ",189.306,"LCD (LED)",102.6,"9.0","Available",6,"PANASONIC",74.52992125984252,"Other"
169306,"Panasonic","TV-85W95BGZ",214.783,"LCD (LED)",125.64,"9.0","Available",6,"PANASONIC",84.56023622047243,"Other"
169310,"DGTEC","DG70UHDW22041",176.535,"LCD",108.294,"N/A","Available",6,"DGTEC",69.50196850393701,"Other"
169322,"AIWA","AWS400G2",100.332,"LCD (LED)",35.2,"N/A","Available",5.5,"AIWA",39.5007874015748,"Other"
169326,"TOSHIBA","55C350RP",138.783,"LCD (LED)",63.29,"N/A","Available",6,"TOSHIBA",54.63897637795275,"Other"
169327,"TOSHIBA","65C350RP",163.896,"LCD (LED)",81.08,"N/A","Available",6,"TOSHIBA",64.5259842519685,"65-inch"
169328,"TOSHIBA","75C350RP",189.34,"LCD (LED)",87.19,"N/A","Available",7,"TOSHIBA",74.54330708661418,"Other"
169329,"TOSHIBA","85C350RP",214.783,"LCD (LED)",155.84,"N/A","Available",6,"TOSHIBA",84.56023622047243,"Other"
169348,"Kogan","KALED55U95TB",138.783,"LCD (LED)",108.4,"N/A","Available",3.5,"KOGAN",54.63897637795275,"Other"
169348,"Kogan","KALED55U95TC",138.783,"LCD (LED)",108.4,"N/A","Available",3.5,"KOGAN",54.63897637795275,"Other"
169348,"Kogan","KALED55U95TD",138.783,"LCD (LED)",108.4,"N/A","Available",3.5,"KOGAN",54.63897637795275,"Other"
169348,"Kogan","KALED55U95TE",138.783,"LCD (LED)",108.4,"N/A","Available",3.5,"KOGAN",54.63897637795275,"Other"
169348,"Kogan","KALED55U95TF",138.783,"LCD (LED)",108.4,"N/A","Available",3.5,"KOGAN",54.63897637795275,"Other"
169348,"Kogan","LED (backlighting) TV",138.783,"LCD (LED)",108.4,"N/A","Available",3.5,"KOGAN",54.63897637795275,"Other"
169349,"Kogan","KAQL32FQ9TA",80.039,"LCD (LED)",27.1,"N/A","Available",5.5,"KOGAN",31.511417322834646,"32-inch"
169349,"Kogan","KAQL32FQ9TB",80.039,"LCD (LED)",27.1,"N/A","Available",5.5,"KOGAN",31.511417322834646,"32-inch"
169349,"Kogan","KAQL32FQ9TC",80.039,"LCD (LED)",27.1,"N/A","Available",5.5,"KOGAN",31.511417322834646,"32-inch"
169349,"Kogan","KAQL32FQ9TD",80.039,"LCD (LED)",27.1,"N/A","Available",5.5,"KOGAN",31.511417322834646,"32-inch"
169349,"Kogan","KAQL32FQ9TE",80.039,"LCD (LED)",27.1,"N/A","Available",5.5,"KOGAN",31.511417322834646,"32-inch"
169349,"Kogan","LED (backlighting) TV",80.039,"LCD (LED)",27.1,"N/A","Available",5.5,"KOGAN",31.511417322834646,"32-inch"
169352,"TCL","98X11K",247.604,"LCD (LED)",313.1,"7.0","Available",3.5,"TCL",97.48188976377953,"Other"
169398,"KOGAN","KAOD55X98JSVA",138.711,"LCD (LED)",96.66,"N/A","Available",4,"KOGAN",54.61062992125985,"Other"
169398,"KOGAN","KAOD55X98JSVB",138.711,"LCD (LED)",96.66,"N/A","Available",4,"KOGAN",54.61062992125985,"Other"
169398,"KOGAN","KAOD55X98JSVC",138.711,"LCD (LED)",96.66,"N/A","Available",4,"KOGAN",54.61062992125985,"Other"
169398,"KOGAN","KAOD55X98JSV series",138.711,"LCD (LED)",96.66,"N/A","Available",4,"KOGAN",54.61062992125985,"Other"
169399,"KOGAN","KAOD65X98JSVA",163.829,"LCD (LED)",105.84,"N/A","Available",5,"KOGAN",64.4996062992126,"65-inch"
169399,"KOGAN","KAOD65X98JSVB",163.829,"LCD (LED)",105.84,"N/A","Available",5,"KOGAN",64.4996062992126,"65-inch"
169399,"KOGAN","KAOD65X98JSVC",163.829,"LCD (LED)",105.84,"N/A","Available",5,"KOGAN",64.4996062992126,"65-inch"
169399,"KOGAN","KAOD65X98JSV series",163.829,"LCD (LED)",105.84,"N/A","Available",5,"KOGAN",64.4996062992126,"65-inch"
169403,"FFALCON","FF32S55",79.967,"LCD (LED)",25.4,"6.0","Available",5,"FFALCON",31.48307086614173,"32-inch"
169404,"FFALCON","FF40S55",100.305,"LCD (LED)",30.3,"7.0","Available",6,"FFALCON",39.49015748031496,"Other"
169442,"Panasonic","TN-32S60BGZ",80.038,"LCD (LED)",21.68,"9.0","Available",6,"PANASONIC",31.511023622047244,"32-inch"
169443,"Panasonic","TN-43S60BGZ",107.95,"LCD (LED)",35.67,"9.0","Available",6,"PANASONIC",42.5,"Other"
169463,"Samsung","BE43FX-H",107.987,"LCD (LED)",68,"N/A","Available",4,"SAMSUNG",42.514566929133856,"Other"
169453,"Samsung","BE50FX-H",125.727,"LCD (LED)",71,"N/A","Available",5,"SAMSUNG",49.4988188976378,"Other"
169466,"Samsung","BE55FX-H",138.783,"LCD (LED)",79,"N/A","Available",5.5,"SAMSUNG",54.63897637795275,"Other"
169473,"SKYWORTH","SW43G3F",107.987,"LCD (LED)",54.9,"N/A","Available",5,"SKYWORTH",42.514566929133856,"Other"
169474,"SKYWORTH","SW55G3F",138.783,"LCD (LED)",64.6,"N/A","Available",6,"SKYWORTH",54.63897637795275,"Other"
169169,"SKYWORTH","85Q6600H",217.425,"LCD (LED)",181.9,"N/A","Available",5,"SKYWORTH",85.60039370078741,"Other"
169483,"BAUHN","ATV50UHDT-0825",125.725,"LCD (LED)",56.59,"N/A","Available",6,"BAUHN",49.49803149606299,"Other"
169491,"SYLVOX","OT55A6KOEC",138.783,"LCD",79.95,"N/A","Available",5.5,"SYLVOX",54.63897637795275,"Other"
169499,"HISENSE","50U6QAU PRO",125.731,"LCD (LED)",71.19,"N/A","Available",5,"HISENSE",49.5003937007874,"Other"
169499,"HISENSE","50U6QNZ PRO",125.731,"LCD (LED)",71.19,"N/A","Available",5,"HISENSE",49.5003937007874,"Other"
169500,"HISENSE","55U6QAU PRO",138.783,"LCD (LED)",100.24,"N/A","Available",4,"HISENSE",54.63897637795275,"Other"
169500,"HISENSE","55U6QNZ PRO",138.783,"LCD (LED)",100.24,"N/A","Available",4,"HISENSE",54.63897637795275,"Other"
169501,"HISENSE","65U6QAU PRO",163.896,"LCD (LED)",110.31,"N/A","Available",5,"HISENSE",64.5259842519685,"65-inch"
169501,"HISENSE","65U6QNZ PRO",163.896,"LCD (LED)",110.31,"N/A","Available",5,"HISENSE",64.5259842519685,"65-inch"
169502,"HISENSE","75U6QAU PRO",189.34,"LCD (LED)",133.21,"N/A","Available",5.5,"HISENSE",74.54330708661418,"Other"
169502,"HISENSE","75U6QNZ PRO",189.34,"LCD (LED)",133.21,"N/A","Available",5.5,"HISENSE",74.54330708661418,"Other"
169503,"HISENSE","85U6QAU PRO",214.783,"LCD (LED)",154.51,"N/A","Available",6,"HISENSE",84.56023622047243,"Other"
169503,"HISENSE","85U6QNZ PRO",214.783,"LCD (LED)",154.51,"N/A","Available",6,"HISENSE",84.56023622047243,"Other"
169504,"HISENSE","100U6QAU PRO",252.784,"LCD (LED)",248.33,"N/A","Available",5,"HISENSE",99.52125984251968,"Other"
169504,"HISENSE","100U6QNZ PRO",252.784,"LCD (LED)",248.33,"N/A","Available",5,"HISENSE",99.52125984251968,"Other"
169499,"HISENSE","50U6Q PRO Series",125.731,"LCD (LED)",71.19,"N/A","Available",5,"HISENSE",49.5003937007874,"Other"
169508,"Samsung","BE65FX-H",163.897,"LCD (LED)",113,"N/A","Available",5.5,"SAMSUNG",64.52637795275591,"65-inch"
169509,"Samsung","BE75FX-H",189.338,"LCD (LED)",136,"N/A","Available",5.5,"SAMSUNG",74.54251968503937,"Other"
169512,"Samsung","BE85FX-H",214.783,"LCD (LED)",142,"N/A","Available",6,"SAMSUNG",84.56023622047243,"Other"
169500,"HISENSE","55U6Q PRO series",138.783,"LCD (LED)",100.24,"N/A","Available",4,"HISENSE",54.63897637795275,"Other"
169501,"HISENSE","65U6Q PRO series",163.896,"LCD (LED)",110.31,"N/A","Available",5,"HISENSE",64.5259842519685,"65-inch"
169502,"HISENSE","75U6Q PRO series",189.34,"LCD (LED)",133.21,"N/A","Available",5.5,"HISENSE",74.54330708661418,"Other"
169503,"HISENSE","85U6Q PRO series",214.783,"LCD (LED)",154.51,"N/A","Available",6,"HISENSE",84.56023622047243,"Other"
169504,"HISENSE","100U6Q PRO series",252.784,"LCD (LED)",248.33,"N/A","Available",5,"HISENSE",99.52125984251968,"Other"
169537,"Panasonic","TV-55Z95BGZ",138.783,"OLED",83.4,"8.0","Available",5,"PANASONIC",54.63897637795275,"Other"
169538,"Panasonic","TV-65Z95BGZ",163.897,"OLED",95.8,"8.0","Available",5.5,"PANASONIC",64.52637795275591,"65-inch"
169539,"Panasonic","TV-77Z95BGZ",194.738,"OLED",101.9,"10.0","Available",7,"PANASONIC",76.66850393700787,"Other"
169540,"Panasonic","TV-77Z90BGZ",194.738,"OLED",136.8,"8.0","Available",5.5,"PANASONIC",76.66850393700787,"Other"
169546,"SKYWORTH","75Q6600H",189.338,"LCD (LED)",147.3,"N/A","Available",5,"SKYWORTH",74.54251968503937,"Other"
169547,"SKYWORTH","SW65G4F",163.897,"LCD (LED)",121.6,"N/A","Available",4.5,"SKYWORTH",64.52637795275591,"65-inch"
169599,"Samsung","HG43U800FAW",107.986,"LCD (LED)",66,"N/A","Available",4,"SAMSUNG",42.51417322834646,"Other"
169600,"Samsung","HG50U800FAW",125.727,"LCD (LED)",73,"N/A","Available",5,"SAMSUNG",49.4988188976378,"Other"
169602,"Samsung","HG55U800FAW",138.783,"LCD (LED)",81,"N/A","Available",5.5,"SAMSUNG",54.63897637795275,"Other"
169605,"Samsung","HG65U800FAW",163.897,"LCD (LED)",103,"N/A","Available",5.5,"SAMSUNG",64.52637795275591,"65-inch"
169604,"Samsung","HG75U800FAW",189.338,"LCD (LED)",140,"N/A","Available",5.5,"SAMSUNG",74.54251968503937,"Other"
169625,"Samsung","HG85U800FAW",214.783,"LCD (LED)",164,"N/A","Available",6,"SAMSUNG",84.56023622047243,"Other"
169686,"CHiQ","U43QM10",107.987,"LCD (LED)",53.7,"N/A","Available",5,"CHIQ",42.514566929133856,"Other"
169491,"SYLVOX","OT55KOC",138.783,"LCD",79.95,"N/A","Available",5.5,"SYLVOX",54.63897637795275,"Other"
169491,"SYLVOX","OT55A6KOEC, OT55KOC",138.783,"LCD",79.95,"N/A","Available",5.5,"SYLVOX",54.63897637795275,"Other"
169695,"SYLVOX","OT65A6KOEC",163.896,"LCD",104.68002,"N/A","Available",5.5,"SYLVOX",64.5259842519685,"65-inch"
169695,"SYLVOX","OT65KOC",163.896,"LCD",104.68002,"N/A","Available",5.5,"SYLVOX",64.5259842519685,"65-inch"
169696,"SYLVOX","OT75A6KOEC",189.34,"LCD",134.5602,"N/A","Available",5.5,"SYLVOX",74.54330708661418,"Other"
169696,"SYLVOX","OT75KOC",189.34,"LCD",134.5602,"N/A","Available",5.5,"SYLVOX",74.54330708661418,"Other"
169695,"SYLVOX","OT65A6KOEC, OT65KOC",163.896,"LCD",104.68002,"N/A","Available",5.5,"SYLVOX",64.5259842519685,"65-inch"
169696,"SYLVOX","OT75A6KOEC, OT75KOC",189.34,"LCD",134.5602,"N/A","Available",5.5,"SYLVOX",74.54330708661418,"Other"
169704,"CHiQ","U50QM10",125.731,"LCD (LED)",66.2,"N/A","Available",5,"CHIQ",49.5003937007874,"Other"
169705,"CHiQ","U55M10F",138.783,"LCD (LED)",74.4,"N/A","Available",5.5,"CHIQ",54.63897637795275,"Other"
169706,"CHiQ","U75QM10",189.34,"LCD (LED)",136.6,"N/A","Available",5.5,"CHIQ",74.54330708661418,"Other"
169746,"LG","43UK660H0LA",107.987,"LCD (LED)",46,"N/A","Available",6,"LG",42.514566929133856,"Other"
169747,"LG","50UK660H0LA",125.727,"LCD (LED)",53,"N/A","Available",6,"LG",49.4988188976378,"Other"
169748,"LG","55UK660H0LA",138.783,"LCD (LED)",54,"N/A","Available",7,"LG",54.63897637795275,"Other"
169749,"LG","65UK660H0LA",163.897,"LCD (LED)",67,"N/A","Available",7,"LG",64.52637795275591,"65-inch"
169820,"Linsar","LS85UHDZEN25S",214.783,"LCD (LED)",163.7,"N/A","Available",6,"LINSAR",84.56023622047243,"Other"
169847,"SKYWORTH","65X8700G",163.897,"LCD (LED)",111.6,"N/A","Available",5,"SKYWORTH",64.52637795275591,"65-inch"
169849,"AKAI","AK40FHDZEN",100.337,"LCD (LED)",36.9,"N/A","Available",6,"AKAI",39.50275590551181,"Other"
169850,"AKAI","AK50UHDZEN",125.731,"LCD (LED)",59.84,"N/A","Available",6,"AKAI",49.5003937007874,"Other"
170005,"Kogan","KALED43U95VA",107.95,"LCD (LED)",63.12,"N/A","Available",4,"KOGAN",42.5,"Other"
170005,"Kogan","KALED43U95VB",107.95,"LCD (LED)",63.12,"N/A","Available",4,"KOGAN",42.5,"Other"
170005,"Kogan","KALED43U95VC",107.95,"LCD (LED)",63.12,"N/A","Available",4,"KOGAN",42.5,"Other"
170006,"Kogan","KAQL65XQ98GSVA",163.829,"LCD (LED)",157.32,"N/A","Available",3.5,"KOGAN",64.4996062992126,"65-inch"
170006,"Kogan","KAQL65XQ98GSVB",163.829,"LCD (LED)",157.32,"N/A","Available",3.5,"KOGAN",64.4996062992126,"65-inch"
170006,"Kogan","KAQL65XQ98GSVC",163.829,"LCD (LED)",157.32,"N/A","Available",3.5,"KOGAN",64.4996062992126,"65-inch"
170006,"Kogan","KAQL65XQ98****",163.829,"LCD (LED)",157.32,"N/A","Available",3.5,"KOGAN",64.4996062992126,"65-inch"
170051,"SKYWORTH","55Q7700G",138.783,"LCD (LED)",71.1,"N/A","Available",5.5,"SKYWORTH",54.63897637795275,"Other"
170053,"SKYWORTH","43E5500H",107.956,"LCD (LED)",36.6,"N/A","Available",6,"SKYWORTH",42.50236220472441,"Other"
170054,"SKYWORTH","65Q7700G",163.897,"LCD (LED)",118.6,"N/A","Available",5,"SKYWORTH",64.52637795275591,"65-inch"
170075,"EKO","K75USTW",189.34,"LCD (LED)",142.18,"N/A","Available",4.5,"EKO",74.54330708661418,"Other"
170005,"Kogan","KALED43U95****",107.95,"LCD (LED)",63.12,"N/A","Available",4,"KOGAN",42.5,"Other"
170107,"KOGAN","KALD24DH67NA",59.824,"LCD",22.3,"N/A","Available",5,"KOGAN",23.55275590551181,"Other"
170107,"KOGAN","*24*",59.824,"LCD",22.3,"N/A","Available",5,"KOGAN",23.55275590551181,"Other"
170147,"Samsung","QA115QN90FW",290.784,"LCD (LED)",428,"N/A","Available",4.5,"SAMSUNG",114.48188976377952,"Other"
170147,"Samsung","QA115QN90FS",290.784,"LCD (LED)",428,"N/A","Available",4.5,"SAMSUNG",114.48188976377952,"Other"
170147,"Samsung","QA115QN90F*",290.784,"LCD (LED)",428,"N/A","Available",4.5,"SAMSUNG",114.48188976377952,"Other"
170148,"KOGAN","KALD24D97SNA",59.824,"LCD",22,"N/A","Available",5,"KOGAN",23.55275590551181,"Other"
170151,"JVC","LT-42NQ5155AJ",105.415,"LCD (LED)",49.21,"N/A","Available",5,"JVC",41.50196850393701,"Other"
170150,"KOGAN","KALD32D97SNA",80.039,"LCD",35.2,"N/A","Available",5,"KOGAN",31.511417322834646,"32-inch"
170251,"AOA","LTG43UHD",107.987,"LCD (LED)",50.04,"N/A","Available",5.5,"AOA",42.514566929133856,"Other"
165781,"Samsung","UA32F6000FW",80.008,"LCD (LED)",36,"N/A","Available",4.5,"SAMSUNG",31.499212598425196,"32-inch"
165781,"Samsung","UA32F6000FS",80.008,"LCD (LED)",36,"N/A","Available",4.5,"SAMSUNG",31.499212598425196,"32-inch"
165781,"Samsung","S32F6000FW",80.008,"LCD (LED)",36,"N/A","Available",4.5,"SAMSUNG",31.499212598425196,"32-inch"
165781,"Samsung","S32F6000FS",80.008,"LCD (LED)",36,"N/A","Available",4.5,"SAMSUNG",31.499212598425196,"32-inch"
165781,"Samsung","**32F6000F*",80.008,"LCD (LED)",36,"N/A","Available",4.5,"SAMSUNG",31.499212598425196,"32-inch"
170277,"LG","OLED48G5PSA",120.721,"OLED",62,"N/A","Available",5.5,"LG",47.52795275590551,"Other"
170278,"LG","OLED48G56LS",120.721,"OLED",62,"N/A","Available",5.5,"LG",47.52795275590551,"Other"
170311,"SKYWORTH","32LP70G",80.054,"LCD (LED)",32.4,"N/A","Available",5,"SKYWORTH",31.517322834645668,"32-inch"
170313,"ENGLAON","LED65M10",163.896,"LCD (LED)",201,"N/A","Available",2.5,"ENGLAON",64.5259842519685,"65-inch"
170319,"ENGLAON","LED55M10",138.783,"LCD (LED)",143.5,"N/A","Available",3,"ENGLAON",54.63897637795275,"Other"
170349,"TOSHIBA","50C350RP",125.731,"LCD (LED)",54.86,"N/A","Available",6,"TOSHIBA",49.5003937007874,"Other"
170107,"KOGAN","KALD24DH67NB",59.824,"LCD",22.3,"N/A","Available",5,"KOGAN",23.55275590551181,"Other"
170107,"KOGAN","KALD24DH67NC",59.824,"LCD",22.3,"N/A","Available",5,"KOGAN",23.55275590551181,"Other"
170107,"KOGAN","KALD24DH67ND",59.824,"LCD",22.3,"N/A","Available",5,"KOGAN",23.55275590551181,"Other"
170148,"KOGAN","KALD24D97SNB",59.824,"LCD",22,"N/A","Available",5,"KOGAN",23.55275590551181,"Other"
170148,"KOGAN","KALD24D97SNC",59.824,"LCD",22,"N/A","Available",5,"KOGAN",23.55275590551181,"Other"
170148,"KOGAN","KALD24D97SND",59.824,"LCD",22,"N/A","Available",5,"KOGAN",23.55275590551181,"Other"
170148,"KOGAN","*24*",59.824,"LCD",22,"N/A","Available",5,"KOGAN",23.55275590551181,"Other"
170150,"KOGAN","KALD32D97SNB",80.039,"LCD",35.2,"N/A","Available",5,"KOGAN",31.511417322834646,"32-inch"
170150,"KOGAN","KALD32D97SNC",80.039,"LCD",35.2,"N/A","Available",5,"KOGAN",31.511417322834646,"32-inch"
170150,"KOGAN","KALD32D97SND",80.039,"LCD",35.2,"N/A","Available",5,"KOGAN",31.511417322834646,"32-inch"
170150,"KOGAN","*32*",80.039,"LCD",35.2,"N/A","Available",5,"KOGAN",31.511417322834646,"32-inch"
170419,"BLAUPUNKT","BP24WOSDVD",60.47,"LCD (LED)",23.55,"N/A","Available",4.5,"BLAUPUNKT",23.807086614173226,"Other"
170311,"SKYWORTH","SW32LP70G",80.054,"LCD (LED)",32.4,"N/A","Available",5,"SKYWORTH",31.517322834645668,"32-inch"
170530,"Kogan","KAQL55T97QA",138.783,"LCD",110.95,"N/A","Available",4,"KOGAN",54.63897637795275,"Other"
170530,"Kogan","KAQL55T97QB",138.783,"LCD",110.95,"N/A","Available",4,"KOGAN",54.63897637795275,"Other"
170530,"Kogan","KAQL55T97QC",138.783,"LCD",110.95,"N/A","Available",4,"KOGAN",54.63897637795275,"Other"
170530,"Kogan","KAQL55T97QD",138.783,"LCD",110.95,"N/A","Available",4,"KOGAN",54.63897637795275,"Other"
170530,"Kogan","KAQL55T97Q*",138.783,"LCD",110.95,"N/A","Available",4,"KOGAN",54.63897637795275,"Other"
170531,"Kogan","KAQL65T97QA",163.896,"LCD",162.79,"N/A","Available",3.5,"KOGAN",64.5259842519685,"65-inch"
170531,"Kogan","KAQL65T97QB",163.896,"LCD",162.79,"N/A","Available",3.5,"KOGAN",64.5259842519685,"65-inch"
170531,"Kogan","KAQL65T97QC",163.896,"LCD",162.79,"N/A","Available",3.5,"KOGAN",64.5259842519685,"65-inch"
170531,"Kogan","KAQL65T97QD",163.896,"LCD",162.79,"N/A","Available",3.5,"KOGAN",64.5259842519685,"65-inch"
170531,"Kogan","KAQL65T97Q*",163.896,"LCD",162.79,"N/A","Available",3.5,"KOGAN",64.5259842519685,"65-inch"
170563,"Veon","VNG3F5025",125.727,"LCD (LED)",54.9,"9.0","Available",6,"VEON",49.4988188976378,"Other"
170567,"JVC","JVG4F5025",125.727,"LCD (LED)",54.9,"8.0","Available",5.5,"JVC",49.4988188976378,"Other"
170569,"JVC","JVG4F5525",138.783,"LCD (LED)",63.9,"8.0","Available",5.5,"JVC",54.63897637795275,"Other"
170686,"Veon","VNG3F7525",189.338,"LCD (LED)",122.8,"8.0","Available",5.5,"VEON",74.54251968503937,"Other"
170687,"JVC","JVG4F6525",163.897,"LCD (LED)",107.6,"8.0","Available",5.5,"JVC",64.52637795275591,"65-inch"
170688,"Veon","VNG3F6525",163.897,"LCD (LED)",96.9,"8.0","Available",5.5,"VEON",64.52637795275591,"65-inch"
170722,"coocaa","50G6500H",125.727,"LCD (LED)",55.3,"N/A","Available",5.5,"COOCAA",49.4988188976378,"Other"
170724,"EKO","K43FST",108.593,"LCD (LED)",50,"N/A","Available",5.5,"EKO",42.75314960629921,"Other"
170785,"TOSHIBA","43C350RP",107.986,"LCD (LED)",50.56,"N/A","Available",5.5,"TOSHIBA",42.51417322834646,"Other"
170786,"HISENSE","100U8QAU",252.784,"LCD (LED)",259.29,"N/A","Available",5,"HISENSE",99.52125984251968,"Other"
170786,"HISENSE","100U8QNZ",252.784,"LCD (LED)",259.29,"N/A","Available",5,"HISENSE",99.52125984251968,"Other"
170787,"HISENSE","100UXAU",252.784,"LCD (LED)",268.08,"N/A","Available",5,"HISENSE",99.52125984251968,"Other"
170787,"HISENSE","100UXNZ",252.784,"LCD (LED)",268.08,"N/A","Available",5,"HISENSE",99.52125984251968,"Other"
170786,"HISENSE","100U8Q series",252.784,"LCD (LED)",259.29,"N/A","Available",5,"HISENSE",99.52125984251968,"Other"
170787,"HISENSE","100UX series",252.784,"LCD (LED)",268.08,"N/A","Available",5,"HISENSE",99.52125984251968,"Other"
170788,"HISENSE","116UXAU",293.372,"LCD (LED)",303.84,"N/A","Available",6,"HISENSE",115.50078740157481,"Other"
170788,"HISENSE","116UXNZ",293.372,"LCD (LED)",303.84,"N/A","Available",6,"HISENSE",115.50078740157481,"Other"
170788,"HISENSE","116UX series",293.372,"LCD (LED)",303.84,"N/A","Available",6,"HISENSE",115.50078740157481,"Other"
170814,"LG","65UK760H0SD",163.897,"LCD (LED)",126,"N/A","Available",5,"LG",64.52637795275591,"65-inch"
170862,"HYUNDAI","H75UHDQLDZEN",189.34,"LCD (LED)",122.94,"N/A","Available",6,"HYUNDAI",74.54330708661418,"Other"
170908,"coocaa","60G6500H",152.663,"LCD (LED)",68.2,"N/A","Available",6,"COOCAA",60.10354330708662,"Other"
170963,"Panasonic","TN-50W68BGZ",125.812,"LCD (LED)",72.7,"7.0","Available",4.5,"PANASONIC",49.53228346456693,"Other"
170963,"Panasonic","TN-50W70BGZ",125.812,"LCD (LED)",72.7,"7.0","Available",4.5,"PANASONIC",49.53228346456693,"Other"
170963,"Panasonic","TN-50W series",125.812,"LCD (LED)",72.7,"7.0","Available",4.5,"PANASONIC",49.53228346456693,"Other"
171050,"LG","55UK767H0SA",138.783,"LCD (LED)",80,"N/A","Available",5.5,"LG",54.63897637795275,"Other"
171058,"Samsung","HG43U700FAW",107.987,"LCD (LED)",58,"N/A","Available",5,"SAMSUNG",42.514566929133856,"Other"
171065,"Samsung","HG50U700FAW",125.727,"LCD (LED)",66,"N/A","Available",5.5,"SAMSUNG",49.4988188976378,"Other"
171080,"Kogan","KAL40F98TA",100.332,"LCD (LED)",40.4,"N/A","Available",5.5,"KOGAN",39.5007874015748,"Other"
171080,"Kogan","KAL40F98TB",100.332,"LCD (LED)",40.4,"N/A","Available",5.5,"KOGAN",39.5007874015748,"Other"
171080,"Kogan","KAL40F98TC",100.332,"LCD (LED)",40.4,"N/A","Available",5.5,"KOGAN",39.5007874015748,"Other"
171080,"Kogan","KAL40F98TD",100.332,"LCD (LED)",40.4,"N/A","Available",5.5,"KOGAN",39.5007874015748,"Other"
171080,"Kogan","KAL40F98TE",100.332,"LCD (LED)",40.4,"N/A","Available",5.5,"KOGAN",39.5007874015748,"Other"
171080,"Kogan","KAL40F98T*",100.332,"LCD (LED)",40.4,"N/A","Available",5.5,"KOGAN",39.5007874015748,"Other"
171085,"Samsung","HG55U700FAW",138.783,"LCD (LED)",68,"N/A","Available",6,"SAMSUNG",54.63897637795275,"Other"
171086,"Samsung","HG65U700FAW",163.897,"LCD (LED)",95,"N/A","Available",6,"SAMSUNG",64.52637795275591,"65-inch"
171087,"Samsung","HG75U700FAW",189.338,"LCD (LED)",118,"N/A","Available",6,"SAMSUNG",74.54251968503937,"Other"
171115,"DGTEC","DG55UHDW-23352",138.401,"LCD",70,"N/A","Available",6,"DGTEC",54.48858267716536,"Other"
171125,"Panasonic","TN-43W68BGZ",107.987,"LCD (LED)",55.9,"7.0","Available",4.5,"PANASONIC",42.514566929133856,"Other"
171125,"Panasonic","TN43W70BGZ",107.987,"LCD (LED)",55.9,"7.0","Available",4.5,"PANASONIC",42.514566929133856,"Other"
171125,"Panasonic","TN-43W",107.987,"LCD (LED)",55.9,"7.0","Available",4.5,"PANASONIC",42.514566929133856,"Other"
171136,"Panasonic","TN-55W68BGZ",138.783,"LCD (LED)",73.9,"8.0","Available",5.5,"PANASONIC",54.63897637795275,"Other"
171136,"Panasonic","TN-55W70BGZ",138.783,"LCD (LED)",73.9,"8.0","Available",5.5,"PANASONIC",54.63897637795275,"Other"
171136,"Panasonic","TN-55W",138.783,"LCD (LED)",73.9,"8.0","Available",5.5,"PANASONIC",54.63897637795275,"Other"
171138,"Panasonic","TN-65W68BGZ",163.916,"LCD (LED)",111.9,"8.0","Available",5,"PANASONIC",64.53385826771654,"65-inch"
171138,"Panasonic","TN-65W70BGZ",163.916,"LCD (LED)",111.9,"8.0","Available",5,"PANASONIC",64.53385826771654,"65-inch"
171138,"Panasonic","TN-65W",163.916,"LCD (LED)",111.9,"8.0","Available",5,"PANASONIC",64.53385826771654,"65-inch"
171140,"Panasonic","TN-75W68BGZ",189.338,"LCD (LED)",160.3,"7.0","Available",4.5,"PANASONIC",74.54251968503937,"Other"
171140,"Panasonic","TN-75W70BGZ",189.338,"LCD (LED)",160.3,"7.0","Available",4.5,"PANASONIC",74.54251968503937,"Other"
171140,"Panasonic","TN-75W",189.338,"LCD (LED)",160.3,"7.0","Available",4.5,"PANASONIC",74.54251968503937,"Other"
171323,"AIWA","AWCD24DW",60.47,"LCD (LED)",23.55,"N/A","Available",4.5,"AIWA",23.807086614173226,"Other"
171366,"Kogan","KAQL50Q97TA",125.731,"LCD (LED)",102.2,"N/A","Available",3,"KOGAN",49.5003937007874,"Other"
171366,"Kogan","KAQL50Q97TB",125.731,"LCD (LED)",102.2,"N/A","Available",3,"KOGAN",49.5003937007874,"Other"
171366,"Kogan","KAQL50Q97TC",125.731,"LCD (LED)",102.2,"N/A","Available",3,"KOGAN",49.5003937007874,"Other"
171366,"Kogan","KAQL50Q97TD",125.731,"LCD (LED)",102.2,"N/A","Available",3,"KOGAN",49.5003937007874,"Other"
171366,"Kogan","KAQL50Q97TE",125.731,"LCD (LED)",102.2,"N/A","Available",3,"KOGAN",49.5003937007874,"Other"
171366,"Kogan","KAQL50Q97T*",125.731,"LCD (LED)",102.2,"N/A","Available",3,"KOGAN",49.5003937007874,"Other"
171415,"EKO","K430FGT",108.135,"LCD",45.012,"N/A","Available",5,"EKO",42.572834645669296,"Other"
166500,"BAUHN","ATV70UHDW-0625",176.537,"LCD (LED)",108.29,"N/A","Available",6,"BAUHN",69.50275590551182,"Other"
166500,"BAUHN","ATV70UHDW-0325",176.537,"LCD (LED)",108.29,"N/A","Available",6,"BAUHN",69.50275590551182,"Other"
166500,"BAUHN","ATV70UHDW-1025",176.537,"LCD (LED)",108.29,"N/A","Available",6,"BAUHN",69.50275590551182,"Other"
166500,"BAUHN","ATV70UHDW-****",176.537,"LCD (LED)",108.29,"N/A","Available",6,"BAUHN",69.50275590551182,"Other"
171487,"Kogan","KAQL55Q97TA",138.783,"LCD (LED)",129.3,"N/A","Available",3,"KOGAN",54.63897637795275,"Other"
171487,"Kogan","KAQL55Q97TB",138.783,"LCD (LED)",129.3,"N/A","Available",3,"KOGAN",54.63897637795275,"Other"
171487,"Kogan","KAQL55Q97TC",138.783,"LCD (LED)",129.3,"N/A","Available",3,"KOGAN",54.63897637795275,"Other"
171487,"Kogan","KAQL55Q97TD",138.783,"LCD (LED)",129.3,"N/A","Available",3,"KOGAN",54.63897637795275,"Other"
171487,"Kogan","KAQL55Q97TE",138.783,"LCD (LED)",129.3,"N/A","Available",3,"KOGAN",54.63897637795275,"Other"
171487,"Kogan","KAQL55Q97T*",138.783,"LCD (LED)",129.3,"N/A","Available",3,"KOGAN",54.63897637795275,"Other"
171489,"Kogan","KAQL65Q97TA",163.896,"LCD (LED)",180.8,"N/A","Available",3,"KOGAN",64.5259842519685,"65-inch"
171489,"Kogan","KAQL65Q97TB",163.896,"LCD (LED)",180.8,"N/A","Available",3,"KOGAN",64.5259842519685,"65-inch"
171489,"Kogan","KAQL65Q97TC",163.896,"LCD (LED)",180.8,"N/A","Available",3,"KOGAN",64.5259842519685,"65-inch"
171489,"Kogan","KAQL65Q97TD",163.896,"LCD (LED)",180.8,"N/A","Available",3,"KOGAN",64.5259842519685,"65-inch"
171489,"Kogan","KAQL65Q97TE",163.896,"LCD (LED)",180.8,"N/A","Available",3,"KOGAN",64.5259842519685,"65-inch"
171489,"Kogan","KAQL65Q97T*",163.896,"LCD (LED)",180.8,"N/A","Available",3,"KOGAN",64.5259842519685,"65-inch"
171492,"Kogan","KALED75U95TB",189.34,"LCD (LED)",171,"N/A","Available",4.5,"KOGAN",74.54330708661418,"Other"
171492,"Kogan","KALED75U95TC",189.34,"LCD (LED)",171,"N/A","Available",4.5,"KOGAN",74.54330708661418,"Other"
171492,"Kogan","KALED75U95TD",189.34,"LCD (LED)",171,"N/A","Available",4.5,"KOGAN",74.54330708661418,"Other"
171492,"Kogan","KALED75U95TE",189.34,"LCD (LED)",171,"N/A","Available",4.5,"KOGAN",74.54330708661418,"Other"
171492,"Kogan","KALED75U95TF",189.34,"LCD (LED)",171,"N/A","Available",4.5,"KOGAN",74.54330708661418,"Other"
171492,"Kogan","KALED75U95T*",189.34,"LCD (LED)",171,"N/A","Available",4.5,"KOGAN",74.54330708661418,"Other"
171497,"Kogan","KAL32R98TA",80.039,"LCD (LED)",27.7,"N/A","Available",5.5,"KOGAN",31.511417322834646,"32-inch"
171497,"Kogan","KAL32R98TB",80.039,"LCD (LED)",27.7,"N/A","Available",5.5,"KOGAN",31.511417322834646,"32-inch"
171497,"Kogan","KAL32R98TC",80.039,"LCD (LED)",27.7,"N/A","Available",5.5,"KOGAN",31.511417322834646,"32-inch"
171497,"Kogan","KAL32R98TD",80.039,"LCD (LED)",27.7,"N/A","Available",5.5,"KOGAN",31.511417322834646,"32-inch"
171497,"Kogan","KAL32R98TE",80.039,"LCD (LED)",27.7,"N/A","Available",5.5,"KOGAN",31.511417322834646,"32-inch"
171497,"Kogan","KAL32R98T*",80.039,"LCD (LED)",27.7,"N/A","Available",5.5,"KOGAN",31.511417322834646,"32-inch"
171501,"LG","65UK762H0LB",163.897,"LCD (LED)",106,"N/A","Available",5.5,"LG",64.52637795275591,"65-inch"
171503,"LG","43UK762H0LB",107.987,"LCD (LED)",65,"N/A","Available",4.5,"LG",42.514566929133856,"Other"
171505,"LG","50UK762H0LB",125.727,"LCD (LED)",68,"N/A","Available",5.5,"LG",49.4988188976378,"Other"
171506,"LG","55UK762H0LB",138.783,"LCD (LED)",95,"N/A","Available",4.5,"LG",54.63897637795275,"Other"
171507,"TENET","T-185J201",47.013,"LCD (LED)",15.3,"N/A","Available",5,"TENET",18.509055118110236,"Other"
171627,"SKYWORTH","60Q6600H",152.663,"LCD (LED)",69.3,"N/A","Available",6,"SKYWORTH",60.10354330708662,"Other"
171630,"JVC","LT-43NQ5165A",107.95,"LCD (LED)",38.4,"N/A","Available",6,"JVC",42.5,"Other"
170941,"DGTEC","DG70UHDW-22795",176.537,"LCD (LED)",108.29,"N/A","Available",6,"DGTEC",69.50275590551182,"Other"
170941,"DGTEC","DG70UHDW-*****",176.537,"LCD (LED)",108.29,"N/A","Available",6,"DGTEC",69.50275590551182,"Other"
170941,"DGTEC","DG70UHDW-22658",176.537,"LCD (LED)",108.29,"N/A","Available",6,"DGTEC",69.50275590551182,"Other"
171697,"LG","43UA841C0SA",107.987,"LCD (LED)",70,"N/A","Available",4,"LG",42.514566929133856,"Other"
171698,"LG","50UA841C0SA",125.727,"LCD (LED)",83,"N/A","Available",4.5,"LG",49.4988188976378,"Other"
171699,"LG","55UA841C0SA",138.783,"LCD (LED)",92,"N/A","Available",5,"LG",54.63897637795275,"Other"
171700,"LG","65UA841C0SA",163.897,"LCD (LED)",118,"N/A","Available",5,"LG",64.52637795275591,"65-inch"
171701,"LG","43UK767H0LB",107.987,"LCD (LED)",62,"N/A","Available",4.5,"LG",42.514566929133856,"Other"
171702,"BAUHN","ATV75UHDW-0925",189.34,"LCD",128.89,"N/A","Available",6,"BAUHN",74.54330708661418,"Other"
171703,"LG","50UK767H0LB",125.727,"LCD (LED)",54,"N/A","Available",6,"LG",49.4988188976378,"Other"
171704,"LG","55UK767H0LB",138.783,"LCD (LED)",55,"N/A","Available",7,"LG",54.63897637795275,"Other"
171705,"LG","65UK767H0LB",163.897,"LCD (LED)",69,"N/A","Available",7,"LG",64.52637795275591,"65-inch"
171004,"BLAUPUNKT","BP550USG60100",138.798,"LCD",133.926,"N/A","Available",3,"BLAUPUNKT",54.64488188976378,"Other"
171005,"BLAUPUNKT","BP650USG60100",163.965,"LCD",157.044,"N/A","Available",3.5,"BLAUPUNKT",64.55314960629921,"65-inch"
171839,"Kogan","KALED43U95TA",107.987,"LCD (LED)",66.3,"N/A","Available",4,"KOGAN",42.514566929133856,"Other"
171839,"Kogan","KALED43U95TB",107.987,"LCD (LED)",66.3,"N/A","Available",4,"KOGAN",42.514566929133856,"Other"
171839,"Kogan","KALED43U95TC",107.987,"LCD (LED)",66.3,"N/A","Available",4,"KOGAN",42.514566929133856,"Other"
171839,"Kogan","KALED43U95TD",107.987,"LCD (LED)",66.3,"N/A","Available",4,"KOGAN",42.514566929133856,"Other"
171839,"Kogan","KALED43U95TE",107.987,"LCD (LED)",66.3,"N/A","Available",4,"KOGAN",42.514566929133856,"Other"
171839,"Kogan","KALED43U95T*",107.987,"LCD (LED)",66.3,"N/A","Available",4,"KOGAN",42.514566929133856,"Other"
171841,"JVC","LT-32NQ3165A",80.054,"LCD (LED)",25.26,"N/A","Available",5.5,"JVC",31.517322834645668,"32-inch"
171844,"Kogan","KAL24DH5400VA",59.827,"LCD (LED)",23,"N/A","Available",4.5,"KOGAN",23.553937007874016,"Other"
171844,"Kogan","KAL24DH5400VB",59.827,"LCD (LED)",23,"N/A","Available",4.5,"KOGAN",23.553937007874016,"Other"
171844,"Kogan","KAL24DH5400VC",59.827,"LCD (LED)",23,"N/A","Available",4.5,"KOGAN",23.553937007874016,"Other"
171844,"Kogan","KAL24DH5400VA,KAL24DH5400VB,KAL24DH5400VC",59.827,"LCD (LED)",23,"N/A","Available",4.5,"KOGAN",23.553937007874016,"Other"
171877,"DGTEC","DG55UHDW-22858",138.401,"LCD",70,"N/A","Available",6,"DGTEC",54.48858267716536,"Other"
171894,"Linsar","LS70UHDNF23",176.537,"LCD (LED)",108.294,"N/A","Available",6,"LINSAR",69.50275590551182,"Other"
171930,"Veon","VNG3FN6025",152.663,"LCD (LED)",61.9,"10.0","Available",7,"VEON",60.10354330708662,"Other"
171931,"Veon","VNMHDV4025",100.791,"LCD (LED)",40.25,"8.0","Available",5.5,"VEON",39.681496062992125,"Other"
171942,"AIWA","AWCD32DW",80.039,"LCD (LED)",33.5,"N/A","Available",5,"AIWA",31.511417322834646,"32-inch"
171948,"COOCAA","32E5500H",80.054,"LCD (LED)",24.3,"9.0","Available",6,"COOCAA",31.517322834645668,"32-inch"
171972,"Kogan","KALED50U95TA",125.731,"LCD (LED)",80.1,"N/A","Available",4,"KOGAN",49.5003937007874,"Other"
171972,"Kogan","KALED50U95TB",125.731,"LCD (LED)",80.1,"N/A","Available",4,"KOGAN",49.5003937007874,"Other"
171972,"Kogan","KALED50U95TC",125.731,"LCD (LED)",80.1,"N/A","Available",4,"KOGAN",49.5003937007874,"Other"
171972,"Kogan","KALED50U95TD",125.731,"LCD (LED)",80.1,"N/A","Available",4,"KOGAN",49.5003937007874,"Other"
171972,"Kogan","KALED50U95TE",125.731,"LCD (LED)",80.1,"N/A","Available",4,"KOGAN",49.5003937007874,"Other"
171972,"Kogan","KALED50U95T*",125.731,"LCD (LED)",80.1,"N/A","Available",4,"KOGAN",49.5003937007874,"Other"
172018,"COOCAA","40E5500H",100.34,"LCD (LED)",32.9,"9.0","Available",6,"COOCAA",39.503937007874015,"Other"
172019,"COOCAA","50G6500H",125.727,"LCD (LED)",55.3,"8.0","Available",5.5,"COOCAA",49.4988188976378,"Other"
172020,"COOCAA","55G6500H",138.783,"LCD (LED)",67.9,"8.0","Available",5.5,"COOCAA",54.63897637795275,"Other"
172021,"COOCAA","60G6500H",152.663,"LCD (LED)",68.2,"9.0","Available",6,"COOCAA",60.10354330708662,"Other"
172072,"Kogan","KAQL70T97QA",176.538,"LCD",139.61,"N/A","Available",5,"KOGAN",69.50314960629922,"Other"
172072,"Kogan","KAQL70T97QB",176.538,"LCD",139.61,"N/A","Available",5,"KOGAN",69.50314960629922,"Other"
172072,"Kogan","KAQL70T97QC",176.538,"LCD",139.61,"N/A","Available",5,"KOGAN",69.50314960629922,"Other"
172072,"Kogan","KAQL70T97QD",176.538,"LCD",139.61,"N/A","Available",5,"KOGAN",69.50314960629922,"Other"
172072,"Kogan","KAQL70T97Q*",176.538,"LCD",139.61,"N/A","Available",5,"KOGAN",69.50314960629922,"Other"
172062,"digitech","GH5200",60.444,"LCD",21.64,"N/A","Available",5,"DIGITECH",23.796850393700787,"Other"
172062,"digitech","GH5226",60.444,"LCD",21.64,"N/A","Available",5,"DIGITECH",23.796850393700787,"Other"
172114,"AKAI","AK65UHDZEN",163.896,"LCD (LED)",94.374,"N/A","Available",6,"AKAI",64.5259842519685,"65-inch"
172061,"digitech","GH5202",79.578,"LCD",35.04,"N/A","Available",4.5,"DIGITECH",31.32992125984252,"32-inch"
172061,"digitech","GH5228",79.578,"LCD",35.04,"N/A","Available",4.5,"DIGITECH",31.32992125984252,"32-inch"
172180,"JVC","JVG4F7525",189.338,"LCD (LED)",137.2,"8.0","Available",5.5,"JVC",74.54251968503937,"Other"
172201,"digitech","GH5204",47.257,"LCD",14.89,"N/A","Available",5.5,"DIGITECH",18.60511811023622,"Other"
172202,"digitech","GH5220",47.257,"LCD",21.71,"N/A","Available",3.5,"DIGITECH",18.60511811023622,"Other"
172203,"digitech","GH5222",60.406,"LCD",25.17,"N/A","Available",4.5,"DIGITECH",23.781889763779528,"Other"
172203,"digitech","GH5230",60.406,"LCD",25.17,"N/A","Available",4.5,"DIGITECH",23.781889763779528,"Other"
172204,"digitech","GH5224",79.578,"LCD",24.52,"N/A","Available",6,"DIGITECH",31.32992125984252,"32-inch"
172207,"SAMSUNG ELECTRONICS","UA32T5300A",79.967,"LCD (LED)",31,"N/A","Available",5.5,"SAMSUNG ELECTRONICS",31.48307086614173,"32-inch"
172207,"SAMSUNG ELECTRONICS","UA32T5300AW",79.967,"LCD (LED)",31,"N/A","Available",5.5,"SAMSUNG ELECTRONICS",31.48307086614173,"32-inch"
172207,"SAMSUNG ELECTRONICS","UA32T5300AS",79.967,"LCD (LED)",31,"N/A","Available",5.5,"SAMSUNG ELECTRONICS",31.48307086614173,"32-inch"
172238,"LG","75UK767H0LB",189.275,"LCD (LED)",147,"N/A","Available",5.5,"LG",74.51771653543307,"Other"
172317,"QBELL","QTU70T",176.538,"LCD (LED)",108.02,"N/A","Available",6,"QBELL",69.50314960629922,"Other"
172318,"TELEFUNKEN","TL400TQ",100.337,"LCD (LED)",43.5,"N/A","Available",5.5,"TELEFUNKEN",39.50275590551181,"Other"
172319,"EKO","K40FST",100.332,"LCD (LED)",43.2,"N/A","Available",5.5,"EKO",39.5007874015748,"Other"
172378,"LG","43PK640S0SB",107.987,"LCD (LED)",65.9,"N/A","Available",4.5,"LG",42.514566929133856,"Other"
172392,"LG","50PK640S0SB",125.727,"LCD (LED)",81,"N/A","Available",4.5,"LG",49.4988188976378,"Other"
172393,"LG","55PK640S0SB",138.783,"LCD (LED)",91,"N/A","Available",5,"LG",54.63897637795275,"Other"
172395,"LG","65PK640S0SB",163.897,"LCD (LED)",115,"N/A","Available",5,"LG",64.52637795275591,"65-inch"
172396,"LG","75PK640S0SA",189.275,"LCD (LED)",136.9,"N/A","Available",5.5,"LG",74.51771653543307,"Other"
172397,"LG","86PK640S0SA",217.425,"LCD (LED)",155,"N/A","Available",6,"LG",85.60039370078741,"Other"
172399,"LG","75UA841C0SA",189.275,"LCD (LED)",137,"N/A","Available",5.5,"LG",74.51771653543307,"Other"
172400,"LG","86UA841C0SA",217.425,"LCD (LED)",155,"N/A","Available",6,"LG",85.60039370078741,"Other"
172423,"KONKA","KDL65CK68QNTS",163.896,"LCD (LED)",122.64,"8.0","Available",5,"KONKA",64.5259842519685,"65-inch"
172424,"KONKA","KDL55CK68QNTS",138.783,"LCD (LED)",88.74,"8.0","Available",5,"KONKA",54.63897637795275,"Other"
172426,"Kogan","KAQL75MQ8ZTA",189.34,"LCD (LED)",193.1,"N/A","Available",4,"KOGAN",74.54330708661418,"Other"
172426,"Kogan","KAQL75MQ8ZTB",189.34,"LCD (LED)",193.1,"N/A","Available",4,"KOGAN",74.54330708661418,"Other"
172426,"Kogan","KAQL75MQ8ZTC",189.34,"LCD (LED)",193.1,"N/A","Available",4,"KOGAN",74.54330708661418,"Other"
172426,"Kogan","KAQL75MQ8ZTD",189.34,"LCD (LED)",193.1,"N/A","Available",4,"KOGAN",74.54330708661418,"Other"
172426,"Kogan","KAQL75MQ8ZTE",189.34,"LCD (LED)",193.1,"N/A","Available",4,"KOGAN",74.54330708661418,"Other"
172426,"Kogan","KAQL75MQ8ZT*",189.34,"LCD (LED)",193.1,"N/A","Available",4,"KOGAN",74.54330708661418,"Other"
172429,"Kogan","KAL24R98TA",59.824,"LCD (LED)",19.2,"N/A","Available",5,"KOGAN",23.55275590551181,"Other"
172429,"Kogan","KAL24R98TB",59.824,"LCD (LED)",19.2,"N/A","Available",5,"KOGAN",23.55275590551181,"Other"
172429,"Kogan","KAL24R98TC",59.824,"LCD (LED)",19.2,"N/A","Available",5,"KOGAN",23.55275590551181,"Other"
172429,"Kogan","KAL24R98TD",59.824,"LCD (LED)",19.2,"N/A","Available",5,"KOGAN",23.55275590551181,"Other"
172429,"Kogan","KAL24R98TE",59.824,"LCD (LED)",19.2,"N/A","Available",5,"KOGAN",23.55275590551181,"Other"
172435,"LOEWE","Stellar 55 DR+ OLED",138.711,"OLED",70,"N/A","Available",6,"LOEWE",54.61062992125985,"Other"
172436,"LOEWE","Stella 65 DR+",163.965,"OLED",85,"N/A","Available",6,"LOEWE",64.55314960629921,"65-inch"
172437,"LOEWE","Inspire 48 OLED",120.664,"OLED",61,"N/A","Available",5.5,"LOEWE",47.505511811023624,"Other"
172437,"LOEWE","We SEE 48 OLED",120.664,"OLED",61,"N/A","Available",5.5,"LOEWE",47.505511811023624,"Other"
172438,"LOEWE","Inspire 55 OLED",138.711,"OLED",76.5,"N/A","Available",5.5,"LOEWE",54.61062992125985,"Other"
172438,"LOEWE","We SEE 55 OLED",138.711,"OLED",76.5,"N/A","Available",5.5,"LOEWE",54.61062992125985,"Other"
172438,"LOEWE","LOEWE 55 OLED",138.711,"OLED",76.5,"N/A","Available",5.5,"LOEWE",54.61062992125985,"Other"
172439,"LOEWE","Inspire 65 OLED",163.965,"OLED",98,"N/A","Available",6,"LOEWE",64.55314960629921,"65-inch"
172439,"LOEWE","We SEE 65 OLED",163.965,"OLED",98,"N/A","Available",6,"LOEWE",64.55314960629921,"65-inch"
172439,"LOEWE","LOEWE 65 OLED",163.965,"OLED",98,"N/A","Available",6,"LOEWE",64.55314960629921,"65-inch"
172440,"LOEWE","Stellar 42 DR+ OLED",105.531,"OLED",52,"N/A","Available",5,"LOEWE",41.54763779527559,"Other"
172441,"LOEWE","Stellar 48 DR+ OLED",120.713,"OLED",58,"N/A","Available",5.5,"LOEWE",47.5248031496063,"Other"
172486,"Samsung","QA98Q7FAAW",247.688,"LCD (LED)",293,"N/A","Available",4.5,"SAMSUNG",97.51496062992125,"Other"
172486,"Samsung","QA98Q7FAAS",247.688,"LCD (LED)",293,"N/A","Available",4.5,"SAMSUNG",97.51496062992125,"Other"
172486,"Samsung","QA98Q7FAA*",247.688,"LCD (LED)",293,"N/A","Available",4.5,"SAMSUNG",97.51496062992125,"Other"
172498,"BAUHN","ATV40FHDW-1125",100.607,"LCD",34.7,"N/A","Available",6,"BAUHN",39.609055118110234,"Other"
172500,"TELEFUNKEN","TL320TQ",80.131,"LCD (LED)",38.12,"N/A","Available",4.5,"TELEFUNKEN",31.54763779527559,"32-inch"
172437,"LOEWE","LOEWE",120.664,"OLED",61,"N/A","Available",5.5,"LOEWE",47.505511811023624,"Other"
172681,"JVC","LT-55NQ7165A",140.494,"LCD (LED)",58.7,"N/A","Available",6,"JVC",55.312598425196846,"Other"
172723,"Kogan","KAQL55MQ8ZTA",138.651,"LCD (LED)",131.3,"N/A","Available",3,"KOGAN",54.587007874015754,"Other"
172723,"Kogan","KAQL55MQ8ZTB",138.651,"LCD (LED)",131.3,"N/A","Available",3,"KOGAN",54.587007874015754,"Other"
172723,"Kogan","KAQL55MQ8ZTC",138.651,"LCD (LED)",131.3,"N/A","Available",3,"KOGAN",54.587007874015754,"Other"
172723,"Kogan","KAQL55MQ8ZTD",138.651,"LCD (LED)",131.3,"N/A","Available",3,"KOGAN",54.587007874015754,"Other"
172723,"Kogan","KAQL55MQ8ZTE",138.651,"LCD (LED)",131.3,"N/A","Available",3,"KOGAN",54.587007874015754,"Other"
172723,"Kogan","KAQL55MQ8ZT*",138.651,"LCD (LED)",131.3,"N/A","Available",3,"KOGAN",54.587007874015754,"Other"
172724,"Kogan","KAQL65MQ8ZTA",163.896,"LCD (LED)",120.1,"N/A","Available",5,"KOGAN",64.5259842519685,"65-inch"
172724,"Kogan","KAQL65MQ8ZTB",163.896,"LCD (LED)",120.1,"N/A","Available",5,"KOGAN",64.5259842519685,"65-inch"
172724,"Kogan","KAQL65MQ8ZTC",163.896,"LCD (LED)",120.1,"N/A","Available",5,"KOGAN",64.5259842519685,"65-inch"
172724,"Kogan","KAQL65MQ8ZTD",163.896,"LCD (LED)",120.1,"N/A","Available",5,"KOGAN",64.5259842519685,"65-inch"
172724,"Kogan","KAQL65MQ8ZTE",163.896,"LCD (LED)",120.1,"N/A","Available",5,"KOGAN",64.5259842519685,"65-inch"
172724,"Kogan","KAQL65MQ8ZT*",163.896,"LCD (LED)",120.1,"N/A","Available",5,"KOGAN",64.5259842519685,"65-inch"
172740,"COOCAA","85G6500H",214.734,"LCD (LED)",143.6,"N/A","Available",6,"COOCAA",84.54094488188977,"Other"
172787,"coocaa","65G6500H",163.897,"LCD (LED)",83.6,"N/A","Available",6,"COOCAA",64.52637795275591,"65-inch"
172429,"Kogan","KAL24R98T*",59.824,"LCD (LED)",19.2,"N/A","Available",5,"KOGAN",23.55275590551181,"Other"
172400,"LG","86UA841CPSA",217.425,"LCD (LED)",155,"N/A","Available",6,"LG",85.60039370078741,"Other"
172399,"LG","75UA841CPSA",189.275,"LCD (LED)",137,"N/A","Available",5.5,"LG",74.51771653543307,"Other"
172867,"QBELL","QTU55T",138.783,"LCD",82,"N/A","Available",5.5,"QBELL",54.63897637795275,"Other"
172870,"EKO","K55USTW",138.783,"LCD",82,"N/A","Available",5.5,"EKO",54.63897637795275,"Other"
172883,"BAUHN","ATV65UHDW-1125",163.896,"LCD",94.374,"N/A","Available",6,"BAUHN",64.5259842519685,"65-inch"
172884,"BAUHN","ATV70UHDT-0126",176.563,"LCD",110.35,"N/A","Available",6,"BAUHN",69.51299212598424,"Other"
173171,"SYLVOX","OQ65A3KOHJ",163.896,"LCD",101.358,"N/A","Available",5.5,"SYLVOX",64.5259842519685,"65-inch"
173172,"SYLVOX","OQ75A3KOHJ",189.34,"LCD",130.692,"N/A","Available",5.5,"SYLVOX",74.54330708661418,"Other"
173212,"Samsung","HG24F800FAW",60.446,"LCD (LED)",21,"N/A","Available",5,"SAMSUNG",23.79763779527559,"Other"
173226,"KONKA","KDL40GA683AN-B",100.121,"LCD",46.1,"8.0","Available",5,"KONKA",39.417716535433065,"Other"
173227,"KONKA","KUD50XG684AN-B",125.404,"LCD",70.7,"8.0","Available",5,"KONKA",49.37165354330708,"Other"
173205,"Kogan","KAQL65MQXTA",163.896,"LCD (LED)",208.5,"N/A","Available",2.5,"KOGAN",64.5259842519685,"65-inch"
173235,"Kogan","KAQL75MQXTA",189.34,"LCD (LED)",248.3,"N/A","Available",3,"KOGAN",74.54330708661418,"Other"
173236,"Kogan","KAQL85MQXTA",214.783,"LCD (LED)",321.3,"N/A","Available",2.5,"KOGAN",84.56023622047243,"Other"
173258,"JVC","AV-AE557155A",139.936,"OLED",75.48,"N/A","Available",5.5,"JVC",55.092913385826776,"Other"
173258,"JVC","LT-55NE7155A",139.936,"OLED",75.48,"N/A","Available",5.5,"JVC",55.092913385826776,"Other"
173258,"JVC","AV-JE557165A",139.936,"OLED",75.48,"N/A","Available",5.5,"JVC",55.092913385826776,"Other"
173258,"JVC","AV-AE557155A series",139.936,"OLED",75.48,"N/A","Available",5.5,"JVC",55.092913385826776,"Other"
173260,"Linsar","LS65UHDZEN25S",163.896,"LCD (LED)",94.374,"N/A","Available",6,"LINSAR",64.5259842519685,"65-inch"
173261,"DGTEC","DG75UHDW-23351",189.34,"LCD",128.89,"N/A","Available",6,"DGTEC",74.54330708661418,"Other"
173269,"KONKA","KUD65XG684AN-B",163.257,"LCD",107.6,"8.0","Available",5,"KONKA",64.2744094488189,"65-inch"
173272,"JVC","LT-65NQ7165A",163.508,"LCD (LED)",66.42,"N/A","Available",6,"JVC",64.3732283464567,"65-inch"
173332,"LG","55UA731C0SB",138.783,"LCD (LED)",91,"N/A","Available",5,"LG",54.63897637795275,"Other"
173334,"LG","65UA731C0SB",163.897,"LCD (LED)",115,"N/A","Available",5,"LG",64.52637795275591,"65-inch"
173352,"KONKA","KUD55XG684AN-B",138.287,"LCD",89.1,"8.0","Available",5,"KONKA",54.443700787401575,"Other"
173400,"LG","43UA731C0SB",107.987,"LCD (LED)",66,"N/A","Available",4.5,"LG",42.514566929133856,"Other"
173401,"Samsung","MRA115MR95F",290.784,"LCD (LED)",464,"N/A","Available",4,"SAMSUNG",114.48188976377952,"Other"
173404,"LG","50UA731C0SB",125.727,"LCD (LED)",81,"N/A","Available",4.5,"LG",49.4988188976378,"Other"
173462,"BLAUPUNKT","BP750USG60100",189.306,"LCD",211.836,"N/A","Available",3,"BLAUPUNKT",74.52992125984252,"Other"
173483,"Kogan","KALED60U95TA",152.661,"LCD (LED)",102,"N/A","Available",5,"KOGAN",60.10275590551181,"Other"
173483,"Kogan","KALED60U95TB",152.661,"LCD (LED)",102,"N/A","Available",5,"KOGAN",60.10275590551181,"Other"
173483,"Kogan","KALED60U95TC",152.661,"LCD (LED)",102,"N/A","Available",5,"KOGAN",60.10275590551181,"Other"
173483,"Kogan","KALED60U95TD",152.661,"LCD (LED)",102,"N/A","Available",5,"KOGAN",60.10275590551181,"Other"
173483,"Kogan","KALED60U95TE",152.661,"LCD (LED)",102,"N/A","Available",5,"KOGAN",60.10275590551181,"Other"
173483,"Kogan","KALED60U95T*",152.661,"LCD (LED)",102,"N/A","Available",5,"KOGAN",60.10275590551181,"Other"
173485,"BLAUPUNKT","BP400FTS",100.337,"LCD",45.3,"N/A","Available",5.5,"BLAUPUNKT",39.50275590551181,"Other"
169374,"Samsung","QA55Q6FAAW",138.783,"LCD (LED)",78,"N/A","Available",5.5,"SAMSUNG",54.63897637795275,"Other"
169374,"Samsung","QA55Q6FAAS",138.783,"LCD (LED)",78,"N/A","Available",5.5,"SAMSUNG",54.63897637795275,"Other"
169374,"Samsung","QA55Q6FAA*",138.783,"LCD (LED)",78,"N/A","Available",5.5,"SAMSUNG",54.63897637795275,"Other"
169375,"Samsung","QA65Q6FAAW",163.897,"LCD (LED)",110,"N/A","Available",5.5,"SAMSUNG",64.52637795275591,"65-inch"
169375,"Samsung","QA65Q6FAAS",163.897,"LCD (LED)",110,"N/A","Available",5.5,"SAMSUNG",64.52637795275591,"65-inch"
169375,"Samsung","QA65Q6FAA*",163.897,"LCD (LED)",110,"N/A","Available",5.5,"SAMSUNG",64.52637795275591,"65-inch"
169481,"Samsung","QA85Q6FAAW",214.783,"LCD (LED)",146,"N/A","Available",6,"SAMSUNG",84.56023622047243,"Other"
169481,"Samsung","QA85Q6FAAS",214.783,"LCD (LED)",146,"N/A","Available",6,"SAMSUNG",84.56023622047243,"Other"
169481,"Samsung","QA85Q6FAA*",214.783,"LCD (LED)",146,"N/A","Available",6,"SAMSUNG",84.56023622047243,"Other"
169376,"Samsung","QA75Q6FAAS",189.338,"LCD (LED)",134,"N/A","Available",5.5,"SAMSUNG",74.54251968503937,"Other"
169376,"Samsung","QA75Q6FAA*",189.338,"LCD (LED)",134,"N/A","Available",5.5,"SAMSUNG",74.54251968503937,"Other"
169376,"Samsung","QA75Q6FAAW",189.338,"LCD (LED)",134,"N/A","Available",5.5,"SAMSUNG",74.54251968503937,"Other"
173656,"AIWA","AWS430QWE",107.95,"LCD (LED)",38.16,"N/A","Available",6,"AIWA",42.5,"Other"
173787,"FPD","OG32-P1",80.039,"LCD (LED)",31.68,"N/A","Available",5,"FPD",31.511417322834646,"32-inch"
173787,"FPD","OG32-P2",80.039,"LCD (LED)",31.68,"N/A","Available",5,"FPD",31.511417322834646,"32-inch"
173787,"FPD","****32**********",80.039,"LCD (LED)",31.68,"N/A","Available",5,"FPD",31.511417322834646,"32-inch"
173795,"JVC","LT-40NQ5155A",100.305,"LCD (LED)",32.46,"N/A","Available",6,"JVC",39.49015748031496,"Other"
173795,"JVC","LT-40NQ5165A",100.305,"LCD (LED)",32.46,"N/A","Available",6,"JVC",39.49015748031496,"Other"
173795,"JVC","LT-40*******",100.305,"LCD (LED)",32.46,"N/A","Available",6,"JVC",39.49015748031496,"Other"
173853,"TECO","LED24JFRDHU",60.47,"LCD (LED)",17.48,"N/A","Available",5.5,"TECO",23.807086614173226,"Other"
173855,"TECO","LED19JHRHU",47.013,"LCD (LED)",18.47,"N/A","Available",4,"TECO",18.509055118110236,"Other"
173859,"QBELL","QTU50T",125.731,"LCD (LED)",67.76,"N/A","Available",5.5,"QBELL",49.5003937007874,"Other"
173867,"BAUHN","ATV49FHDT-0126",125.774,"LCD",52.6,"N/A","Available",6,"BAUHN",49.51732283464567,"Other"
173894,"EKO","K65USTW",163.896,"LCD",100.8,"N/A","Available",6,"EKO",64.5259842519685,"65-inch"
173952,"BLAUPUNKT","BP24TIZDVD",60.47,"LCD (LED)",25.68,"N/A","Available",4.5,"BLAUPUNKT",23.807086614173226,"Other"
173954,"BLAUPUNKT","BP32TIZDVD",80.039,"LCD (LED)",34.76,"N/A","Available",5,"BLAUPUNKT",31.511417322834646,"32-inch"
173976,"BLAUPUNKT","BP40TIZDVD",100.332,"LCD (LED)",35.63,"N/A","Available",6,"BLAUPUNKT",39.5007874015748,"Other"
173697,"JVC","AV-BQ557165A",138.798,"LCD (LED)",60.62,"N/A","Available",6,"JVC",54.64488188976378,"Other"
174026,"EKO","K70USTW",177.828,"LCD (LED)",112.33,"N/A","Available",6,"EKO",70.01102362204725,"Other"
174057,"DGTEC","DG70UHDW-23353",176.537,"LCD (LED)",108.29,"N/A","Available",6,"DGTEC",69.50275590551182,"Other"
174073,"EKO","K320HGT12V",80.054,"LCD (LED)",31.784,"N/A","Available",5,"EKO",31.517322834645668,"32-inch"
166773,"EKO","K650UGT2",163.829,"LCD",94.65,"N/A","Available",4,"EKO",64.4996062992126,"65-inch"
166773,"EKO","K650UGT**",163.829,"LCD",94.65,"N/A","Available",4,"EKO",64.4996062992126,"65-inch"
166773,"EKO","K650UGT2Q",163.829,"LCD",94.65,"N/A","Available",4,"EKO",64.4996062992126,"65-inch"
174102,"BLAUPUNKT","COBP550UTS",138.783,"LCD",82.2,"N/A","Available",5.5,"BLAUPUNKT",54.63897637795275,"Other"
174141,"Altius","AT24HDNFB",59.827,"LCD (LED)",15.38,"N/A","Available",6,"ALTIUS",23.553937007874016,"Other"
174225,"EKO","K75USTW",189.34,"LCD (LED)",100.3,"N/A","Available",7,"EKO",74.54330708661418,"Other"
174258,"AKAI","AK50UHDZEN",125.725,"LCD (LED)",56.59,"N/A","Available",6,"AKAI",49.49803149606299,"Other"
174262,"EKO","K750UATW",189.306,"LCD",195.75,"N/A","Available",4,"EKO",74.52992125984252,"Other"
174291,"KONKA","KDL32GA683AN-B",79.967,"LCD",33.4,"8.0","Available",5,"KONKA",31.48307086614173,"32-inch"
174307,"AIWA","AWS500WN",125.731,"LCD (LED)",58.95,"N/A","Available",6,"AIWA",49.5003937007874,"Other"
174310,"AIWA","AWS55DW",138.783,"LCD (LED)",90.11,"N/A","Available",5,"AIWA",54.63897637795275,"Other"
174315,"AIWA","AWS650QWG",163.896,"LCD (LED)",92.39,"N/A","Available",6,"AIWA",64.5259842519685,"65-inch"
174318,"Sony","K-43S20M2",107.95,"LCD (LED)",57,"N/A","Available",5,"SONY",42.5,"Other"
174319,"Sony","K-50S20M2",125.725,"LCD (LED)",65.8,"N/A","Available",5.5,"SONY",49.49803149606299,"Other"
174325,"Sony","K-55S20M2",138.798,"LCD (LED)",83.6,"N/A","Available",5,"SONY",54.64488188976378,"Other"
174327,"Sony","K-65S20M2",163.878,"LCD (LED)",109.8,"N/A","Available",5.5,"SONY",64.51889763779526,"65-inch"
174328,"Sony","K-75S20M2",189.306,"LCD (LED)",133,"N/A","Available",5.5,"SONY",74.52992125984252,"Other"
174336,"BLAUPUNKT","BP320HSG98",80.054,"LCD",28,"N/A","Available",4,"BLAUPUNKT",31.517322834645668,"32-inch"
174336,"BLAUPUNKT","BP320FSG98",80.054,"LCD",28,"N/A","Available",4,"BLAUPUNKT",31.517322834645668,"32-inch"
174336,"BLAUPUNKT","BP320FSG9800",80.054,"LCD",28,"N/A","Available",4,"BLAUPUNKT",31.517322834645668,"32-inch"
174384,"AIWA","AWS550QWE",138.015,"LCD (LED)",60.78,"N/A","Available",6,"AIWA",54.33661417322834,"Other"
174384,"AIWA","AWS550QW",138.015,"LCD (LED)",60.78,"N/A","Available",6,"AIWA",54.33661417322834,"Other"
174384,"AIWA","AWS550QWE，AWS550QW",138.015,"LCD (LED)",60.78,"N/A","Available",6,"AIWA",54.33661417322834,"Other"
174442,"JVC","AV-BQ557165AE",138.015,"LCD (LED)",60.78,"N/A","Available",6,"JVC",54.33661417322834,"Other"
174442,"JVC","AV-BQ557165A",138.015,"LCD (LED)",60.78,"N/A","Available",6,"JVC",54.33661417322834,"Other"
155853,"EKO","K320HGT",79.831,"LCD",34.296,"N/A","Available",5,"EKO",31.42952755905512,"32-inch"
155853,"EKO","K320FGTQ",79.831,"LCD",34.296,"N/A","Available",5,"EKO",31.42952755905512,"32-inch"
155853,"EKO","K320****",79.831,"LCD",34.296,"N/A","Available",5,"EKO",31.42952755905512,"32-inch"
155853,"EKO","K320HGTLB",79.831,"LCD",34.296,"N/A","Available",5,"EKO",31.42952755905512,"32-inch"
155853,"EKO","K320HGTLW",79.831,"LCD",34.296,"N/A","Available",5,"EKO",31.42952755905512,"32-inch"
174442,"JVC","AV-BQ557165AE, AV-BQ557165A",138.015,"LCD (LED)",60.78,"N/A","Available",6,"JVC",54.33661417322834,"Other"
174511,"Spark Electronics","55SPA-Outdoor-TV",138.783,"LCD (LED)",114.75,"N/A","Available",4,"SPARK ELECTRONICS",54.63897637795275,"Other"
174511,"Spark Electronics","65SPA-Outdoor-TV",138.783,"LCD (LED)",114.75,"N/A","Available",4,"SPARK ELECTRONICS",54.63897637795275,"Other"
174511,"Spark Electronics","75SPA-Outdoor-TV",138.783,"LCD (LED)",114.75,"N/A","Available",4,"SPARK ELECTRONICS",54.63897637795275,"Other"
174511,"Spark Electronics","55ALF-Outdoor-TV",138.783,"LCD (LED)",114.75,"N/A","Available",4,"SPARK ELECTRONICS",54.63897637795275,"Other"
174511,"Spark Electronics","65ALF-Outdoor-TV",138.783,"LCD (LED)",114.75,"N/A","Available",4,"SPARK ELECTRONICS",54.63897637795275,"Other"
174511,"Spark Electronics","75ALFOutdoor-TV",138.783,"LCD (LED)",114.75,"N/A","Available",4,"SPARK ELECTRONICS",54.63897637795275,"Other"
174511,"Spark Electronics","Outdoor TV",138.783,"LCD (LED)",114.75,"N/A","Available",4,"SPARK ELECTRONICS",54.63897637795275,"Other"
174512,"Spark Electronics","65"" Patio Pro",164.129,"LCD",158.28,"N/A","Available",4,"SPARK ELECTRONICS",64.61771653543306,"65-inch"
174512,"Spark Electronics","65"" Patio",164.129,"LCD",158.28,"N/A","Available",4,"SPARK ELECTRONICS",64.61771653543306,"65-inch"
174512,"Spark Electronics","65"" Pavilion 2 Pro",164.129,"LCD",158.28,"N/A","Available",4,"SPARK ELECTRONICS",64.61771653543306,"65-inch"
174512,"Spark Electronics","65"" Pavilion 2",164.129,"LCD",158.28,"N/A","Available",4,"SPARK ELECTRONICS",64.61771653543306,"65-inch"
174512,"Spark Electronics","Outdoor TV",164.129,"LCD",158.28,"N/A","Available",4,"SPARK ELECTRONICS",64.61771653543306,"65-inch"
174513,"Spark Electronics","55"" Patio Pro",139.022,"LCD",127.74,"N/A","Available",3.5,"SPARK ELECTRONICS",54.73307086614173,"Other"
174513,"Spark Electronics","55"" Patio",139.022,"LCD",127.74,"N/A","Available",3.5,"SPARK ELECTRONICS",54.73307086614173,"Other"
174513,"Spark Electronics","55"" Pavilion 2",139.022,"LCD",127.74,"N/A","Available",3.5,"SPARK ELECTRONICS",54.73307086614173,"Other"
174513,"Spark Electronics","55"" Pavilion 2 Pro",139.022,"LCD",127.74,"N/A","Available",3.5,"SPARK ELECTRONICS",54.73307086614173,"Other"
174513,"Spark Electronics","Outdoor TV",139.022,"LCD",127.74,"N/A","Available",3.5,"SPARK ELECTRONICS",54.73307086614173,"Other"
174517,"KONIC","KKD32TE362AM",80.039,"LCD (LED)",34.8,"8.0","Available",5,"KONIC",31.511417322834646,"32-inch"
173428,"AIWA","AWC240WZ",59.774,"LCD (LED)",26.3,"N/A","Available",4,"AIWA",23.53307086614173,"Other"
173428,"AIWA","AWC24DW",59.774,"LCD (LED)",26.3,"N/A","Available",4,"AIWA",23.53307086614173,"Other"
173428,"AIWA","AWC240WZ，AWC24DW",59.774,"LCD (LED)",26.3,"N/A","Available",4,"AIWA",23.53307086614173,"Other"
174634,"Spark Electronics","75"" Patio",189.17,"LCD",252.5,"N/A","Available",3,"SPARK ELECTRONICS",74.4763779527559,"Other"
174634,"Spark Electronics","75"" Patio Pro",189.17,"LCD",252.5,"N/A","Available",3,"SPARK ELECTRONICS",74.4763779527559,"Other"
174634,"Spark Electronics","75"" Pavilion 2",189.17,"LCD",252.5,"N/A","Available",3,"SPARK ELECTRONICS",74.4763779527559,"Other"
174634,"Spark Electronics","75"" Pavilion 2 Pro",189.17,"LCD",252.5,"N/A","Available",3,"SPARK ELECTRONICS",74.4763779527559,"Other"
174634,"Spark Electronics","Outdoor TV",189.17,"LCD",252.5,"N/A","Available",3,"SPARK ELECTRONICS",74.4763779527559,"Other"
174635,"Spark Electronics","86"" Patio",217.474,"LCD",482.4,"N/A","Available",1,"SPARK ELECTRONICS",85.61968503937007,"Other"
174635,"Spark Electronics","86"" Patio Pro",217.474,"LCD",482.4,"N/A","Available",1,"SPARK ELECTRONICS",85.61968503937007,"Other"
174635,"Spark Electronics","86"" Pavilion 2",217.474,"LCD",482.4,"N/A","Available",1,"SPARK ELECTRONICS",85.61968503937007,"Other"
174635,"Spark Electronics","86"" Pavilion 2 Pro",217.474,"LCD",482.4,"N/A","Available",1,"SPARK ELECTRONICS",85.61968503937007,"Other"
174635,"Spark Electronics","Outdoor TV",217.474,"LCD",482.4,"N/A","Available",1,"SPARK ELECTRONICS",85.61968503937007,"Other"
174637,"Spark Electronics","65"" Lumin",163.644,"LCD",240.9,"N/A","Available",2,"SPARK ELECTRONICS",64.42677165354331,"65-inch"
174639,"Spark Electronics","75"" Lumin",189.132,"LCD",340.8,"N/A","Available",1.5,"SPARK ELECTRONICS",74.46141732283465,"Other"
174687,"Kogan","KAQL100MQXTA",252.784,"LCD (LED)",254.9,"N/A","Available",5,"KOGAN",99.52125984251968,"Other"
174687,"Kogan","KAQL100MQXTB",252.784,"LCD (LED)",254.9,"N/A","Available",5,"KOGAN",99.52125984251968,"Other"
174687,"Kogan","KAQL100MQXTC",252.784,"LCD (LED)",254.9,"N/A","Available",5,"KOGAN",99.52125984251968,"Other"
174687,"Kogan","KAQL100MQXTD",252.784,"LCD (LED)",254.9,"N/A","Available",5,"KOGAN",99.52125984251968,"Other"
174687,"Kogan","KAQL100MQXT*",252.784,"LCD (LED)",254.9,"N/A","Available",5,"KOGAN",99.52125984251968,"Other"
174768,"LG","55QNED86BSA",138.783,"LCD (LED)",82,"N/A","Available",5.5,"LG",54.63897637795275,"Other"
174769,"LG","55QNED87B6A",138.783,"LCD (LED)",82,"N/A","Available",5.5,"LG",54.63897637795275,"Other"
174770,"LG","65QNED86BSA",163.897,"LCD (LED)",100,"N/A","Available",6,"LG",64.52637795275591,"65-inch"
174771,"LG","65QNED87B6A",163.897,"LCD (LED)",100,"N/A","Available",6,"LG",64.52637795275591,"65-inch"
174772,"LG","75QNED86BSA",189.275,"LCD (LED)",105,"N/A","Available",7,"LG",74.51771653543307,"Other"
174773,"LG","75QNED87B6A",189.275,"LCD (LED)",105,"N/A","Available",7,"LG",74.51771653543307,"Other"
174854,"PHILIPS","55HFL4025/97",138.783,"LCD (LED)",61.2,"N/A","Available",6,"PHILIPS",54.63897637795275,"Other"
174855,"PHILIPS","55HFL7025/97",138.783,"LCD (LED)",67.5,"N/A","Available",5.5,"PHILIPS",54.63897637795275,"Other"
174889,"PHILIPS","50HFL4025/97",125.736,"LCD (LED)",47.5,"N/A","Available",6,"PHILIPS",49.50236220472441,"Other"
174890,"PHILIPS","50HFL7025/97",125.727,"LCD (LED)",52.1,"N/A","Available",5.5,"PHILIPS",49.4988188976378,"Other"
174891,"PHILIPS","65HFL7025/97",163.897,"LCD (LED)",76.6,"N/A","Available",6,"PHILIPS",64.52637795275591,"65-inch"
174894,"AIWA","AWS500QW",125.725,"LCD (LED)",51.6,"N/A","Available",6,"AIWA",49.49803149606299,"Other"
174894,"AIWA","AWS500QWE",125.725,"LCD (LED)",51.6,"N/A","Available",6,"AIWA",49.49803149606299,"Other"
174894,"AIWA","AWS500QW，AWS500QWE",125.725,"LCD (LED)",51.6,"N/A","Available",6,"AIWA",49.49803149606299,"Other"
174901,"PHILIPS","32HFL4025/97",80.133,"LCD (LED)",24.7,"N/A","Available",5.5,"PHILIPS",31.548425196850392,"32-inch"
174902,"PHILIPS","24HFL4025/97",59.827,"LCD (LED)",20.2,"N/A","Available",4.5,"PHILIPS",23.553937007874016,"Other"
174903,"PHILIPS","43HFL4025/97",107.956,"LCD (LED)",32.5,"N/A","Available",5.5,"PHILIPS",42.50236220472441,"Other"
174904,"PHILIPS","43HFL7025/97",107.987,"LCD (LED)",41.5,"N/A","Available",5.5,"PHILIPS",42.514566929133856,"Other"
174913,"coocaa","75G6500H",189.338,"LCD (LED)",152.8,"N/A","Available",5,"COOCAA",74.54251968503937,"Other"
174915,"LG","OLED65B6PSA",163.896,"OLED",106,"N/A","Available",5.5,"LG",64.5259842519685,"65-inch"
174916,"LG","OLED65B66LA",163.896,"OLED",106,"N/A","Available",5.5,"LG",64.5259842519685,"65-inch"
174934,"CHiQ","L24D6CG",59.824,"LCD (LED)",20,"N/A","Available",5,"CHIQ",23.55275590551181,"Other"
174976,"LG","43NU850B6LA",107.987,"LCD (LED)",62,"N/A","Available",4.5,"LG",42.514566929133856,"Other"
174977,"LG","43NU855BPSA",107.987,"LCD (LED)",62,"N/A","Available",4.5,"LG",42.514566929133856,"Other"
174978,"LG","55NU850B6LA",138.783,"LCD (LED)",80,"N/A","Available",5.5,"LG",54.63897637795275,"Other"
174979,"LG","55NU855BPSA",138.783,"LCD (LED)",80,"N/A","Available",5.5,"LG",54.63897637795275,"Other"
174984,"LG","43QNED80B6B",107.987,"LCD (LED)",63,"N/A","Available",4.5,"LG",42.514566929133856,"Other"
174985,"LG","43QNED80BSA",107.987,"LCD (LED)",63,"N/A","Available",4.5,"LG",42.514566929133856,"Other"
174986,"LG","50NU850B6LA",125.727,"LCD (LED)",76,"N/A","Available",5,"LG",49.4988188976378,"Other"
174987,"LG","50NU855BPSA",125.727,"LCD (LED)",76,"N/A","Available",5,"LG",49.4988188976378,"Other"
174988,"LG","65NU850B6LA",163.897,"LCD (LED)",100,"N/A","Available",6,"LG",64.52637795275591,"65-inch"
174989,"LG","65NU855BPSA",163.897,"LCD (LED)",100,"N/A","Available",6,"LG",64.52637795275591,"65-inch"
174990,"LG","65QNED80B6B",163.897,"LCD (LED)",140,"N/A","Available",4.5,"LG",64.52637795275591,"65-inch"
174991,"LG","65QNED80BSA",163.897,"LCD (LED)",140,"N/A","Available",4.5,"LG",64.52637795275591,"65-inch"
174992,"LG","75MRGB86B6A",189.275,"LCD (LED)",106,"N/A","Available",7,"LG",74.51771653543307,"Other"
174993,"LG","75MRGB86BSA",189.275,"LCD (LED)",106,"N/A","Available",7,"LG",74.51771653543307,"Other"
174994,"LG","75QNED70B6A",189.275,"LCD (LED)",132,"N/A","Available",6,"LG",74.51771653543307,"Other"
174995,"LG","75QNED70BSA",189.275,"LCD (LED)",132,"N/A","Available",6,"LG",74.51771653543307,"Other"
175010,"SYLVOX","OT43A7K5GD",107.987,"LCD",51.6354,"N/A","Available",5,"SYLVOX",42.514566929133856,"Other"
175011,"SYLVOX","OT43A7K5GF",107.987,"LCD",51.03,"N/A","Available",5,"SYLVOX",42.514566929133856,"Other"
175011,"SYLVOX","OQ43A7K5GF",107.987,"LCD",51.03,"N/A","Available",5,"SYLVOX",42.514566929133856,"Other"
175011,"SYLVOX","OT43A2KEGE",107.987,"LCD",51.03,"N/A","Available",5,"SYLVOX",42.514566929133856,"Other"
175011,"SYLVOX","OQ43A2KEGE",107.987,"LCD",51.03,"N/A","Available",5,"SYLVOX",42.514566929133856,"Other"
175011,"SYLVOX","OQ43A2KOGF",107.987,"LCD",51.03,"N/A","Available",5,"SYLVOX",42.514566929133856,"Other"
175011,"SYLVOX","OT43A2KOGF",107.987,"LCD",51.03,"N/A","Available",5,"SYLVOX",42.514566929133856,"Other"
175011,"SYLVOX","OT43B2K5GF",107.987,"LCD",51.03,"N/A","Available",5,"SYLVOX",42.514566929133856,"Other"
175011,"SYLVOX","OT43A2K3GF",107.987,"LCD",51.03,"N/A","Available",5,"SYLVOX",42.514566929133856,"Other"
175011,"SYLVOX","OQ43A2K3GF",107.987,"LCD",51.03,"N/A","Available",5,"SYLVOX",42.514566929133856,"Other"
175011,"SYLVOX","O*43****GF",107.987,"LCD",51.03,"N/A","Available",5,"SYLVOX",42.514566929133856,"Other"
175012,"LG","85QNED80B6A",214.783,"LCD (LED)",212,"N/A","Available",5,"LG",84.56023622047243,"Other"
175013,"LG","85QNED80BSA",214.783,"LCD (LED)",212,"N/A","Available",5,"LG",84.56023622047243,"Other"
175014,"LG","OLED65C6PSA",163.896,"OLED",109,"N/A","Available",5.5,"LG",64.5259842519685,"65-inch"
175015,"LG","OLED65C66LA",163.896,"OLED",109,"N/A","Available",5.5,"LG",64.5259842519685,"65-inch"
175010,"SYLVOX","OQ43A7K5GD",107.987,"LCD",51.6354,"N/A","Available",5,"SYLVOX",42.514566929133856,"Other"
175010,"SYLVOX","OQ43A2KEGC",107.987,"LCD",51.6354,"N/A","Available",5,"SYLVOX",42.514566929133856,"Other"
175010,"SYLVOX","OT43A2KOGD",107.987,"LCD",51.6354,"N/A","Available",5,"SYLVOX",42.514566929133856,"Other"
175010,"SYLVOX","OQ43A2KOGD",107.987,"LCD",51.6354,"N/A","Available",5,"SYLVOX",42.514566929133856,"Other"
175010,"SYLVOX","OT43B3K5GD",107.987,"LCD",51.6354,"N/A","Available",5,"SYLVOX",42.514566929133856,"Other"
175010,"SYLVOX","OQ43B3K5GD",107.987,"LCD",51.6354,"N/A","Available",5,"SYLVOX",42.514566929133856,"Other"
175010,"SYLVOX","OT43BЗKЗGD",107.987,"LCD",51.6354,"N/A","Available",5,"SYLVOX",42.514566929133856,"Other"
175010,"SYLVOX","OQ43BЗKЗGD",107.987,"LCD",51.6354,"N/A","Available",5,"SYLVOX",42.514566929133856,"Other"
175010,"SYLVOX","OT43A2K3GD",107.987,"LCD",51.6354,"N/A","Available",5,"SYLVOX",42.514566929133856,"Other"
175010,"SYLVOX","O*43**K***",107.987,"LCD",51.6354,"N/A","Available",5,"SYLVOX",42.514566929133856,"Other"
175037,"SYLVOX","OQ55A3K8HG",138.783,"LCD",65.5236,"N/A","Available",6,"SYLVOX",54.63897637795275,"Other"
175047,"SYLVOX","OT55A7K5GF",138.783,"LCD",71.3472,"N/A","Available",6,"SYLVOX",54.63897637795275,"Other"
175047,"SYLVOX","OQ55A7K5GF",138.783,"LCD",71.3472,"N/A","Available",6,"SYLVOX",54.63897637795275,"Other"
175047,"SYLVOX","OT55A2KEGE",138.783,"LCD",71.3472,"N/A","Available",6,"SYLVOX",54.63897637795275,"Other"
175047,"SYLVOX","OQ55A2KEGE",138.783,"LCD",71.3472,"N/A","Available",6,"SYLVOX",54.63897637795275,"Other"
175047,"SYLVOX","OQ55A2KOGF",138.783,"LCD",71.3472,"N/A","Available",6,"SYLVOX",54.63897637795275,"Other"
175047,"SYLVOX","OT55A2KOGF",138.783,"LCD",71.3472,"N/A","Available",6,"SYLVOX",54.63897637795275,"Other"
175047,"SYLVOX","OT55B2K5GF",138.783,"LCD",71.3472,"N/A","Available",6,"SYLVOX",54.63897637795275,"Other"
175047,"SYLVOX","OT55A2K3GF",138.783,"LCD",71.3472,"N/A","Available",6,"SYLVOX",54.63897637795275,"Other"
175047,"SYLVOX","OQ55A2K3GF",138.783,"LCD",71.3472,"N/A","Available",6,"SYLVOX",54.63897637795275,"Other"
175047,"SYLVOX","O*55**K*G*",138.783,"LCD",71.3472,"N/A","Available",6,"SYLVOX",54.63897637795275,"Other"
175050,"SYLVOX","OT55A7K5GD",138.783,"LCD",67.434,"N/A","Available",6,"SYLVOX",54.63897637795275,"Other"
175050,"SYLVOX","O*55**K*G*",138.783,"LCD",67.434,"N/A","Available",6,"SYLVOX",54.63897637795275,"Other"
175050,"SYLVOX","OQ55A7K5GD",138.783,"LCD",67.434,"N/A","Available",6,"SYLVOX",54.63897637795275,"Other"
175050,"SYLVOX","OQ55A2KEGC",138.783,"LCD",67.434,"N/A","Available",6,"SYLVOX",54.63897637795275,"Other"
175050,"SYLVOX","OT55A2KOGD",138.783,"LCD",67.434,"N/A","Available",6,"SYLVOX",54.63897637795275,"Other"
175050,"SYLVOX","OQ55A2KOGD",138.783,"LCD",67.434,"N/A","Available",6,"SYLVOX",54.63897637795275,"Other"
175050,"SYLVOX","OT55B3K5GD",138.783,"LCD",67.434,"N/A","Available",6,"SYLVOX",54.63897637795275,"Other"
175050,"SYLVOX","OQ55B3K5GD",138.783,"LCD",67.434,"N/A","Available",6,"SYLVOX",54.63897637795275,"Other"
175050,"SYLVOX","OT55BЗKЗGD",138.783,"LCD",67.434,"N/A","Available",6,"SYLVOX",54.63897637795275,"Other"
175050,"SYLVOX","OQ55BЗKЗGD",138.783,"LCD",67.434,"N/A","Available",6,"SYLVOX",54.63897637795275,"Other"
175050,"SYLVOX","OT55A2K3GD",138.783,"LCD",67.434,"N/A","Available",6,"SYLVOX",54.63897637795275,"Other"
175053,"SYLVOX","OQ65A3K8HG",163.896,"LCD",93.012,"N/A","Available",6,"SYLVOX",64.5259842519685,"65-inch"
175054,"SYLVOX","OT65A7K5GF",163.896,"LCD",90.0792,"N/A","Available",6,"SYLVOX",64.5259842519685,"65-inch"
175054,"SYLVOX","OQ65A7K5GF",163.896,"LCD",90.0792,"N/A","Available",6,"SYLVOX",64.5259842519685,"65-inch"
175054,"SYLVOX","OT65A2KEGE",163.896,"LCD",90.0792,"N/A","Available",6,"SYLVOX",64.5259842519685,"65-inch"
175054,"SYLVOX","OQ65A2KEGE",163.896,"LCD",90.0792,"N/A","Available",6,"SYLVOX",64.5259842519685,"65-inch"
175054,"SYLVOX","OQ65A2KOGF",163.896,"LCD",90.0792,"N/A","Available",6,"SYLVOX",64.5259842519685,"65-inch"
175054,"SYLVOX","OT65A2KOGF",163.896,"LCD",90.0792,"N/A","Available",6,"SYLVOX",64.5259842519685,"65-inch"
175054,"SYLVOX","OT65B2K5GF",163.896,"LCD",90.0792,"N/A","Available",6,"SYLVOX",64.5259842519685,"65-inch"
175054,"SYLVOX","OT65A2K3GF",163.896,"LCD",90.0792,"N/A","Available",6,"SYLVOX",64.5259842519685,"65-inch"
175054,"SYLVOX","OQ65A2K3GF",163.896,"LCD",90.0792,"N/A","Available",6,"SYLVOX",64.5259842519685,"65-inch"
175054,"SYLVOX","O*65**K*G*",163.896,"LCD",90.0792,"N/A","Available",6,"SYLVOX",64.5259842519685,"65-inch"
175056,"SYLVOX","OT65A7K5GD",163.896,"LCD",90.1488,"N/A","Available",6,"SYLVOX",64.5259842519685,"65-inch"
175056,"SYLVOX","OQ65A7K5GD",163.896,"LCD",90.1488,"N/A","Available",6,"SYLVOX",64.5259842519685,"65-inch"
175056,"SYLVOX","O*65**K*G*",163.896,"LCD",90.1488,"N/A","Available",6,"SYLVOX",64.5259842519685,"65-inch"
175056,"SYLVOX","OQ65A2KEGC",163.896,"LCD",90.1488,"N/A","Available",6,"SYLVOX",64.5259842519685,"65-inch"
175056,"SYLVOX","OT65A2KOGD",163.896,"LCD",90.1488,"N/A","Available",6,"SYLVOX",64.5259842519685,"65-inch"
175056,"SYLVOX","OQ65A2KOGD",163.896,"LCD",90.1488,"N/A","Available",6,"SYLVOX",64.5259842519685,"65-inch"
175056,"SYLVOX","OT65B3K5GD",163.896,"LCD",90.1488,"N/A","Available",6,"SYLVOX",64.5259842519685,"65-inch"
175056,"SYLVOX","OQ65B3K5GD",163.896,"LCD",90.1488,"N/A","Available",6,"SYLVOX",64.5259842519685,"65-inch"
175056,"SYLVOX","OT65BЗKЗGD",163.896,"LCD",90.1488,"N/A","Available",6,"SYLVOX",64.5259842519685,"65-inch"
175056,"SYLVOX","OQ65BЗKЗGD",163.896,"LCD",90.1488,"N/A","Available",6,"SYLVOX",64.5259842519685,"65-inch"
175056,"SYLVOX","OT65A2K3GD",163.896,"LCD",90.1488,"N/A","Available",6,"SYLVOX",64.5259842519685,"65-inch"
175059,"SYLVOX","OQ75A3K8HG",189.34,"LCD",103.59,"N/A","Available",7,"SYLVOX",74.54330708661418,"Other"
175061,"SYLVOX","OT75A7K5GF",189.34,"LCD",124.536,"N/A","Available",6,"SYLVOX",74.54330708661418,"Other"
175061,"SYLVOX","OQ75A7K5GF",189.34,"LCD",124.536,"N/A","Available",6,"SYLVOX",74.54330708661418,"Other"
175061,"SYLVOX","OT75A2KEGE",189.34,"LCD",124.536,"N/A","Available",6,"SYLVOX",74.54330708661418,"Other"
175061,"SYLVOX","OQ75A2KEGE",189.34,"LCD",124.536,"N/A","Available",6,"SYLVOX",74.54330708661418,"Other"
175061,"SYLVOX","OQ75A2KOGF",189.34,"LCD",124.536,"N/A","Available",6,"SYLVOX",74.54330708661418,"Other"
175061,"SYLVOX","OT75A2KOGF",189.34,"LCD",124.536,"N/A","Available",6,"SYLVOX",74.54330708661418,"Other"
175061,"SYLVOX","OT75B2K5GF",189.34,"LCD",124.536,"N/A","Available",6,"SYLVOX",74.54330708661418,"Other"
175061,"SYLVOX","OT75A2K3GF",189.34,"LCD",124.536,"N/A","Available",6,"SYLVOX",74.54330708661418,"Other"
175061,"SYLVOX","OQ75A2K3GF",189.34,"LCD",124.536,"N/A","Available",6,"SYLVOX",74.54330708661418,"Other"
175061,"SYLVOX","O75**K*G*",189.34,"LCD",124.536,"N/A","Available",6,"SYLVOX",74.54330708661418,"Other"
175062,"SYLVOX","OT75A7K5GD",189.34,"LCD",119.9244,"N/A","Available",6,"SYLVOX",74.54330708661418,"Other"
175062,"SYLVOX","OQ75A7K5GD",189.34,"LCD",119.9244,"N/A","Available",6,"SYLVOX",74.54330708661418,"Other"
175062,"SYLVOX","OQ75A2KEGC",189.34,"LCD",119.9244,"N/A","Available",6,"SYLVOX",74.54330708661418,"Other"
175062,"SYLVOX","OT75A2KOGD",189.34,"LCD",119.9244,"N/A","Available",6,"SYLVOX",74.54330708661418,"Other"
175062,"SYLVOX","OQ75A2KOGD",189.34,"LCD",119.9244,"N/A","Available",6,"SYLVOX",74.54330708661418,"Other"
175062,"SYLVOX","OT75B3K5GD",189.34,"LCD",119.9244,"N/A","Available",6,"SYLVOX",74.54330708661418,"Other"
175062,"SYLVOX","OQ75B3K5GD",189.34,"LCD",119.9244,"N/A","Available",6,"SYLVOX",74.54330708661418,"Other"
175062,"SYLVOX","OT75BЗKЗGD",189.34,"LCD",119.9244,"N/A","Available",6,"SYLVOX",74.54330708661418,"Other"
175062,"SYLVOX","OQ75BЗKЗGD",189.34,"LCD",119.9244,"N/A","Available",6,"SYLVOX",74.54330708661418,"Other"
175062,"SYLVOX","OT75A2K3GD",189.34,"LCD",119.9244,"N/A","Available",6,"SYLVOX",74.54330708661418,"Other"
175062,"SYLVOX","O*75**K*G*",189.34,"LCD",119.9244,"N/A","Available",6,"SYLVOX",74.54330708661418,"Other"
174894,"AIWA","AV-BO507165A",125.725,"LCD (LED)",51.6,"N/A","Available",6,"AIWA",49.49803149606299,"Other"
174894,"AIWA","AV-BQ507165AE",125.725,"LCD (LED)",51.6,"N/A","Available",6,"AIWA",49.49803149606299,"Other"
174894,"AIWA","AV-JQ507165A",125.725,"LCD (LED)",51.6,"N/A","Available",6,"AIWA",49.49803149606299,"Other"
175205,"AIWA","AWS700WS",176.528,"LCD (LED)",149.6,"N/A","Available",4.5,"AIWA",69.49921259842519,"Other"
175207,"JVC","LT-70NQ7165A",176.539,"LCD (LED)",136.3,"N/A","Available",4.5,"JVC",69.5035433070866,"Other"
175208,"AIWA","AWS60DG",152.661,"LCD (LED)",102,"N/A","Available",5,"AIWA",60.10275590551181,"Other"
175210,"EKO","K50FST",125.731,"LCD (LED)",55.52,"N/A","Available",6,"EKO",49.5003937007874,"Other"
175211,"TELEFUNKEN","TL500TQZ",125.731,"LCD (LED)",55.52,"N/A","Available",6,"TELEFUNKEN",49.5003937007874,"Other"
175211,"TELEFUNKEN","TL500TQZ1",125.731,"LCD (LED)",55.52,"N/A","Available",6,"TELEFUNKEN",49.5003937007874,"Other"
175211,"TELEFUNKEN","TL500TQZ2",125.731,"LCD (LED)",55.52,"N/A","Available",6,"TELEFUNKEN",49.5003937007874,"Other"
175211,"TELEFUNKEN","TL500TQZ3",125.731,"LCD (LED)",55.52,"N/A","Available",6,"TELEFUNKEN",49.5003937007874,"Other"
175238,"TECO","LED32BHSRC",80.912,"LCD (LED)",27.42,"N/A","Available",5.5,"TECO",31.855118110236223,"32-inch"
175241,"LG","50QNED70B6C",125.727,"LCD (LED)",76,"N/A","Available",5,"LG",49.4988188976378,"Other"
175242,"LG","50QNED70BSA",125.727,"LCD (LED)",76,"N/A","Available",5,"LG",49.4988188976378,"Other"
175243,"LG","50QNED80B6B",125.727,"LCD (LED)",80,"N/A","Available",4.5,"LG",49.4988188976378,"Other"
175244,"LG","50QNED80BSA",125.727,"LCD (LED)",80,"N/A","Available",4.5,"LG",49.4988188976378,"Other"
175245,"LG","55MRGB86B6A",138.783,"LCD (LED)",78,"N/A","Available",5.5,"LG",54.63897637795275,"Other"
175246,"LG","55MRGB86BSA",138.783,"LCD (LED)",78,"N/A","Available",5.5,"LG",54.63897637795275,"Other"
175247,"LG","55QNED70B6C",138.783,"LCD (LED)",82,"N/A","Available",5.5,"LG",54.63897637795275,"Other"
175248,"LG","55QNED70BSA",138.783,"LCD (LED)",82,"N/A","Available",5.5,"LG",54.63897637795275,"Other"
175249,"LG","55QNED80B6B",138.783,"LCD (LED)",88,"N/A","Available",5,"LG",54.63897637795275,"Other"
175250,"LG","55QNED80BSA",138.783,"LCD (LED)",88,"N/A","Available",5,"LG",54.63897637795275,"Other"
175251,"LG","75QNED80B6A",189.275,"LCD (LED)",166,"N/A","Available",5,"LG",74.51771653543307,"Other"
175252,"LG","75QNED80BSA",189.275,"LCD (LED)",166,"N/A","Available",5,"LG",74.51771653543307,"Other"
175253,"LG","85QNED70B6A",214.783,"LCD (LED)",158,"N/A","Available",6,"LG",84.56023622047243,"Other"
175254,"LG","85QNED70BSA",214.783,"LCD (LED)",158,"N/A","Available",6,"LG",84.56023622047243,"Other"
175310,"PHILIPS","24HFL4025/97",59.827,"LCD (LED)",10,"N/A","Available",4.5,"PHILIPS",23.553937007874016,"Other"
175400,"LG","43QNED70B6C",107.987,"LCD (LED)",63,"N/A","Available",4.5,"LG",42.514566929133856,"Other"
175401,"LG","43QNED70BSA",107.987,"LCD (LED)",63,"N/A","Available",4.5,"LG",42.514566929133856,"Other"
175402,"LG","65QNED70B6C",163.897,"LCD (LED)",100,"N/A","Available",6,"LG",64.52637795275591,"65-inch"
175403,"LG","65QNED70BSA",163.897,"LCD (LED)",100,"N/A","Available",6,"LG",64.52637795275591,"65-inch"
175404,"LG","75NU850B6LA",189.275,"LCD (LED)",130,"N/A","Available",6,"LG",74.51771653543307,"Other"
175405,"LG","75NU855BPSA",189.275,"LCD (LED)",130,"N/A","Available",6,"LG",74.51771653543307,"Other"
175406,"LG","85NU850B6LA",214.783,"LCD (LED)",155,"N/A","Available",6,"LG",84.56023622047243,"Other"
175407,"LG","85NU855BPSA",214.783,"LCD (LED)",155,"N/A","Available",6,"LG",84.56023622047243,"Other"
175408,"LG","OLED48B6PSA",120.721,"OLED",78,"N/A","Available",4.5,"LG",47.52795275590551,"Other"
175409,"LG","OLED48C6PSA",120.721,"OLED",60,"N/A","Available",5.5,"LG",47.52795275590551,"Other"
175410,"LG","OLED48C66LA",120.721,"OLED",60,"N/A","Available",5.5,"LG",47.52795275590551,"Other"
175411,"LG","OLED55B6PSA",138.783,"OLED",90,"N/A","Available",5,"LG",54.63897637795275,"Other"
175412,"LG","OLED55B66LA",138.783,"OLED",90,"N/A","Available",5,"LG",54.63897637795275,"Other"
175413,"LG","OLED55C6PSA",138.783,"OLED",96,"N/A","Available",4.5,"LG",54.63897637795275,"Other"
175414,"LG","OLED55C66LA",138.783,"OLED",96,"N/A","Available",4.5,"LG",54.63897637795275,"Other"
175415,"LG","OLED55G6PSB",138.783,"OLED",92,"N/A","Available",5,"LG",54.63897637795275,"Other"
175416,"LG","OLED65G6PSB",163.897,"OLED",112,"N/A","Available",5.5,"LG",64.52637795275591,"65-inch"
175417,"LG","OLED77B6PSA",194.738,"OLED",138,"N/A","Available",6,"LG",76.66850393700787,"Other"
175418,"LG","OLED77B66LA",194.738,"OLED",138,"N/A","Available",6,"LG",76.66850393700787,"Other"
175419,"LG","OLED77G6PSB",194.738,"OLED",140,"N/A","Available",6,"LG",76.66850393700787,"Other"
175616,"BLAUPUNKT","BP24TIZDVD",59.824,"LCD (LED)",27.25,"N/A","Available",4,"BLAUPUNKT",23.55275590551181,"Other"
175627,"BAUHN","ATV24HDTB-0226",59.809,"LCD",17.9,"N/A","Available",6,"BAUHN",23.546850393700787,"Other"
175701,"LG","86MRGB86B6A",217.443,"LCD (LED)",146,"N/A","Available",6,"LG",85.60748031496064,"Other"
175702,"LG","86MRGB86BSA",217.443,"LCD (LED)",146,"N/A","Available",6,"LG",85.60748031496064,"Other"
175762,"Samsung","UA43M70HAW",107.987,"LCD (LED)",70,"N/A","Available",4,"SAMSUNG",42.514566929133856,"Other"
175762,"Samsung","UA43M70HAS",107.987,"LCD (LED)",70,"N/A","Available",4,"SAMSUNG",42.514566929133856,"Other"
175762,"Samsung","UA43M70HA*",107.987,"LCD (LED)",70,"N/A","Available",4,"SAMSUNG",42.514566929133856,"Other"
175763,"Samsung","UA50M70HAW",125.727,"LCD (LED)",73,"N/A","Available",5,"SAMSUNG",49.4988188976378,"Other"
175763,"Samsung","UA50M70HAS",125.727,"LCD (LED)",73,"N/A","Available",5,"SAMSUNG",49.4988188976378,"Other"
175763,"Samsung","UA50M70HA*",125.727,"LCD (LED)",73,"N/A","Available",5,"SAMSUNG",49.4988188976378,"Other"
175766,"Samsung","UA55M70HAW",138.783,"LCD (LED)",84,"N/A","Available",5,"SAMSUNG",54.63897637795275,"Other"
175766,"Samsung","UA55M70HAS",138.783,"LCD (LED)",84,"N/A","Available",5,"SAMSUNG",54.63897637795275,"Other"
175766,"Samsung","UA55M70HA*",138.783,"LCD (LED)",84,"N/A","Available",5,"SAMSUNG",54.63897637795275,"Other"
175767,"Samsung","UA65M70HAW",163.897,"LCD (LED)",111,"N/A","Available",5.5,"SAMSUNG",64.52637795275591,"65-inch"
175767,"Samsung","UA65M70HAS",163.897,"LCD (LED)",111,"N/A","Available",5.5,"SAMSUNG",64.52637795275591,"65-inch"
175767,"Samsung","UA65M70HA*",163.897,"LCD (LED)",111,"N/A","Available",5.5,"SAMSUNG",64.52637795275591,"65-inch"
175769,"Samsung","UA75M70HAW",189.338,"LCD (LED)",142,"N/A","Available",5.5,"SAMSUNG",74.54251968503937,"Other"
175769,"Samsung","UA75M70HAS",189.338,"LCD (LED)",142,"N/A","Available",5.5,"SAMSUNG",74.54251968503937,"Other"
175769,"Samsung","UA75M70HA*",189.338,"LCD (LED)",142,"N/A","Available",5.5,"SAMSUNG",74.54251968503937,"Other"
175780,"Samsung","UA85M70HAW",214.783,"LCD (LED)",151,"N/A","Available",6,"SAMSUNG",84.56023622047243,"Other"
175780,"Samsung","UA85M70HAS",214.783,"LCD (LED)",151,"N/A","Available",6,"SAMSUNG",84.56023622047243,"Other"
175780,"Samsung","UA85M70HA*",214.783,"LCD (LED)",151,"N/A","Available",6,"SAMSUNG",84.56023622047243,"Other"
175782,"Samsung","UA43U8000HW",107.987,"LCD (LED)",67,"N/A","Available",4,"SAMSUNG",42.514566929133856,"Other"
175782,"Samsung","UA43U8000HS",107.987,"LCD (LED)",67,"N/A","Available",4,"SAMSUNG",42.514566929133856,"Other"
175782,"Samsung","UA43U8500HW",107.987,"LCD (LED)",67,"N/A","Available",4,"SAMSUNG",42.514566929133856,"Other"
175782,"Samsung","UA43U8500HS",107.987,"LCD (LED)",67,"N/A","Available",4,"SAMSUNG",42.514566929133856,"Other"
175782,"Samsung","UA43U8*00H*",107.987,"LCD (LED)",67,"N/A","Available",4,"SAMSUNG",42.514566929133856,"Other"
175784,"Samsung","UA50U8000HW",125.727,"LCD (LED)",71,"N/A","Available",5,"SAMSUNG",49.4988188976378,"Other"
175784,"Samsung","UA50U8000HS",125.727,"LCD (LED)",71,"N/A","Available",5,"SAMSUNG",49.4988188976378,"Other"
175784,"Samsung","UA50U8500HW",125.727,"LCD (LED)",71,"N/A","Available",5,"SAMSUNG",49.4988188976378,"Other"
175784,"Samsung","UA50U8500HS",125.727,"LCD (LED)",71,"N/A","Available",5,"SAMSUNG",49.4988188976378,"Other"
175784,"Samsung","UA50U8*00H*",125.727,"LCD (LED)",71,"N/A","Available",5,"SAMSUNG",49.4988188976378,"Other"
175794,"LG","OLED77C6PSA",194.738,"OLED",126,"N/A","Available",6,"LG",76.66850393700787,"Other"
175795,"LG","OLED77C66LA",194.738,"OLED",126,"N/A","Available",6,"LG",76.66850393700787,"Other"
175796,"LG","OLED83G6PSB",209.585,"OLED",155,"N/A","Available",6,"LG",82.51377952755905,"Other"
175797,"LG","55UA8055PSA",138.783,"LCD (LED)",92,"N/A","Available",5,"LG",54.63897637795275,"Other"
175798,"LG","65UA8055PSA",163.897,"LCD (LED)",118,"N/A","Available",5,"LG",64.52637795275591,"65-inch"
175799,"LG","OLED42C6PSA",105.52,"OLED",55,"N/A","Available",5,"LG",41.54330708661417,"Other"
175800,"LG","OLED42C67LA",105.52,"OLED",55,"N/A","Available",5,"LG",41.54330708661417,"Other"
175801,"LG","OLED83B6PSA",209.585,"OLED",151,"N/A","Available",6,"LG",82.51377952755905,"Other"
175802,"LG","OLED83C6PSA",209.585,"OLED",133,"N/A","Available",6,"LG",82.51377952755905,"Other"
175803,"LG","OLED83C66LA",209.585,"OLED",133,"N/A","Available",6,"LG",82.51377952755905,"Other"
175804,"LG","65MRGB86B6A",163.897,"LCD (LED)",99,"N/A","Available",6,"LG",64.52637795275591,"65-inch"
175805,"LG","65MRGB86BSA",163.897,"LCD (LED)",99,"N/A","Available",6,"LG",64.52637795275591,"65-inch"
175829,"Kogan","KAQL75Q97TA",189.34,"LCD (LED)",179.1,"N/A","Available",4.5,"KOGAN",74.54330708661418,"Other"
175829,"Kogan","KAQL75Q97TB",189.34,"LCD (LED)",179.1,"N/A","Available",4.5,"KOGAN",74.54330708661418,"Other"
175829,"Kogan","KAQL75Q97TC",189.34,"LCD (LED)",179.1,"N/A","Available",4.5,"KOGAN",74.54330708661418,"Other"
175829,"Kogan","KAQL75Q97TD",189.34,"LCD (LED)",179.1,"N/A","Available",4.5,"KOGAN",74.54330708661418,"Other"
175829,"Kogan","KAQL75Q97TE",189.34,"LCD (LED)",179.1,"N/A","Available",4.5,"KOGAN",74.54330708661418,"Other"
175829,"Kogan","KAQL75Q97T*",189.34,"LCD (LED)",179.1,"N/A","Available",4.5,"KOGAN",74.54330708661418,"Other"
175830,"Kogan","KAQL85MQXTB",214.783,"LCD (LED)",255.138,"N/A","Available",3.5,"KOGAN",84.56023622047243,"Other"
175830,"Kogan","KAQL85MQXTC",214.783,"LCD (LED)",255.138,"N/A","Available",3.5,"KOGAN",84.56023622047243,"Other"
175830,"Kogan","KAQL85MQXTD",214.783,"LCD (LED)",255.138,"N/A","Available",3.5,"KOGAN",84.56023622047243,"Other"
175830,"Kogan","KAQL85MQXT*",214.783,"LCD (LED)",255.138,"N/A","Available",3.5,"KOGAN",84.56023622047243,"Other"
175832,"Kogan","KAQL75MQXTB",189.34,"LCD (LED)",214.632,"N/A","Available",3.5,"KOGAN",74.54330708661418,"Other"
175832,"Kogan","KAQL75MQXTC",189.34,"LCD (LED)",214.632,"N/A","Available",3.5,"KOGAN",74.54330708661418,"Other"
175832,"Kogan","KAQL75MQXTD",189.34,"LCD (LED)",214.632,"N/A","Available",3.5,"KOGAN",74.54330708661418,"Other"
175832,"Kogan","KAQL75MQXT*",189.34,"LCD (LED)",214.632,"N/A","Available",3.5,"KOGAN",74.54330708661418,"Other"
175833,"Kogan","KAQL65MQXTB",163.896,"LCD (LED)",197.274,"N/A","Available",2.5,"KOGAN",64.5259842519685,"65-inch"
175833,"Kogan","KAQL65MQXTC",163.896,"LCD (LED)",197.274,"N/A","Available",2.5,"KOGAN",64.5259842519685,"65-inch"
175833,"Kogan","KAQL65MQXTD",163.896,"LCD (LED)",197.274,"N/A","Available",2.5,"KOGAN",64.5259842519685,"65-inch"
175833,"Kogan","KAQL65MQXT*",163.896,"LCD (LED)",197.274,"N/A","Available",2.5,"KOGAN",64.5259842519685,"65-inch"
175845,"Kogan","KAQL65MQ9ZTA",163.896,"LCD (LED)",147.3,"N/A","Available",4,"KOGAN",64.5259842519685,"65-inch"
175845,"Kogan","KAQL65MQ9ZTB",163.896,"LCD (LED)",147.3,"N/A","Available",4,"KOGAN",64.5259842519685,"65-inch"
175845,"Kogan","KAQL65MQ9ZTC",163.896,"LCD (LED)",147.3,"N/A","Available",4,"KOGAN",64.5259842519685,"65-inch"
175845,"Kogan","KAQL65MQ9ZTD",163.896,"LCD (LED)",147.3,"N/A","Available",4,"KOGAN",64.5259842519685,"65-inch"
175845,"Kogan","KAQL65MQ9ZTE",163.896,"LCD (LED)",147.3,"N/A","Available",4,"KOGAN",64.5259842519685,"65-inch"
175845,"Kogan","KAQL65MQ9ZT*",163.896,"LCD (LED)",147.3,"N/A","Available",4,"KOGAN",64.5259842519685,"65-inch"
175846,"Kogan","KAQL75MQ9ZTA",189.34,"LCD (LED)",223.7,"N/A","Available",3.5,"KOGAN",74.54330708661418,"Other"
175846,"Kogan","KAQL75MQ9ZTB",189.34,"LCD (LED)",223.7,"N/A","Available",3.5,"KOGAN",74.54330708661418,"Other"
175846,"Kogan","KAQL75MQ9ZTC",189.34,"LCD (LED)",223.7,"N/A","Available",3.5,"KOGAN",74.54330708661418,"Other"
175846,"Kogan","KAQL75MQ9ZTD",189.34,"LCD (LED)",223.7,"N/A","Available",3.5,"KOGAN",74.54330708661418,"Other"
175846,"Kogan","KAQL75MQ9ZTE",189.34,"LCD (LED)",223.7,"N/A","Available",3.5,"KOGAN",74.54330708661418,"Other"
175846,"Kogan","KAQL75MQ9ZT*",189.34,"LCD (LED)",223.7,"N/A","Available",3.5,"KOGAN",74.54330708661418,"Other"
175847,"Kogan","KAQL100MQ9ZTA",252.784,"LCD (LED)",219.1,"N/A","Available",5.5,"KOGAN",99.52125984251968,"Other"
175847,"Kogan","KAQL100MQ9ZTB",252.784,"LCD (LED)",219.1,"N/A","Available",5.5,"KOGAN",99.52125984251968,"Other"
175847,"Kogan","KAQL100MQ9ZTC",252.784,"LCD (LED)",219.1,"N/A","Available",5.5,"KOGAN",99.52125984251968,"Other"
175847,"Kogan","KAQL100MQ9ZTD",252.784,"LCD (LED)",219.1,"N/A","Available",5.5,"KOGAN",99.52125984251968,"Other"
175847,"Kogan","KAQL100MQ9ZTE",252.784,"LCD (LED)",219.1,"N/A","Available",5.5,"KOGAN",99.52125984251968,"Other"
175847,"Kogan","KAQL100MQ9ZT*",252.784,"LCD (LED)",219.1,"N/A","Available",5.5,"KOGAN",99.52125984251968,"Other"
175849,"TELEFUNKEN","TL430TQZ",107.953,"LCD (LED)",58.3,"N/A","Available",5,"TELEFUNKEN",42.5011811023622,"Other"
175849,"TELEFUNKEN","TL430TQZ1",107.953,"LCD (LED)",58.3,"N/A","Available",5,"TELEFUNKEN",42.5011811023622,"Other"
175849,"TELEFUNKEN","TL430TQZ2",107.953,"LCD (LED)",58.3,"N/A","Available",5,"TELEFUNKEN",42.5011811023622,"Other"
175849,"TELEFUNKEN","TL430TQZ3",107.953,"LCD (LED)",58.3,"N/A","Available",5,"TELEFUNKEN",42.5011811023622,"Other"
175866,"QBELL","QTF50T",125.731,"LCD (LED)",55.52,"N/A","Available",6,"QBELL",49.5003937007874,"Other"
175869,"Samsung","UA65U8000HW",163.897,"LCD (LED)",112,"N/A","Available",5.5,"SAMSUNG",64.52637795275591,"65-inch"
175869,"Samsung","UA65U8000HS",163.897,"LCD (LED)",112,"N/A","Available",5.5,"SAMSUNG",64.52637795275591,"65-inch"
175869,"Samsung","UA65U8500HW",163.897,"LCD (LED)",112,"N/A","Available",5.5,"SAMSUNG",64.52637795275591,"65-inch"
175869,"Samsung","UA65U8500HS",163.897,"LCD (LED)",112,"N/A","Available",5.5,"SAMSUNG",64.52637795275591,"65-inch"
175869,"Samsung","UA65U8*00H*",163.897,"LCD (LED)",112,"N/A","Available",5.5,"SAMSUNG",64.52637795275591,"65-inch"
175870,"Samsung","UA55U8000HW",138.783,"LCD (LED)",79,"N/A","Available",5.5,"SAMSUNG",54.63897637795275,"Other"
175870,"Samsung","UA55U8000HS",138.783,"LCD (LED)",79,"N/A","Available",5.5,"SAMSUNG",54.63897637795275,"Other"
175870,"Samsung","UA55U8500HW",138.783,"LCD (LED)",79,"N/A","Available",5.5,"SAMSUNG",54.63897637795275,"Other"
175870,"Samsung","UA55U8500HS",138.783,"LCD (LED)",79,"N/A","Available",5.5,"SAMSUNG",54.63897637795275,"Other"
175870,"Samsung","UA55U8*00H*",138.783,"LCD (LED)",79,"N/A","Available",5.5,"SAMSUNG",54.63897637795275,"Other"
175871,"Samsung","UA85U8000HW",214.783,"LCD (LED)",142,"N/A","Available",6,"SAMSUNG",84.56023622047243,"Other"
175871,"Samsung","UA85U8000HS",214.783,"LCD (LED)",142,"N/A","Available",6,"SAMSUNG",84.56023622047243,"Other"
175871,"Samsung","UA85U8500HW",214.783,"LCD (LED)",142,"N/A","Available",6,"SAMSUNG",84.56023622047243,"Other"
175871,"Samsung","UA85U8500HS",214.783,"LCD (LED)",142,"N/A","Available",6,"SAMSUNG",84.56023622047243,"Other"
175871,"Samsung","UA85U8*00H*",214.783,"LCD (LED)",142,"N/A","Available",6,"SAMSUNG",84.56023622047243,"Other"
175872,"Samsung","UA75U8000HW",189.338,"LCD (LED)",133,"N/A","Available",6,"SAMSUNG",74.54251968503937,"Other"
175872,"Samsung","UA75U8000HS",189.338,"LCD (LED)",133,"N/A","Available",6,"SAMSUNG",74.54251968503937,"Other"
175872,"Samsung","UA75U8500HW",189.338,"LCD (LED)",133,"N/A","Available",6,"SAMSUNG",74.54251968503937,"Other"
175872,"Samsung","UA75U8500HS",189.338,"LCD (LED)",133,"N/A","Available",6,"SAMSUNG",74.54251968503937,"Other"
175872,"Samsung","UA75U8*00H*",189.338,"LCD (LED)",133,"N/A","Available",6,"SAMSUNG",74.54251968503937,"Other"
175887,"Kogan","KAL50U96VA",125.725,"LCD (LED)",60.48,"N/A","Available",5.5,"KOGAN",49.49803149606299,"Other"
175887,"Kogan","KAL50U96VB",125.725,"LCD (LED)",60.48,"N/A","Available",5.5,"KOGAN",49.49803149606299,"Other"
175887,"Kogan","KAL50U96VC",125.725,"LCD (LED)",60.48,"N/A","Available",5.5,"KOGAN",49.49803149606299,"Other"
175887,"Kogan","KAL50U96VA, KAL50U96V,KAL50U96VC",125.725,"LCD (LED)",60.48,"N/A","Available",5.5,"KOGAN",49.49803149606299,"Other"
175888,"Kogan","KAL55U96VA",140.494,"LCD (LED)",58.7,"N/A","Available",5,"KOGAN",55.312598425196846,"Other"
175888,"Kogan","KAL55U96VB",140.494,"LCD (LED)",58.7,"N/A","Available",5,"KOGAN",55.312598425196846,"Other"
175888,"Kogan","KAL55U96VC",140.494,"LCD (LED)",58.7,"N/A","Available",5,"KOGAN",55.312598425196846,"Other"
175888,"Kogan","KAL55U96VA,KAL55U96VB,KAL55U96VC",140.494,"LCD (LED)",58.7,"N/A","Available",5,"KOGAN",55.312598425196846,"Other"
175903,"Samsung","QA85QN80HAW",214.783,"LCD (LED)",223,"N/A","Available",4.5,"SAMSUNG",84.56023622047243,"Other"
175903,"Samsung","QA85QN80HAS",214.783,"LCD (LED)",223,"N/A","Available",4.5,"SAMSUNG",84.56023622047243,"Other"
175903,"Samsung","QA85QN80HA*",214.783,"LCD (LED)",223,"N/A","Available",4.5,"SAMSUNG",84.56023622047243,"Other"
175915,"Samsung","QA65S85HAE",163.897,"LCD (LED)",128,"N/A","Available",4.5,"SAMSUNG",64.52637795275591,"65-inch"
175919,"Samsung","QA55S85HAE",138.783,"LCD (LED)",100,"N/A","Available",4.5,"SAMSUNG",54.63897637795275,"Other"
175922,"Samsung","QA75QN80HAW",189.338,"LCD (LED)",189,"N/A","Available",4,"SAMSUNG",74.54251968503937,"Other"
175922,"Samsung","QA75QN80HAS",189.338,"LCD (LED)",189,"N/A","Available",4,"SAMSUNG",74.54251968503937,"Other"
175922,"Samsung","QA75QN80HA*",189.338,"LCD (LED)",189,"N/A","Available",4,"SAMSUNG",74.54251968503937,"Other"
175926,"Samsung","QA55S90HAW",138.783,"LCD (LED)",108,"N/A","Available",4,"SAMSUNG",54.63897637795275,"Other"
175926,"Samsung","QA55S90HAS",138.783,"LCD (LED)",108,"N/A","Available",4,"SAMSUNG",54.63897637795275,"Other"
175926,"Samsung","QA55S90HA*",138.783,"LCD (LED)",108,"N/A","Available",4,"SAMSUNG",54.63897637795275,"Other"
175927,"Samsung","UA55M80HAW",138.783,"LCD (LED)",75,"N/A","Available",5.5,"SAMSUNG",54.63897637795275,"Other"
175927,"Samsung","UA55M80HAS",138.783,"LCD (LED)",75,"N/A","Available",5.5,"SAMSUNG",54.63897637795275,"Other"
175927,"Samsung","UA55M80HA*",138.783,"LCD (LED)",75,"N/A","Available",5.5,"SAMSUNG",54.63897637795275,"Other"
175932,"LG","86QNED86BSA",217.443,"LCD (LED)",137,"N/A","Available",7,"LG",85.60748031496064,"Other"
175933,"LG","86QNED87B6A",217.443,"LCD (LED)",137,"N/A","Available",7,"LG",85.60748031496064,"Other"
175938,"BELGIQUE","CCA-BFHD24TV",60.22,"LCD",17.88,"N/A","Available",6,"BELGIQUE",23.708661417322833,"Other"
175938,"BELGIQUE","VK-2401D",60.22,"LCD",17.88,"N/A","Available",6,"BELGIQUE",23.708661417322833,"Other"
175939,"BELGIQUE","CCA-BFHD32TV",80.376,"LCD",35.42,"N/A","Available",5,"BELGIQUE",31.644094488188976,"32-inch"
175939,"BELGIQUE","VK-3201D",80.376,"LCD",35.42,"N/A","Available",5,"BELGIQUE",31.644094488188976,"32-inch"
175940,"BELGIQUE","CCA-BFHD40TV",100.286,"LCD",69.27,"N/A","Available",3.5,"BELGIQUE",39.48267716535433,"Other"
175940,"BELGIQUE","VK-4001D",100.286,"LCD",69.27,"N/A","Available",3.5,"BELGIQUE",39.48267716535433,"Other"
175948,"Samsung","UA58U8000HS",146.068,"LCD (LED)",96,"N/A","Available",5,"SAMSUNG",57.50708661417323,"Other"
175949,"Samsung","UA70U8000HS",176.537,"LCD (LED)",128,"N/A","Available",5.5,"SAMSUNG",69.50275590551182,"Other"
175977,"Kogan","KAQL55MQ9ZTA",138.783,"LCD (LED)",97.4,"N/A","Available",4,"KOGAN",54.63897637795275,"Other"
175977,"Kogan","KAQL55MQ9ZTB",138.783,"LCD (LED)",97.4,"N/A","Available",4,"KOGAN",54.63897637795275,"Other"
175977,"Kogan","KAQL55MQ9ZTC",138.783,"LCD (LED)",97.4,"N/A","Available",4,"KOGAN",54.63897637795275,"Other"
175977,"Kogan","KAQL55MQ9ZTD",138.783,"LCD (LED)",97.4,"N/A","Available",4,"KOGAN",54.63897637795275,"Other"
175977,"Kogan","KAQL55MQ9ZTE",138.783,"LCD (LED)",97.4,"N/A","Available",4,"KOGAN",54.63897637795275,"Other"
175977,"Kogan","KAQL55MQ9ZT*",138.783,"LCD (LED)",97.4,"N/A","Available",4,"KOGAN",54.63897637795275,"Other"
176010,"TELEFUNKEN","TL320TQ1",80.039,"LCD (LED)",35.1,"N/A","Available",5,"TELEFUNKEN",31.511417322834646,"32-inch"
176010,"TELEFUNKEN","TL320QT",80.039,"LCD (LED)",35.1,"N/A","Available",5,"TELEFUNKEN",31.511417322834646,"32-inch"
176010,"TELEFUNKEN","TL320QT2",80.039,"LCD (LED)",35.1,"N/A","Available",5,"TELEFUNKEN",31.511417322834646,"32-inch"
176010,"TELEFUNKEN","TL320QT3",80.039,"LCD (LED)",35.1,"N/A","Available",5,"TELEFUNKEN",31.511417322834646,"32-inch"
176014,"Samsung","QA55QN80HAW",138.783,"LCD (LED)",102,"N/A","Available",4.5,"SAMSUNG",54.63897637795275,"Other"
176014,"Samsung","QA55QN80HAS",138.783,"LCD (LED)",102,"N/A","Available",4.5,"SAMSUNG",54.63897637795275,"Other"
176014,"Samsung","QA55QN80HA*",138.783,"LCD (LED)",102,"N/A","Available",4.5,"SAMSUNG",54.63897637795275,"Other"
176015,"Samsung","QA65QN80HAW",163.897,"LCD (LED)",153,"N/A","Available",4,"SAMSUNG",64.52637795275591,"65-inch"
176015,"Samsung","QA65QN80HAS",163.897,"LCD (LED)",153,"N/A","Available",4,"SAMSUNG",64.52637795275591,"65-inch"
176015,"Samsung","QA65QN80HA*",163.897,"LCD (LED)",153,"N/A","Available",4,"SAMSUNG",64.52637795275591,"65-inch"
176016,"Samsung","MRA75R95HAW",189.338,"LCD (LED)",203,"N/A","Available",4,"SAMSUNG",74.54251968503937,"Other"
176016,"Samsung","MRA75R95HAS",189.338,"LCD (LED)",203,"N/A","Available",4,"SAMSUNG",74.54251968503937,"Other"
176016,"Samsung","MRA75R95HA*",189.338,"LCD (LED)",203,"N/A","Available",4,"SAMSUNG",74.54251968503937,"Other"
176018,"Samsung","MRA85R95HAW",214.783,"LCD (LED)",260,"N/A","Available",4,"SAMSUNG",84.56023622047243,"Other"
176018,"Samsung","MRA85R95HAS",214.783,"LCD (LED)",260,"N/A","Available",4,"SAMSUNG",84.56023622047243,"Other"
176018,"Samsung","MRA85R95HA*",214.783,"LCD (LED)",260,"N/A","Available",4,"SAMSUNG",84.56023622047243,"Other"
176019,"Samsung","MRA65R95HAW",163.897,"LCD (LED)",153,"N/A","Available",4,"SAMSUNG",64.52637795275591,"65-inch"
176019,"Samsung","MRA65R95HAS",163.897,"LCD (LED)",153,"N/A","Available",4,"SAMSUNG",64.52637795275591,"65-inch"
176019,"Samsung","MRA65R95HA*",163.897,"LCD (LED)",153,"N/A","Available",4,"SAMSUNG",64.52637795275591,"65-inch"
176020,"Samsung","QA83S90HAE",209.585,"LCD (LED)",215,"N/A","Available",4.5,"SAMSUNG",82.51377952755905,"Other"
176051,"Samsung","QA77S90HAW",195.177,"LCD (LED)",173,"N/A","Available",5,"SAMSUNG",76.84133858267717,"Other"
176051,"Samsung","QA77S90HAS",195.177,"LCD (LED)",173,"N/A","Available",5,"SAMSUNG",76.84133858267717,"Other"
176051,"Samsung","QA77S90HA*",195.177,"LCD (LED)",173,"N/A","Available",5,"SAMSUNG",76.84133858267717,"Other"
176052,"LG","OLED55G66LW",138.783,"OLED",92,"N/A","Available",5,"LG",54.63897637795275,"Other"
176053,"LG","OLED65G66LW",163.897,"OLED",112,"N/A","Available",5.5,"LG",64.52637795275591,"65-inch"
176054,"LG","OLED77G66LW",194.738,"OLED",140,"N/A","Available",6,"LG",76.66850393700787,"Other"
176055,"LG","OLED83G66LW",209.585,"OLED",155,"N/A","Available",6,"LG",82.51377952755905,"Other"
176057,"Samsung","QA65S90HAW",163.897,"LCD (LED)",138,"N/A","Available",4.5,"SAMSUNG",64.52637795275591,"65-inch"
176057,"Samsung","QA65S90HAS",163.897,"LCD (LED)",138,"N/A","Available",4.5,"SAMSUNG",64.52637795275591,"65-inch"
176057,"Samsung","QA65S90HA*",163.897,"LCD (LED)",138,"N/A","Available",4.5,"SAMSUNG",64.52637795275591,"65-inch"
176058,"Samsung","QA50QN70HAW",125.727,"LCD (LED)",83,"N/A","Available",4.5,"SAMSUNG",49.4988188976378,"Other"
176058,"Samsung","QA50QN70HAS",125.727,"LCD (LED)",83,"N/A","Available",4.5,"SAMSUNG",49.4988188976378,"Other"
176058,"Samsung","QA50QN70HA*",125.727,"LCD (LED)",83,"N/A","Available",4.5,"SAMSUNG",49.4988188976378,"Other"
176063,"Samsung","QA65QN70HAW",163.897,"LCD (LED)",130,"N/A","Available",4.5,"SAMSUNG",64.52637795275591,"65-inch"
176063,"Samsung","QA65QN70HAS",163.897,"LCD (LED)",130,"N/A","Available",4.5,"SAMSUNG",64.52637795275591,"65-inch"
176063,"Samsung","QA65QN70HA*",163.897,"LCD (LED)",130,"N/A","Available",4.5,"SAMSUNG",64.52637795275591,"65-inch"
175938,"BELGIQUE","CCA-BFHD**TV",60.22,"LCD",17.88,"N/A","Available",6,"BELGIQUE",23.708661417322833,"Other"
176152,"CHiQ","U50QM10",125.731,"LCD (LED)",68.2,"N/A","Available",5,"CHIQ",49.5003937007874,"Other"
176190,"LG","55LX7BPSA",138.783,"LCD (LED)",76.1,"N/A","Available",5,"LG",54.63897637795275,"Other"
176190,"LG","55LX7B6LA",138.783,"LCD (LED)",76.1,"N/A","Available",5,"LG",54.63897637795275,"Other"
176190,"LG","55LX7BPUA",138.783,"LCD (LED)",76.1,"N/A","Available",5,"LG",54.63897637795275,"Other"
176190,"LG","55LX7BKNA",138.783,"LCD (LED)",76.1,"N/A","Available",5,"LG",54.63897637795275,"Other"
176190,"LG","55LX7B###",138.783,"LCD (LED)",76.1,"N/A","Available",5,"LG",54.63897637795275,"Other"
176204,"Samsung","QA100QN80HW",252.784,"LCD (LED)",278,"N/A","Available",5,"SAMSUNG",99.52125984251968,"Other"
176204,"Samsung","QA100QN80HS",252.784,"LCD (LED)",278,"N/A","Available",5,"SAMSUNG",99.52125984251968,"Other"
176204,"Samsung","QA100QN80H*",252.784,"LCD (LED)",278,"N/A","Available",5,"SAMSUNG",99.52125984251968,"Other"
176205,"Samsung","QA55QN70HAW",138.783,"LCD (LED)",105,"N/A","Available",4,"SAMSUNG",54.63897637795275,"Other"
176205,"Samsung","QA55QN70HAS",138.783,"LCD (LED)",105,"N/A","Available",4,"SAMSUNG",54.63897637795275,"Other"
176205,"Samsung","QA55QN70HA*",138.783,"LCD (LED)",105,"N/A","Available",4,"SAMSUNG",54.63897637795275,"Other"
176206,"Samsung","QA43QN70HAW",108.012,"LCD (LED)",69,"N/A","Available",4,"SAMSUNG",42.5244094488189,"Other"
176206,"Samsung","QA43QN70HAS",108.012,"LCD (LED)",69,"N/A","Available",4,"SAMSUNG",42.5244094488189,"Other"
176206,"Samsung","QA43QN70HA*",108.012,"LCD (LED)",69,"N/A","Available",4,"SAMSUNG",42.5244094488189,"Other"
176207,"Samsung","QA77S95HAE",194.738,"LCD (LED)",213,"N/A","Available",4,"SAMSUNG",76.66850393700787,"Other"
176208,"Samsung","QA75LS03HWW",189.338,"LCD (LED)",187,"N/A","Available",4,"SAMSUNG",74.54251968503937,"Other"
176208,"Samsung","QA75LS03HWS",189.338,"LCD (LED)",187,"N/A","Available",4,"SAMSUNG",74.54251968503937,"Other"
176208,"Samsung","QA75LS03HW*",189.338,"LCD (LED)",187,"N/A","Available",4,"SAMSUNG",74.54251968503937,"Other"
176209,"Samsung","UA85M80HAW",214.783,"LCD (LED)",141,"N/A","Available",6,"SAMSUNG",84.56023622047243,"Other"
176209,"Samsung","UA85M80HAS",214.783,"LCD (LED)",141,"N/A","Available",6,"SAMSUNG",84.56023622047243,"Other"
176209,"Samsung","UA85M80HA*",214.783,"LCD (LED)",141,"N/A","Available",6,"SAMSUNG",84.56023622047243,"Other"
176210,"Samsung","UA75M80HAW",189.338,"LCD (LED)",117,"N/A","Available",6,"SAMSUNG",74.54251968503937,"Other"
176210,"Samsung","UA75M80HAS",189.338,"LCD (LED)",117,"N/A","Available",6,"SAMSUNG",74.54251968503937,"Other"
176210,"Samsung","UA75M80HA*",189.338,"LCD (LED)",117,"N/A","Available",6,"SAMSUNG",74.54251968503937,"Other"
176211,"Samsung","UA65M80HAW",163.897,"LCD (LED)",101,"N/A","Available",6,"SAMSUNG",64.52637795275591,"65-inch"
176211,"Samsung","UA65M80HAS",163.897,"LCD (LED)",101,"N/A","Available",6,"SAMSUNG",64.52637795275591,"65-inch"
176211,"Samsung","UA65M80HA*",163.897,"LCD (LED)",101,"N/A","Available",6,"SAMSUNG",64.52637795275591,"65-inch"
176217,"LG","65LX7BPSA",163.896,"LCD (LED)",86.6,"N/A","Available",6,"LG",64.5259842519685,"65-inch"
176217,"LG","65LX7B6LA",163.896,"LCD (LED)",86.6,"N/A","Available",6,"LG",64.5259842519685,"65-inch"
176217,"LG","65LX7BPUA",163.896,"LCD (LED)",86.6,"N/A","Available",6,"LG",64.5259842519685,"65-inch"
176217,"LG","65LX7BKNA",163.896,"LCD (LED)",86.6,"N/A","Available",6,"LG",64.5259842519685,"65-inch"
176217,"LG","65LX7B###",163.896,"LCD (LED)",86.6,"N/A","Available",6,"LG",64.5259842519685,"65-inch"
176233,"SONY","K-43XR30M2",107.987,"LCD (LED)",66.2,"N/A","Available",4,"SONY",42.514566929133856,"Other"
176236,"SONY","K-50XR30M2",125.566,"LCD (LED)",85.5,"N/A","Available",4.5,"SONY",49.43543307086614,"Other"
176248,"LG","75NU805BPSB",189.275,"LCD",118,"N/A","Available",6,"LG",74.51771653543307,"Other"
176249,"LG","55NU805BPSB",138.783,"LCD",85,"N/A","Available",5,"LG",54.63897637795275,"Other"
176250,"LG","85NU805BPSB",214.783,"LCD",160,"N/A","Available",6,"LG",84.56023622047243,"Other"
176252,"LG","65NU805BPSB",163.897,"LCD",92,"N/A","Available",6,"LG",64.52637795275591,"65-inch"
176253,"LG","98NU855BPSB",247.693,"LCD",340,"N/A","Available",4,"LG",97.51692913385827,"Other"
175939,"BELGIQUE","CCA-BFHD**TV",80.376,"LCD",35.42,"N/A","Available",5,"BELGIQUE",31.644094488188976,"32-inch"
175940,"BELGIQUE","CCA-BFHD**TV",100.286,"LCD",69.27,"N/A","Available",3.5,"BELGIQUE",39.48267716535433,"Other"
176261,"SONY","K-65XR30M2",163.897,"LCD (LED)",130.2,"N/A","Available",4.5,"SONY",64.52637795275591,"65-inch"
176262,"SONY","K-75XR30M2",189.338,"LCD (LED)",172,"N/A","Available",4.5,"SONY",74.54251968503937,"Other"
176263,"SONY","K-85XR30M2",214.783,"LCD (LED)",166.9,"N/A","Available",6,"SONY",84.56023622047243,"Other"
176267,"SONY","K-65XR70M2",163.878,"LCD (LED)",129.4,"N/A","Available",4.5,"SONY",64.51889763779526,"65-inch"
176268,"SONY","K-55XR70M2",138.798,"LCD (LED)",105.9,"N/A","Available",4,"SONY",54.64488188976378,"Other"
176269,"SONY","K-50XR70M2",125.725,"LCD (LED)",105.8,"N/A","Available",3.5,"SONY",49.49803149606299,"Other"
176284,"SONY","K-100XR30M2",252.769,"LCD (LED)",191.6,"N/A","Available",6,"SONY",99.51535433070866,"Other"
176304,"SKYWORTH","43Q5600H",107.956,"LCD (LED)",38.7,"N/A","Available",6,"SKYWORTH",42.50236220472441,"Other"
176330,"Kogan","KAL65U96VA",163.851,"LCD (LED)",122.82,"N/A","Available",4.5,"KOGAN",64.50826771653543,"65-inch"
176330,"Kogan","KAL65U96VB",163.851,"LCD (LED)",122.82,"N/A","Available",4.5,"KOGAN",64.50826771653543,"65-inch"
176330,"Kogan","KAL65U96VC",163.851,"LCD (LED)",122.82,"N/A","Available",4.5,"KOGAN",64.50826771653543,"65-inch"
176330,"Kogan","KAL65U96VA, KAL65U96VB, KAL65U96VC",163.851,"LCD (LED)",122.82,"N/A","Available",4.5,"KOGAN",64.50826771653543,"65-inch"
176375,"LG","OLED97G6PSA",245.145,"OLED",228,"N/A","Available",5.5,"LG",96.51377952755905,"Other"
176376,"LG","OLED97G66LW",245.145,"OLED",228,"N/A","Available",5.5,"LG",96.51377952755905,"Other"
176377,"LG","100MRGB96B6",252.784,"LCD (LED)",200,"N/A","Available",6,"LG",99.52125984251968,"Other"
176378,"LG","100MRGB96BS",252.784,"LCD (LED)",200,"N/A","Available",6,"LG",99.52125984251968,"Other"
176379,"LG","100QNED86BS",252.784,"LCD (LED)",230,"N/A","Available",6,"LG",99.52125984251968,"Other"
176380,"LG","100QNED87B6",252.784,"LCD (LED)",230,"N/A","Available",6,"LG",99.52125984251968,"Other"
176385,"SONY","K-65XR90M2",163.878,"LCD (LED)",151.4,"N/A","Available",4,"SONY",64.51889763779526,"65-inch"
176403,"Samsung","QA65S95HAW",163.897,"LCD (LED)",151,"N/A","Available",4,"SAMSUNG",64.52637795275591,"65-inch"
176403,"Samsung","QA65S95HAS",163.897,"LCD (LED)",151,"N/A","Available",4,"SAMSUNG",64.52637795275591,"65-inch"
176403,"Samsung","QA65S95HA*",163.897,"LCD (LED)",151,"N/A","Available",4,"SAMSUNG",64.52637795275591,"65-inch"
176404,"Samsung","QA75QN70HAW",189.338,"LCD (LED)",138,"N/A","Available",5.5,"SAMSUNG",74.54251968503937,"Other"
176404,"Samsung","QA75QN70HAS",189.338,"LCD (LED)",138,"N/A","Available",5.5,"SAMSUNG",74.54251968503937,"Other"
176404,"Samsung","QA75QN70HA*",189.338,"LCD (LED)",138,"N/A","Available",5.5,"SAMSUNG",74.54251968503937,"Other"
176406,"Samsung","QA77S85HAE",194.738,"LCD (LED)",137,"N/A","Available",6,"SAMSUNG",76.66850393700787,"Other"
176407,"Samsung","QA83S85HAE",209.585,"LCD (LED)",185,"N/A","Available",5,"SAMSUNG",82.51377952755905,"Other"
176408,"Samsung","QA83S95HAE",209.585,"LCD (LED)",247,"N/A","Available",4,"SAMSUNG",82.51377952755905,"Other"
176409,"Samsung","QA85LS03HWW",214.783,"LCD (LED)",219,"N/A","Available",4.5,"SAMSUNG",84.56023622047243,"Other"
176409,"Samsung","QA85LS03HWS",214.783,"LCD (LED)",219,"N/A","Available",4.5,"SAMSUNG",84.56023622047243,"Other"
176409,"Samsung","QA85LS03HW*",214.783,"LCD (LED)",219,"N/A","Available",4.5,"SAMSUNG",84.56023622047243,"Other"
176412,"Samsung","QA50QN80HAW",125.727,"LCD (LED)",99,"N/A","Available",3.5,"SAMSUNG",49.4988188976378,"Other"
176412,"Samsung","QA50QN80HAS",125.727,"LCD (LED)",99,"N/A","Available",3.5,"SAMSUNG",49.4988188976378,"Other"
176412,"Samsung","QA50QN80HA*",125.727,"LCD (LED)",99,"N/A","Available",3.5,"SAMSUNG",49.4988188976378,"Other"
176432,"Samsung","QA48S90HAE",120.721,"LCD (LED)",78,"N/A","Available",4.5,"SAMSUNG",47.52795275590551,"Other"
176435,"Samsung","MRA65R85HAS",163.897,"LCD (LED)",147,"N/A","Available",4,"SAMSUNG",64.52637795275591,"65-inch"
176435,"Samsung","MRA65R85HAW",163.897,"LCD (LED)",147,"N/A","Available",4,"SAMSUNG",64.52637795275591,"65-inch"
176435,"Samsung","MRA65R85HA*",163.897,"LCD (LED)",147,"N/A","Available",4,"SAMSUNG",64.52637795275591,"65-inch"
176436,"Samsung","MRA85R85HAW",214.783,"LCD (LED)",234,"N/A","Available",4.5,"SAMSUNG",84.56023622047243,"Other"
176436,"Samsung","MRA85R85HAS",214.783,"LCD (LED)",234,"N/A","Available",4.5,"SAMSUNG",84.56023622047243,"Other"
176436,"Samsung","MRA85R85HA*",214.783,"LCD (LED)",234,"N/A","Available",4.5,"SAMSUNG",84.56023622047243,"Other"
176437,"Samsung","QA65LS03HWW",163.897,"LCD (LED)",153,"N/A","Available",4,"SAMSUNG",64.52637795275591,"65-inch"
176437,"Samsung","QA65LS03HWS",163.897,"LCD (LED)",153,"N/A","Available",4,"SAMSUNG",64.52637795275591,"65-inch"
176437,"Samsung","QA65LS03HW*",163.897,"LCD (LED)",153,"N/A","Available",4,"SAMSUNG",64.52637795275591,"65-inch"
176439,"Kogan","KAL32R98VA",79.967,"LCD (LED)",38.1,"N/A","Available",4,"KOGAN",31.48307086614173,"32-inch"
176439,"Kogan","KAL32R98VB",79.967,"LCD (LED)",38.1,"N/A","Available",4,"KOGAN",31.48307086614173,"32-inch"
176439,"Kogan","KAL32R98VC",79.967,"LCD (LED)",38.1,"N/A","Available",4,"KOGAN",31.48307086614173,"32-inch"
176439,"Kogan","KAL32R98VA, KAL32R98VB,KAL32R98VC",79.967,"LCD (LED)",38.1,"N/A","Available",4,"KOGAN",31.48307086614173,"32-inch"
176452,"MYVI","UR-LED2406DVD",60.357,"LCD",22.1,"N/A","Available",5,"MYVI",23.76259842519685,"Other"
176458,"MYVI","UR-LED3206DVD",80.524,"LCD",42.9,"N/A","Available",4,"MYVI",31.70236220472441,"32-inch"
176477,"coocaa","75X66CH",189.338,"LCD (LED)",105.7,"N/A","Available",6,"COOCAA",74.54251968503937,"Other"
176478,"coocaa","65X66CH",163.897,"LCD (LED)",79.1,"N/A","Available",6,"COOCAA",64.52637795275591,"65-inch"
176579,"Samsung","MRA75R85HAW",189.338,"LCD (LED)",180,"N/A","Available",4.5,"SAMSUNG",74.54251968503937,"Other"
176579,"Samsung","MRA75R85HAS",189.338,"LCD (LED)",180,"N/A","Available",4.5,"SAMSUNG",74.54251968503937,"Other"
176579,"Samsung","MRA75R85HA*",189.338,"LCD (LED)",180,"N/A","Available",4.5,"SAMSUNG",74.54251968503937,"Other"
176585,"Samsung","QA55LS03HWW",138.783,"LCD (LED)",111,"N/A","Available",4,"SAMSUNG",54.63897637795275,"Other"
176585,"Samsung","QA55LS03HWS",138.783,"LCD (LED)",111,"N/A","Available",4,"SAMSUNG",54.63897637795275,"Other"
176585,"Samsung","QA55LS03HW*",138.783,"LCD (LED)",111,"N/A","Available",4,"SAMSUNG",54.63897637795275,"Other"
176594,"Samsung","QA42S90HAE",105.52,"LCD (LED)",66,"N/A","Available",4,"SAMSUNG",41.54330708661417,"Other"
176595,"Samsung","QA48S85HAE",120.712,"LCD (LED)",86,"N/A","Available",4,"SAMSUNG",47.5244094488189,"Other"
176599,"Samsung","QA55S95HAW",138.783,"LCD (LED)",105,"N/A","Available",4,"SAMSUNG",54.63897637795275,"Other"
176599,"Samsung","QA55S95HAS",138.783,"LCD (LED)",105,"N/A","Available",4,"SAMSUNG",54.63897637795275,"Other"
176599,"Samsung","QA55S95HA*",138.783,"LCD (LED)",105,"N/A","Available",4,"SAMSUNG",54.63897637795275,"Other"
176624,"Samsung","QA85QN70HAW",214.783,"LCD (LED)",196,"N/A","Available",5,"SAMSUNG",84.56023622047243,"Other"
176624,"Samsung","QA85QN70HAS",214.783,"LCD (LED)",196,"N/A","Available",5,"SAMSUNG",84.56023622047243,"Other"
176624,"Samsung","QA85QN70HA*",214.783,"LCD (LED)",196,"N/A","Available",5,"SAMSUNG",84.56023622047243,"Other"
176625,"Samsung","QA55LS03HEW",138.783,"LCD (LED)",110,"N/A","Available",4,"SAMSUNG",54.63897637795275,"Other"
176629,"Samsung","UA55M1EHAW",138.783,"LCD (LED)",84,"N/A","Available",5,"SAMSUNG",54.63897637795275,"Other"
176629,"Samsung","UA55M1EHAS",138.783,"LCD (LED)",84,"N/A","Available",5,"SAMSUNG",54.63897637795275,"Other"
176629,"Samsung","UA55M1EHA*",138.783,"LCD (LED)",84,"N/A","Available",5,"SAMSUNG",54.63897637795275,"Other"
176666,"Samsung","UA65M1EHAW",163.897,"LCD (LED)",111,"N/A","Available",5.5,"SAMSUNG",64.52637795275591,"65-inch"
176666,"Samsung","UA65M1EHAS",163.897,"LCD (LED)",111,"N/A","Available",5.5,"SAMSUNG",64.52637795275591,"65-inch"
176666,"Samsung","UA65M1EHA*",163.897,"LCD (LED)",111,"N/A","Available",5.5,"SAMSUNG",64.52637795275591,"65-inch"
176688,"Veon","VN43ID7023",107.95,"LCD",46.078,"8.0","Available",5.5,"VEON",42.5,"Other"
176697,"Samsung","UA75M1EHAW",189.338,"LCD (LED)",142,"N/A","Available",5.5,"SAMSUNG",74.54251968503937,"Other"
176697,"Samsung","UA75M1EHAS",189.338,"LCD (LED)",142,"N/A","Available",5.5,"SAMSUNG",74.54251968503937,"Other"
176697,"Samsung","UA75M1EHA*",189.338,"LCD (LED)",142,"N/A","Available",5.5,"SAMSUNG",74.54251968503937,"Other"
176699,"Samsung","UA85M1EHAW",214.783,"LCD (LED)",151,"N/A","Available",6,"SAMSUNG",84.56023622047243,"Other"
176717,"LG","50NU805BPSC",125.727,"LCD (LED)",75,"N/A","Available",5,"LG",49.4988188976378,"Other"
176718,"LG","43NU805BPSC",107.987,"LCD (LED)",58,"N/A","Available",5,"LG",42.514566929133856,"Other"
176722,"LG","32LB650B6LA",80.043,"LCD (LED)",29,"N/A","Available",5.5,"LG",31.512992125984255,"32-inch"
176749,"Kogan","KAQL85MQ9TA",214.783,"LCD (LED)",227.8,"N/A","Available",4.5,"KOGAN",84.56023622047243,"Other"
176749,"Kogan","KAQL85MQ9TB",214.783,"LCD (LED)",227.8,"N/A","Available",4.5,"KOGAN",84.56023622047243,"Other"
176749,"Kogan","KAQL85MQ9TC",214.783,"LCD (LED)",227.8,"N/A","Available",4.5,"KOGAN",84.56023622047243,"Other"
176749,"Kogan","KAQL85MQ9TD",214.783,"LCD (LED)",227.8,"N/A","Available",4.5,"KOGAN",84.56023622047243,"Other"
176749,"Kogan","KAQL85MQ9TE",214.783,"LCD (LED)",227.8,"N/A","Available",4.5,"KOGAN",84.56023622047243,"Other"
176749,"Kogan","KAQL85MQ9T*",214.783,"LCD (LED)",227.8,"N/A","Available",4.5,"KOGAN",84.56023622047243,"Other"
176754,"coocaa","43Q56CH",107.956,"LCD (LED)",37.6,"N/A","Available",6,"COOCAA",42.50236220472441,"Other"
176764,"AIWA","AWB757DW",189.34,"LCD",140.14,"N/A","Available",5.5,"AIWA",74.54330708661418,"Other"
176765,"AIWA","AWB243DH",59.824,"LCD",23.45,"N/A","Available",4,"AIWA",23.55275590551181,"Other"
176785,"LG","32LB655BPSA",80.043,"LCD (LED)",29,"N/A","Available",5.5,"LG",31.512992125984255,"32-inch"
176854,"Samsung","MRA55R85HAW",138.783,"LCD (LED)",112,"N/A","Available",4,"SAMSUNG",54.63897637795275,"Other"
176854,"Samsung","MRA55R85HAS",138.783,"LCD (LED)",112,"N/A","Available",4,"SAMSUNG",54.63897637795275,"Other"
176854,"Samsung","MRA55R85HA*",138.783,"LCD (LED)",112,"N/A","Available",4,"SAMSUNG",54.63897637795275,"Other"
176887,"TCL","55C7L",138.711,"LCD (LED)",96.7,"7.0","Available",4,"TCL",54.61062992125985,"Other"
176895,"FFALCON","FF65U65A",163.829,"LCD (LED)",56.2,"7.0","Available",6,"FFALCON",64.4996062992126,"65-inch"
176896,"TCL","75P7LS",189.306,"LCD (LED)",97.6,"7.0","Available",6,"TCL",74.52992125984252,"Other"
176899,"TCL","85C7L",214.783,"LCD (LED)",193.2,"7.0","Available",5,"TCL",84.56023622047243,"Other"
176902,"TCL","98C7L",247.604,"LCD (LED)",190.9,"7.0","Available",6,"TCL",97.48188976377953,"Other"
176904,"TCL","75C8L",189.306,"LCD (LED)",157.4,"7.0","Available",4.5,"TCL",74.52992125984252,"Other"
176908,"TCL","43P7LS",107.95,"LCD (LED)",57,"7.0","Available",4,"TCL",42.5,"Other"
176910,"TCL","50P7LS",125.638,"LCD (LED)",58.6,"7.0","Available",5.5,"TCL",49.463779527559055,"Other"
176912,"TCL","55P7LS",138.711,"LCD (LED)",54.8,"8.0","Available",6,"TCL",54.61062992125985,"Other"
176916,"TCL","85P7LS",214.783,"LCD (LED)",186.5,"7.0","Available",4.5,"TCL",84.56023622047243,"Other"
176918,"FFALCON","FF43U65A",107.95,"LCD (LED)",42.4,"7.0","Available",5.5,"FFALCON",42.5,"Other"
176920,"FFALCON","FF50U65A",125.638,"LCD (LED)",50,"7.0","Available",6,"FFALCON",49.463779527559055,"Other"
176921,"FFALCON","FF55U65A",138.711,"LCD (LED)",49.6,"8.0","Available",6,"FFALCON",54.61062992125985,"Other"
176925,"FFALCON","FF75U65A",189.306,"LCD (LED)",96.8,"7.0","Available",6,"FFALCON",74.52992125984252,"Other"
176927,"TCL","75X11L",189.306,"LCD (LED)",211.6,"7.0","Available",3.5,"TCL",74.52992125984252,"Other"
176238,"SONY","K-55XR30M2",138.783,"LCD (LED)",100.4,"N/A","Available",4.5,"SONY",54.63897637795275,"Other"
177059,"Samsung","QA75LS03HEW",189.338,"LCD (LED)",175,"N/A","Available",4.5,"SAMSUNG",74.54251968503937,"Other"
177068,"TCL","75C7L",189.306,"LCD (LED)",129.1,"7.0","Available",5,"TCL",74.52992125984252,"Other"
177069,"TCL","65C7L",163.829,"LCD (LED)",99.5,"7.0","Available",4.5,"TCL",64.4996062992126,"65-inch"
177119,"BAUHN","ATV55UHDW-0426",138.401,"LCD",71.6,"N/A","Available",6,"BAUHN",54.48858267716536,"Other"
177301,"Samsung","QA40Q5FAAW",100.333,"LCD (LED)",41,"N/A","Available",5.5,"SAMSUNG",39.5011811023622,"Other"
177301,"Samsung","QA40Q5FAAS",100.333,"LCD (LED)",41,"N/A","Available",5.5,"SAMSUNG",39.5011811023622,"Other"
177301,"Samsung","QA40Q5FAA*",100.333,"LCD (LED)",41,"N/A","Available",5.5,"SAMSUNG",39.5011811023622,"Other"
177302,"Samsung","QA43Q5FAAW",107.987,"LCD (LED)",48,"N/A","Available",5.5,"SAMSUNG",42.514566929133856,"Other"
177302,"Samsung","QA43Q5FAAS",107.987,"LCD (LED)",48,"N/A","Available",5.5,"SAMSUNG",42.514566929133856,"Other"
177302,"Samsung","QA43Q5FAA*",107.987,"LCD (LED)",48,"N/A","Available",5.5,"SAMSUNG",42.514566929133856,"Other"
177730,"HISENSE","40A4SAU",100.332,"LCD (LED)",28.17,"N/A","Available",7,"HISENSE",39.5007874015748,"Other"
177730,"HISENSE","40A4SNZ",100.332,"LCD (LED)",28.17,"N/A","Available",7,"HISENSE",39.5007874015748,"Other"
177731,"HISENSE","32A4SAU",80.039,"LCD (LED)",22.07,"N/A","Available",6,"HISENSE",31.511417322834646,"32-inch"
177731,"HISENSE","32A4SNZ",80.039,"LCD (LED)",22.07,"N/A","Available",6,"HISENSE",31.511417322834646,"32-inch"
177731,"HISENSE","32A4S",80.039,"LCD (LED)",22.07,"N/A","Available",6,"HISENSE",31.511417322834646,"32-inch"
177730,"HISENSE","40A4S",100.332,"LCD (LED)",28.17,"N/A","Available",7,"HISENSE",39.5007874015748,"Other"
177829,"AIWA","AWB657QW",163.896,"LCD (LED)",106.434,"N/A","Available",5.5,"AIWA",64.5259842519685,"65-inch"
177907,"BAUHN","ATV50UHDW-0326",125.727,"LCD",61.7,"N/A","Available",6,"BAUHN",49.4988188976378,"Other"
177908,"BAUHN","ATV70UHDW-0326",176.541,"LCD",108.3,"N/A","Available",6,"BAUHN",69.50433070866141,"Other"
178184,"HISENSE","40Q6SAU",100.332,"LCD (LED)",30.63,"N/A","Available",7,"HISENSE",39.5007874015748,"Other"
178184,"HISENSE","40Q6SNZ",100.332,"LCD (LED)",30.63,"N/A","Available",7,"HISENSE",39.5007874015748,"Other"
178185,"HISENSE","43Q6SAU",107.95,"LCD (LED)",49.62,"N/A","Available",5.5,"HISENSE",42.5,"Other"
178185,"HISENSE","43Q6SNZ",107.95,"LCD (LED)",49.62,"N/A","Available",5.5,"HISENSE",42.5,"Other"
178186,"HISENSE","50Q6SAU",125.731,"LCD (LED)",50.32,"N/A","Available",6,"HISENSE",49.5003937007874,"Other"
178187,"HISENSE","55Q6SAU",138.783,"LCD (LED)",52.49,"N/A","Available",7,"HISENSE",54.63897637795275,"Other"
178187,"HISENSE","55Q6SNZ",138.783,"LCD (LED)",52.49,"N/A","Available",7,"HISENSE",54.63897637795275,"Other"
178188,"HISENSE","65Q6SAU",163.896,"LCD (LED)",69.23,"N/A","Available",7,"HISENSE",64.5259842519685,"65-inch"
178188,"HISENSE","65Q6SNZ",163.896,"LCD (LED)",69.23,"N/A","Available",7,"HISENSE",64.5259842519685,"65-inch"
178189,"HISENSE","75Q6SAU",189.34,"LCD (LED)",102.05,"N/A","Available",7,"HISENSE",74.54330708661418,"Other"
178189,"HISENSE","75Q6SNZ",189.34,"LCD (LED)",102.05,"N/A","Available",7,"HISENSE",74.54330708661418,"Other"
178190,"HISENSE","85Q6SAU",214.783,"LCD (LED)",129.96,"N/A","Available",7,"HISENSE",84.56023622047243,"Other"
178190,"HISENSE","85Q6SNZ",214.783,"LCD (LED)",129.96,"N/A","Available",7,"HISENSE",84.56023622047243,"Other"
178184,"HISENSE","40Q6S",100.332,"LCD (LED)",30.63,"N/A","Available",7,"HISENSE",39.5007874015748,"Other"
178185,"HISENSE","43Q6S series",107.95,"LCD (LED)",49.62,"N/A","Available",5.5,"HISENSE",42.5,"Other"
178186,"HISENSE","50Q6SNZ",125.731,"LCD (LED)",50.32,"N/A","Available",6,"HISENSE",49.5003937007874,"Other"
178186,"HISENSE","50Q6S series",125.731,"LCD (LED)",50.32,"N/A","Available",6,"HISENSE",49.5003937007874,"Other"
178188,"HISENSE","65Q6S series",163.896,"LCD (LED)",69.23,"N/A","Available",7,"HISENSE",64.5259842519685,"65-inch"
178187,"HISENSE","55Q6S series",138.783,"LCD (LED)",52.49,"N/A","Available",7,"HISENSE",54.63897637795275,"Other"
178189,"HISENSE","75Q6S series",189.34,"LCD (LED)",102.05,"N/A","Available",7,"HISENSE",74.54330708661418,"Other"
178190,"HISENSE","85Q6S series",214.783,"LCD (LED)",129.96,"N/A","Available",7,"HISENSE",84.56023622047243,"Other"
178191,"HISENSE","55U7SAU",138.783,"LCD (LED)",87.25,"N/A","Available",5,"HISENSE",54.63897637795275,"Other"
178191,"HISENSE","55U7SNZ",138.783,"LCD (LED)",87.25,"N/A","Available",5,"HISENSE",54.63897637795275,"Other"
178192,"HISENSE","100U7SAU",252.784,"LCD (LED)",215.17,"N/A","Available",6,"HISENSE",99.52125984251968,"Other"
178192,"HISENSE","100U7SNZ",252.784,"LCD (LED)",215.17,"N/A","Available",6,"HISENSE",99.52125984251968,"Other"
178193,"HISENSE","85U7SAU",214.783,"LCD (LED)",174.17,"N/A","Available",5.5,"HISENSE",84.56023622047243,"Other"
178193,"HISENSE","85U7SNZ",214.783,"LCD (LED)",174.17,"N/A","Available",5.5,"HISENSE",84.56023622047243,"Other"
178194,"HISENSE","75U7SAU",189.34,"LCD (LED)",135.5,"N/A","Available",5.5,"HISENSE",74.54330708661418,"Other"
178194,"HISENSE","75U7SNZ",189.34,"LCD (LED)",135.5,"N/A","Available",5.5,"HISENSE",74.54330708661418,"Other"
178191,"HISENSE","55U7S series",138.783,"LCD (LED)",87.25,"N/A","Available",5,"HISENSE",54.63897637795275,"Other"
178194,"HISENSE","75U7S series",189.34,"LCD (LED)",135.5,"N/A","Available",5.5,"HISENSE",74.54330708661418,"Other"
178193,"HISENSE","85U7S series",214.783,"LCD (LED)",174.17,"N/A","Available",5.5,"HISENSE",84.56023622047243,"Other"
178192,"HISENSE","100U7S series",252.784,"LCD (LED)",215.17,"N/A","Available",6,"HISENSE",99.52125984251968,"Other"
178197,"HISENSE","55S7SAU",138.783,"LCD (LED)",79.6,"N/A","Available",5.5,"HISENSE",54.63897637795275,"Other"
178199,"HISENSE","65S7SAU",163.896,"LCD (LED)",88.52,"N/A","Available",6,"HISENSE",64.5259842519685,"65-inch"
178197,"HISENSE","55S7SNZ",138.783,"LCD (LED)",79.6,"N/A","Available",5.5,"HISENSE",54.63897637795275,"Other"
178197,"HISENSE","55S7S",138.783,"LCD (LED)",79.6,"N/A","Available",5.5,"HISENSE",54.63897637795275,"Other"
178199,"HISENSE","65S7SNZ",163.896,"LCD (LED)",88.52,"N/A","Available",6,"HISENSE",64.5259842519685,"65-inch"
178199,"HISENSE","65S7S",163.896,"LCD (LED)",88.52,"N/A","Available",6,"HISENSE",64.5259842519685,"65-inch"
178201,"HISENSE","65UR9SAU",163.896,"LCD (LED)",138.43,"N/A","Available",4.5,"HISENSE",64.5259842519685,"65-inch"
178201,"HISENSE","65UR9SNZ",163.896,"LCD (LED)",138.43,"N/A","Available",4.5,"HISENSE",64.5259842519685,"65-inch"
178202,"HISENSE","75UR9SAU",189.34,"LCD (LED)",135.5,"N/A","Available",5.5,"HISENSE",74.54330708661418,"Other"
178202,"HISENSE","75UR9SNZ",189.34,"LCD (LED)",135.5,"N/A","Available",5.5,"HISENSE",74.54330708661418,"Other"
178203,"HISENSE","85UR9SAU",214.783,"LCD (LED)",182.87,"N/A","Available",5.5,"HISENSE",84.56023622047243,"Other"
178203,"HISENSE","85UR9SNZ",214.783,"LCD (LED)",182.87,"N/A","Available",5.5,"HISENSE",84.56023622047243,"Other"
178204,"HISENSE","75U85AU",189.34,"LCD (LED)",141.6,"N/A","Available",5.5,"HISENSE",74.54330708661418,"Other"
178204,"HISENSE","75U85NZ",189.34,"LCD (LED)",141.6,"N/A","Available",5.5,"HISENSE",74.54330708661418,"Other"
178205,"HISENSE","85U85AU",214.783,"LCD (LED)",187.48,"N/A","Available",5,"HISENSE",84.56023622047243,"Other"
178205,"HISENSE","85U85NZ",214.783,"LCD (LED)",187.48,"N/A","Available",5,"HISENSE",84.56023622047243,"Other"
178204,"HISENSE","75U85 Series",189.34,"LCD (LED)",141.6,"N/A","Available",5.5,"HISENSE",74.54330708661418,"Other"
178205,"HISENSE","85U85",214.783,"LCD (LED)",187.48,"N/A","Available",5,"HISENSE",84.56023622047243,"Other"
178201,"HISENSE","65UR9S Series",163.896,"LCD (LED)",138.43,"N/A","Available",4.5,"HISENSE",64.5259842519685,"65-inch"
178202,"HISENSE","75UR9S Series",189.34,"LCD (LED)",135.5,"N/A","Available",5.5,"HISENSE",74.54330708661418,"Other"
178203,"HISENSE","85UR9S",214.783,"LCD (LED)",182.87,"N/A","Available",5.5,"HISENSE",84.56023622047243,"Other"
175073,"HISENSE","32Q6SAU",80.131,"LCD (LED)",24.82,"N/A","Available",6,"HISENSE",31.54763779527559,"32-inch"
175073,"HISENSE","32Q6SNZ",80.131,"LCD (LED)",24.82,"N/A","Available",6,"HISENSE",31.54763779527559,"32-inch"
175073,"HISENSE","32Q6",80.131,"LCD (LED)",24.82,"N/A","Available",6,"HISENSE",31.54763779527559,"32-inch"
175073,"HISENSE","32Q6QNZ",80.131,"LCD (LED)",24.82,"N/A","Available",6,"HISENSE",31.54763779527559,"32-inch"
175073,"HISENSE","32Q6QAU",80.131,"LCD (LED)",24.82,"N/A","Available",6,"HISENSE",31.54763779527559,"32-inch"
169505,"HISENSE","75S7QAU",189.34,"LCD (LED)",123.02,"N/A","Available",6,"HISENSE",74.54330708661418,"Other"
169505,"HISENSE","75S7QNZ",189.34,"LCD (LED)",123.02,"N/A","Available",6,"HISENSE",74.54330708661418,"Other"
169505,"HISENSE","75S7SAU",189.34,"LCD (LED)",123.02,"N/A","Available",6,"HISENSE",74.54330708661418,"Other"
169505,"HISENSE","75S7SNZ",189.34,"LCD (LED)",123.02,"N/A","Available",6,"HISENSE",74.54330708661418,"Other"
169505,"HISENSE","75S7 Series",189.34,"LCD (LED)",123.02,"N/A","Available",6,"HISENSE",74.54330708661418,"Other"
178250,"BAUHN","ATV40FHDW-0426",100.333,"LCD (LED)",40.5,"N/A","Available",6,"BAUHN",39.5011811023622,"Other"
